gender,SeniorCitizen,Partner,Dependents,PhoneService,MultipleLines,InternetService,OnlineSecurity,OnlineBackup,DeviceProtection,TechSupport,StreamingTV,StreamingMovies,Contract,PaperlessBilling,PaymentMethod,MonthlyCharges,TotalCharges,Churn,PhoneService_flag,MultipleLines_flag,OnlineSecurity_flag,OnlineBackup_flag,DeviceProtection_flag,TechSupport_flag,StreamingTV_flag,StreamingMovies_flag,ServiceCount,tenure group,ChurnProbability,RevenueAtRisk,RetentionSegment,RecommendedAction
Female,No,No,Yes,Yes,Yes,DSL,Yes,No,No,No,No,No,Month-to-month,No,Mailed check,57.65,992.7,No,1,1,1,0,0,0,0,0,3,Below 3 years,0.34267884,340.1772893607617,Low Risk,Offer technical support
Female,No,Yes,Yes,Yes,Yes,DSL,Yes,No,Yes,No,No,Yes,One year,Yes,Bank transfer (automatic),68.75,3808.0,No,1,1,1,0,1,0,0,1,5,Below 5 years,0.16989961,646.9777250289917,Low Risk,Offer technical support
Male,No,No,No,Yes,No,No,No internet service,No internet service,No internet service,No internet service,No internet service,No internet service,One year,No,Mailed check,19.8,304.6,No,1,0,0,0,0,0,0,0,1,Below 3 years,0.103156835,31.421571892499927,Low Risk,Standard engagement
Male,No,Yes,Yes,Yes,Yes,DSL,No,Yes,Yes,No,Yes,Yes,One year,No,Credit card (automatic),78.95,2862.55,No,1,1,0,1,1,0,1,1,6,Below 5 years,0.28025642,802.248016141355,Low Risk,Promote security service
Female,No,Yes,No,Yes,Yes,DSL,Yes,Yes,Yes,Yes,Yes,Yes,Two year,No,Credit card (automatic),89.3,6388.65,No,1,1,1,1,1,1,1,1,8,oldest Customers,0.06368348,406.85146465748545,Low Risk,Standard engagement
Female,No,No,No,Yes,No,No,No internet service,No internet service,No internet service,No internet service,No internet service,No internet service,One year,Yes,Electronic check,19.8,695.05,No,1,0,0,0,0,0,0,0,1,Below 5 years,0.12368407,85.96661355160177,Low Risk,Standard engagement
Female,No,Yes,Yes,No,No phone service,DSL,Yes,No,Yes,Yes,Yes,Yes,One year,No,Mailed check,61.25,1993.2,No,0,0,1,0,1,1,1,1,5,Below 3 years,0.16802366,334.9047606647015,Low Risk,Standard engagement
Male,No,Yes,Yes,Yes,No,No,No internet service,No internet service,No internet service,No internet service,No internet service,No internet service,One year,Yes,Mailed check,19.2,776.25,No,1,0,0,0,0,0,0,0,1,Below 5 years,0.09531415,73.98761090822518,Low Risk,Standard engagement
Male,No,No,No,Yes,No,No,No internet service,No internet service,No internet service,No internet service,No internet service,No internet service,Month-to-month,No,Electronic check,19.95,19.95,Yes,1,0,0,0,0,0,0,0,1,Below 1 year,0.57559985,11.483216992020607,Medium Risk,Promote long-term contract
Male,Yes,No,No,Yes,No,Fiber optic,No,No,No,No,No,Yes,Month-to-month,Yes,Electronic check,79.4,1156.1,Yes,1,0,0,0,0,0,0,1,2,Below 3 years,0.83281714,962.8198923647403,High Risk - High Value,Priority retention offer
Female,No,Yes,Yes,Yes,Yes,Fiber optic,Yes,Yes,Yes,Yes,No,Yes,Two year,No,Credit card (automatic),107.45,7658.3,No,1,1,1,1,1,1,0,1,7,oldest Customers,0.095814675,733.7775262624026,Low Risk,Standard engagement
Female,No,No,No,Yes,No,Fiber optic,No,Yes,Yes,No,No,Yes,Month-to-month,Yes,Credit card (automatic),93.2,1573.7,Yes,1,0,0,1,1,0,0,1,4,Below 3 years,0.7075962,1113.5441129088401,High Risk - High Value,Priority retention offer
Female,No,No,No,No,No phone service,DSL,No,No,Yes,No,Yes,Yes,One year,Yes,Electronic check,49.05,2265.0,No,0,0,0,0,1,0,1,1,3,Below 5 years,0.3488263,790.0915449857712,Low Risk,Promote security service
Male,No,Yes,Yes,Yes,Yes,Fiber optic,No,No,No,No,No,No,Month-to-month,No,Bank transfer (automatic),74.35,4453.3,No,1,1,0,0,0,0,0,0,2,oldest Customers,0.36813155,1639.4002234488726,Low Risk,Promote security service
Male,No,No,No,Yes,No,Fiber optic,Yes,No,Yes,Yes,Yes,Yes,Two year,Yes,Bank transfer (automatic),105.65,6844.5,No,1,0,1,0,1,1,1,1,6,oldest Customers,0.2957057,2023.9577039033175,Low Risk,Standard engagement
Male,No,Yes,Yes,Yes,No,Fiber optic,No,No,No,No,Yes,No,Month-to-month,Yes,Bank transfer (automatic),79.5,868.5,Yes,1,0,0,0,0,0,1,0,2,Below 1 year,0.6842014,594.2289327085018,Medium Risk,Promote security service
Male,No,Yes,No,Yes,Yes,DSL,Yes,No,No,Yes,Yes,Yes,Two year,Yes,Credit card (automatic),76.95,5289.8,No,1,1,1,0,0,1,1,1,6,oldest Customers,0.07791413,412.15018427670003,Low Risk,Standard engagement
Female,No,No,No,Yes,No,Fiber optic,No,No,No,No,No,No,Month-to-month,Yes,Credit card (automatic),70.0,2416.1,Yes,1,0,0,0,0,0,0,0,1,Below 3 years,0.52542126,1269.4703106045722,Medium Risk,Promote security service
Male,Yes,No,No,Yes,Yes,Fiber optic,No,Yes,No,Yes,Yes,Yes,One year,No,Bank transfer (automatic),105.75,7382.85,No,1,1,0,1,0,1,1,1,6,oldest Customers,0.44169608,3260.975886400044,Medium Risk,Promote security service
Female,No,No,No,Yes,No,Fiber optic,No,No,No,No,Yes,No,Month-to-month,Yes,Bank transfer (automatic),77.65,714.15,Yes,1,0,0,0,0,0,1,0,2,Below 1 year,0.73289806,523.399147054553,High Risk - High Value,Priority retention offer
Female,Yes,No,No,No,No phone service,DSL,No,No,No,No,No,No,Month-to-month,No,Electronic check,25.25,25.25,Yes,0,0,0,0,0,0,0,0,0,Below 1 year,0.8305371,20.971061289310455,High Risk - New Customer,Onboarding intervention
Male,Yes,Yes,No,Yes,Yes,Fiber optic,No,Yes,Yes,No,Yes,Yes,Month-to-month,Yes,Electronic check,103.0,4414.3,Yes,1,1,0,1,1,0,1,1,6,Below 5 years,0.80055934,3533.909102982283,High Risk - High Value,Priority retention offer
Male,No,Yes,Yes,Yes,Yes,No,No internet service,No internet service,No internet service,No internet service,No internet service,No internet service,Two year,Yes,Bank transfer (automatic),25.4,313.0,No,1,1,0,0,0,0,0,0,2,Below 3 years,0.06928197,21.68525753170252,Low Risk,Standard engagement
Male,Yes,No,No,Yes,Yes,Fiber optic,No,No,No,No,Yes,Yes,Month-to-month,Yes,Electronic check,95.45,1752.55,Yes,1,1,0,0,0,0,1,1,4,Below 3 years,0.8392352,1470.8016262352467,High Risk - High Value,Priority retention offer
Male,Yes,Yes,No,Yes,Yes,Fiber optic,No,Yes,No,Yes,Yes,Yes,Month-to-month,No,Electronic check,107.05,2172.05,No,1,1,0,1,0,1,1,1,6,Below 3 years,0.6621423,1438.2061322450638,Medium Risk,Promote security service
Male,No,No,No,Yes,Yes,Fiber optic,No,Yes,Yes,No,Yes,Yes,Month-to-month,Yes,Bank transfer (automatic),105.35,323.25,Yes,1,1,0,1,1,0,1,1,6,Below 1 year,0.84964406,274.64744397997856,High Risk - High Value,Priority retention offer
Female,No,No,No,Yes,Yes,No,No internet service,No internet service,No internet service,No internet service,No internet service,No internet service,Month-to-month,Yes,Mailed check,24.5,270.15,No,1,1,0,0,0,0,0,0,2,Below 1 year,0.2997276,80.97140813916921,Low Risk,Promote long-term contract
Female,No,Yes,No,Yes,Yes,DSL,No,No,No,No,No,No,Month-to-month,Yes,Credit card (automatic),52.15,2583.75,No,1,1,0,0,0,0,0,0,2,Below 5 years,0.37429774,967.0917807519436,Low Risk,Promote security service
Female,No,No,No,No,No phone service,DSL,Yes,No,Yes,Yes,Yes,Yes,Month-to-month,No,Mailed check,58.5,539.85,Yes,0,0,1,0,1,1,1,1,5,Below 1 year,0.43301988,233.76578031778337,Medium Risk,Promote long-term contract
Male,No,No,No,No,No phone service,DSL,No,No,No,Yes,No,No,One year,No,Credit card (automatic),29.45,1983.15,No,0,0,0,0,0,1,0,0,1,oldest Customers,0.15478584,306.9635419741273,Low Risk,Promote security service
Female,No,No,No,Yes,No,Fiber optic,No,No,Yes,No,No,No,Month-to-month,No,Electronic check,75.3,75.3,Yes,1,0,0,0,1,0,0,0,2,Below 1 year,0.88644844,66.74956775307655,High Risk - High Value,Priority retention offer
Female,No,No,No,Yes,No,Fiber optic,No,No,No,No,No,No,Month-to-month,Yes,Electronic check,69.2,69.2,Yes,1,0,0,0,0,0,0,0,1,Below 1 year,0.90427995,62.57617235183716,High Risk - New Customer,Onboarding intervention
Female,No,No,No,Yes,No,DSL,Yes,No,No,No,No,No,Month-to-month,Yes,Electronic check,49.85,365.55,Yes,1,0,1,0,0,0,0,0,2,Below 1 year,0.60937685,222.75770669281482,Medium Risk,Offer technical support
Female,No,Yes,Yes,Yes,Yes,No,No internet service,No internet service,No internet service,No internet service,No internet service,No internet service,Two year,No,Mailed check,24.05,1764.75,No,1,1,0,0,0,0,0,0,2,oldest Customers,0.046218168,81.56351196113974,Low Risk,Standard engagement
Female,No,Yes,No,Yes,No,No,No internet service,No internet service,No internet service,No internet service,No internet service,No internet service,Two year,Yes,Bank transfer (automatic),20.15,973.35,No,1,0,0,0,0,0,0,0,1,Below 5 years,0.049603272,48.28134502451867,Low Risk,Standard engagement
Male,No,Yes,Yes,Yes,Yes,Fiber optic,No,No,No,No,No,No,Month-to-month,Yes,Credit card (automatic),74.4,896.75,Yes,1,1,0,0,0,0,0,0,2,Below 3 years,0.6499803,582.8698399662971,Medium Risk,Promote security service
Female,No,No,No,Yes,No,Fiber optic,No,Yes,No,Yes,Yes,Yes,Month-to-month,Yes,Electronic check,97.9,315.3,Yes,1,0,0,1,0,1,1,1,5,Below 1 year,0.84896433,267.67845436334613,High Risk - High Value,Priority retention offer
Male,No,Yes,Yes,Yes,No,Fiber optic,Yes,Yes,No,No,Yes,No,Month-to-month,No,Electronic check,89.85,248.4,No,1,0,1,1,0,0,1,0,4,Below 1 year,0.67827976,168.4846917629242,Medium Risk,Offer technical support
Female,No,No,No,Yes,No,No,No internet service,No internet service,No internet service,No internet service,No internet service,No internet service,One year,Yes,Mailed check,19.8,198.25,No,1,0,0,0,0,0,0,0,1,Below 1 year,0.113232076,22.448259100317955,Low Risk,Standard engagement
Female,Yes,No,No,Yes,Yes,Fiber optic,No,No,Yes,Yes,Yes,Yes,Month-to-month,Yes,Electronic check,103.3,2890.65,Yes,1,1,0,0,1,1,1,1,6,Below 3 years,0.7522267,2174.4241401851177,High Risk - High Value,Priority retention offer
Male,No,No,No,Yes,Yes,Fiber optic,Yes,Yes,Yes,Yes,Yes,No,One year,No,Credit card (automatic),104.5,6590.8,No,1,1,1,1,1,1,1,0,7,oldest Customers,0.33215073,2189.1390148758887,Low Risk,Standard engagement
Male,Yes,Yes,No,Yes,Yes,Fiber optic,No,Yes,Yes,Yes,Yes,Yes,Two year,Yes,Bank transfer (automatic),108.4,7318.2,Yes,1,1,0,1,1,1,1,1,7,oldest Customers,0.41793364,3058.521985208988,Medium Risk,Promote security service
Female,No,Yes,No,Yes,Yes,Fiber optic,Yes,Yes,No,Yes,No,No,One year,No,Electronic check,89.0,5898.6,No,1,1,1,1,0,1,0,0,5,oldest Customers,0.22176367,1308.09518648386,Low Risk,Standard engagement
Male,No,Yes,No,Yes,No,No,No internet service,No internet service,No internet service,No internet service,No internet service,No internet service,Month-to-month,Yes,Credit card (automatic),19.45,340.85,No,1,0,0,0,0,0,0,0,1,Below 3 years,0.28598866,97.47923430651427,Low Risk,Promote long-term contract
Male,Yes,No,No,Yes,Yes,Fiber optic,No,No,Yes,No,Yes,Yes,Month-to-month,Yes,Electronic check,100.6,819.4,Yes,1,1,0,0,1,0,1,1,5,Below 1 year,0.8892113,728.619736790657,High Risk - High Value,Priority retention offer
Female,Yes,No,No,Yes,No,Fiber optic,No,Yes,No,No,Yes,No,Month-to-month,Yes,Electronic check,84.7,392.5,No,1,0,0,1,0,0,1,0,3,Below 1 year,0.8655497,339.72825080156326,High Risk - High Value,Priority retention offer
Female,No,No,No,Yes,No,No,No internet service,No internet service,No internet service,No internet service,No internet service,No internet service,Month-to-month,No,Bank transfer (automatic),19.9,19.9,No,1,0,0,0,0,0,0,0,1,Below 1 year,0.55855143,11.115173470973968,Medium Risk,Promote long-term contract
Male,No,No,No,Yes,Yes,No,No internet service,No internet service,No internet service,No internet service,No internet service,No internet service,Month-to-month,Yes,Electronic check,24.0,226.55,No,1,1,0,0,0,0,0,0,2,Below 1 year,0.36350504,82.35206582397223,Low Risk,Promote long-term contract
Female,No,Yes,Yes,Yes,No,No,No internet service,No internet service,No internet service,No internet service,No internet service,No internet service,Two year,No,Mailed check,19.4,1346.2,No,1,0,0,0,0,0,0,0,1,oldest Customers,0.048349705,65.08837232366204,Low Risk,Standard engagement
Female,Yes,No,No,Yes,Yes,Fiber optic,No,No,No,No,No,No,Month-to-month,Yes,Mailed check,75.45,158.4,Yes,1,1,0,0,0,0,0,0,2,Below 1 year,0.8353476,132.31905870437623,High Risk - High Value,Priority retention offer
Female,Yes,No,No,Yes,Yes,Fiber optic,No,No,No,No,No,No,Month-to-month,Yes,Electronic check,74.45,294.45,No,1,1,0,0,0,0,0,0,2,Below 1 year,0.8723183,256.85413151085373,High Risk - New Customer,Onboarding intervention
Female,No,Yes,Yes,Yes,No,No,No internet service,No internet service,No internet service,No internet service,No internet service,No internet service,Two year,No,Bank transfer (automatic),19.75,1272.05,No,1,0,0,0,0,0,0,0,1,Below 5 years,0.046981324,59.762592571415006,Low Risk,Standard engagement
Female,No,Yes,Yes,Yes,No,Fiber optic,No,No,Yes,No,Yes,Yes,Month-to-month,Yes,Bank transfer (automatic),94.9,3848.0,No,1,0,0,0,1,0,1,1,4,Below 5 years,0.54113847,2082.3008332252502,Medium Risk,Promote security service
Male,No,No,No,No,No phone service,DSL,Yes,No,Yes,No,No,No,One year,No,Mailed check,35.3,264.8,No,0,0,1,0,1,0,0,0,2,Below 1 year,0.16619033,44.007198381423954,Low Risk,Offer technical support
Female,No,Yes,Yes,Yes,Yes,No,No internet service,No internet service,No internet service,No internet service,No internet service,No internet service,Two year,Yes,Mailed check,24.45,1385.85,No,1,1,0,0,0,0,0,0,2,Below 5 years,0.05181697,71.81054802685975,Low Risk,Standard engagement
Female,No,Yes,Yes,Yes,Yes,Fiber optic,No,Yes,Yes,No,No,Yes,Month-to-month,Yes,Electronic check,95.15,3532.85,No,1,1,0,1,1,0,0,1,5,Below 5 years,0.655038,2314.150995308161,Medium Risk,Promote security service
Female,No,No,No,Yes,No,DSL,No,No,No,No,No,No,Month-to-month,Yes,Mailed check,45.4,45.4,Yes,1,0,0,0,0,0,0,0,1,Below 1 year,0.8148939,36.996183121204375,High Risk - New Customer,Onboarding intervention
Male,No,Yes,Yes,Yes,No,No,No internet service,No internet service,No internet service,No internet service,No internet service,No internet service,Month-to-month,No,Bank transfer (automatic),20.95,267.35,No,1,0,0,0,0,0,0,0,1,Below 1 year,0.26305264,70.32712393105031,Low Risk,Promote long-term contract
Female,No,Yes,Yes,Yes,Yes,DSL,Yes,Yes,No,Yes,No,No,Two year,No,Credit card (automatic),66.75,4760.3,No,1,1,1,1,0,1,0,0,5,oldest Customers,0.061765224,294.0209945768118,Low Risk,Standard engagement
Male,No,No,No,Yes,Yes,Fiber optic,No,Yes,No,No,Yes,Yes,Month-to-month,Yes,Bank transfer (automatic),99.65,2404.85,No,1,1,0,1,0,0,1,1,5,Below 3 years,0.74707067,1796.5929010570048,High Risk - High Value,Priority retention offer
Male,No,No,No,Yes,No,DSL,No,No,Yes,No,Yes,Yes,One year,Yes,Mailed check,70.0,347.4,Yes,1,0,0,0,1,0,1,1,4,Below 1 year,0.44844276,155.78901382684705,Medium Risk,Promote security service
Male,No,Yes,No,Yes,Yes,Fiber optic,Yes,Yes,No,No,Yes,No,Month-to-month,Yes,Electronic check,96.75,5238.9,Yes,1,1,1,1,0,0,1,0,5,Below 5 years,0.5713706,2993.3534450054167,Medium Risk,Offer technical support
Female,No,No,No,Yes,No,Fiber optic,No,No,No,No,No,No,Month-to-month,No,Electronic check,69.05,651.5,No,1,0,0,0,0,0,0,0,1,Below 1 year,0.77180797,502.83289155364037,High Risk - New Customer,Onboarding intervention
Female,No,Yes,No,Yes,No,Fiber optic,No,Yes,No,No,No,Yes,Month-to-month,No,Bank transfer (automatic),84.15,2585.95,Yes,1,0,0,1,0,0,0,1,3,Below 3 years,0.5585633,1444.4167450159787,Medium Risk,Promote security service
Female,No,No,No,Yes,Yes,No,No internet service,No internet service,No internet service,No internet service,No internet service,No internet service,One year,Yes,Mailed check,24.85,962.25,No,1,1,0,0,0,0,0,0,2,Below 5 years,0.10608576,102.08102485165,Low Risk,Standard engagement
Male,No,No,No,Yes,No,DSL,No,No,No,Yes,No,No,Month-to-month,Yes,Electronic check,49.2,216.9,Yes,1,0,0,0,0,1,0,0,2,Below 1 year,0.6614228,143.46260295510294,Medium Risk,Promote security service
Female,Yes,No,No,Yes,No,Fiber optic,No,Yes,No,No,Yes,Yes,Month-to-month,Yes,Electronic check,95.0,1120.3,Yes,1,0,0,1,0,0,1,1,4,Below 1 year,0.8582387,961.4848123073577,High Risk - High Value,Priority retention offer
Female,No,Yes,No,Yes,No,No,No internet service,No internet service,No internet service,No internet service,No internet service,No internet service,One year,Yes,Bank transfer (automatic),19.85,943.1,No,1,0,0,0,0,0,0,0,1,Below 5 years,0.09705944,91.53676125258208,Low Risk,Standard engagement
Male,Yes,No,No,Yes,Yes,DSL,No,No,Yes,Yes,Yes,No,Two year,Yes,Credit card (automatic),69.1,2093.9,No,1,1,0,0,1,1,1,0,5,Below 3 years,0.1348999,282.4668992772699,Low Risk,Promote security service
Female,No,Yes,Yes,Yes,Yes,Fiber optic,No,Yes,Yes,Yes,Yes,Yes,Month-to-month,Yes,Electronic check,107.5,3242.5,No,1,1,0,1,1,1,1,1,7,Below 3 years,0.6614537,2144.7636997699738,Medium Risk,Promote security service
Female,No,No,No,Yes,Yes,DSL,No,No,Yes,No,No,No,Month-to-month,Yes,Mailed check,56.1,1033.9,No,1,1,0,0,1,0,0,0,3,Below 3 years,0.41333082,427.34273808896546,Medium Risk,Promote security service
Male,No,Yes,No,Yes,No,Fiber optic,No,No,Yes,No,No,No,Month-to-month,No,Credit card (automatic),75.35,75.35,No,1,0,0,0,1,0,0,0,2,Below 1 year,0.823055,62.01719642877578,High Risk - High Value,Priority retention offer
Male,No,No,No,Yes,No,Fiber optic,No,No,No,No,No,No,Month-to-month,Yes,Electronic check,69.75,324.6,Yes,1,0,0,0,0,0,0,0,1,Below 1 year,0.8205207,266.3410189032555,High Risk - New Customer,Onboarding intervention
Male,No,No,No,Yes,No,Fiber optic,Yes,Yes,No,Yes,Yes,Yes,One year,Yes,Credit card (automatic),105.4,5643.4,Yes,1,0,1,1,0,1,1,1,6,Below 5 years,0.4401977,2484.211735296249,Medium Risk,Standard engagement
Female,Yes,Yes,No,Yes,No,Fiber optic,No,No,No,Yes,Yes,No,Month-to-month,Yes,Mailed check,83.9,267.4,Yes,1,0,0,0,0,1,1,0,3,Below 1 year,0.79043436,211.3621479988098,High Risk - High Value,Priority retention offer
Female,No,Yes,Yes,No,No phone service,DSL,Yes,Yes,Yes,Yes,No,Yes,Two year,No,Credit card (automatic),55.65,3880.05,No,0,0,1,1,1,1,0,1,5,oldest Customers,0.05094007,197.65001977253706,Low Risk,Standard engagement
Male,No,Yes,No,Yes,No,No,No internet service,No internet service,No internet service,No internet service,No internet service,No internet service,Two year,No,Bank transfer (automatic),20.4,743.5,No,1,0,0,0,0,0,0,0,1,Below 5 years,0.053469595,39.75464356131852,Low Risk,Standard engagement
Male,No,No,Yes,Yes,No,DSL,Yes,Yes,No,No,No,No,One year,No,Mailed check,56.2,1567.55,No,1,0,1,1,0,0,0,0,3,Below 3 years,0.1294956,202.99083691313862,Low Risk,Offer technical support
Male,No,Yes,No,No,No phone service,DSL,No,No,No,No,Yes,Yes,Month-to-month,No,Electronic check,46.35,667.7,Yes,0,0,0,0,0,0,1,1,2,Below 3 years,0.716098,478.13864163756375,High Risk - General,Promote security service
Male,Yes,No,No,Yes,No,DSL,No,No,No,No,No,No,Month-to-month,Yes,Electronic check,44.15,92.65,Yes,1,0,0,0,0,0,0,0,1,Below 1 year,0.83950543,77.78017846345902,High Risk - New Customer,Onboarding intervention
Female,No,Yes,No,Yes,Yes,No,No internet service,No internet service,No internet service,No internet service,No internet service,No internet service,Two year,No,Bank transfer (automatic),24.75,1836.9,No,1,1,0,0,0,0,0,0,2,oldest Customers,0.047308125,86.90029408112169,Low Risk,Standard engagement
Female,No,Yes,No,Yes,No,Fiber optic,No,No,No,No,No,No,Month-to-month,Yes,Electronic check,70.7,141.45,Yes,1,0,0,0,0,0,0,0,1,Below 1 year,0.8863596,125.37556151747702,High Risk - New Customer,Onboarding intervention
Female,No,Yes,No,Yes,Yes,DSL,Yes,No,Yes,No,Yes,Yes,One year,No,Electronic check,78.85,876.75,No,1,1,1,0,1,0,1,1,6,Below 3 years,0.28147882,246.7865573912859,Low Risk,Offer technical support
Female,No,Yes,No,Yes,No,DSL,Yes,Yes,No,No,Yes,No,Month-to-month,Yes,Credit card (automatic),65.25,3791.6,No,1,0,1,1,0,0,1,0,4,Below 5 years,0.27076468,1026.6313558220863,Low Risk,Offer technical support
Male,No,Yes,Yes,Yes,Yes,No,No internet service,No internet service,No internet service,No internet service,No internet service,No internet service,Two year,No,Credit card (automatic),24.75,1859.1,No,1,1,0,0,0,0,0,0,2,oldest Customers,0.04643309,86.3237597823143,Low Risk,Standard engagement
Female,Yes,No,No,Yes,Yes,Fiber optic,No,No,No,Yes,Yes,Yes,Month-to-month,Yes,Electronic check,99.55,3734.25,Yes,1,1,0,0,0,1,1,1,5,Below 5 years,0.7485482,2795.2661519497633,High Risk - High Value,Priority retention offer
Male,No,Yes,Yes,Yes,No,DSL,Yes,Yes,Yes,Yes,Yes,No,One year,No,Electronic check,74.05,2802.3,No,1,0,1,1,1,1,1,0,6,Below 5 years,0.21441075,600.8432504922152,Low Risk,Standard engagement
Male,No,No,No,Yes,No,Fiber optic,No,No,No,No,No,No,Month-to-month,Yes,Electronic check,69.6,69.6,Yes,1,0,0,0,0,0,0,0,1,Below 1 year,0.903495,62.88325295448303,High Risk - New Customer,Onboarding intervention
Male,No,Yes,No,Yes,No,Fiber optic,No,No,No,No,No,No,Month-to-month,Yes,Electronic check,70.1,659.65,Yes,1,0,0,0,0,0,0,0,1,Below 1 year,0.79536045,524.6595181882382,High Risk - New Customer,Onboarding intervention
Female,No,No,Yes,Yes,Yes,Fiber optic,No,Yes,No,No,Yes,No,Month-to-month,No,Mailed check,89.6,365.65,Yes,1,1,0,1,0,0,1,0,4,Below 1 year,0.7590725,277.5548532575369,High Risk - High Value,Priority retention offer
Male,Yes,No,No,Yes,Yes,Fiber optic,No,No,Yes,Yes,Yes,Yes,One year,No,Electronic check,102.1,6688.1,No,1,1,0,0,1,1,1,1,6,oldest Customers,0.47615796,3184.59207418561,Medium Risk,Promote security service
Female,No,Yes,No,Yes,No,DSL,Yes,Yes,Yes,Yes,Yes,Yes,Two year,Yes,Credit card (automatic),84.4,5969.3,No,1,0,1,1,1,1,1,1,7,oldest Customers,0.056382615,336.564744431153,Low Risk,Standard engagement
Male,No,No,No,Yes,No,No,No internet service,No internet service,No internet service,No internet service,No internet service,No internet service,One year,No,Mailed check,20.5,1328.15,No,1,0,0,0,0,0,0,0,1,oldest Customers,0.078897394,104.7875741597265,Low Risk,Standard engagement
Male,No,No,Yes,Yes,No,Fiber optic,No,No,No,No,No,No,Month-to-month,No,Bank transfer (automatic),69.75,69.75,Yes,1,0,0,0,0,0,0,0,1,Below 1 year,0.83285993,58.09198035299778,High Risk - New Customer,Onboarding intervention
Female,No,No,No,Yes,No,No,No internet service,No internet service,No internet service,No internet service,No internet service,No internet service,Two year,No,Mailed check,19.4,358.05,No,1,0,0,0,0,0,0,0,1,Below 3 years,0.061218582,21.919313318654897,Low Risk,Standard engagement
Male,Yes,Yes,No,Yes,Yes,No,No internet service,No internet service,No internet service,No internet service,No internet service,No internet service,Two year,No,Bank transfer (automatic),25.0,1501.75,No,1,1,0,0,0,0,0,0,2,oldest Customers,0.063741684,95.72407388687134,Low Risk,Standard engagement
Male,Yes,Yes,Yes,Yes,Yes,Fiber optic,Yes,No,Yes,No,Yes,Yes,One year,Yes,Bank transfer (automatic),104.55,5794.65,Yes,1,1,1,0,1,0,1,1,6,Below 5 years,0.5039177,2920.0266660690304,Medium Risk,Offer technical support
Male,No,No,No,Yes,No,No,No internet service,No internet service,No internet service,No internet service,No internet service,No internet service,Month-to-month,No,Mailed check,20.0,417.7,No,1,0,0,0,0,0,0,0,1,Below 3 years,0.19444163,81.21826945096254,Low Risk,Promote long-term contract
Male,No,No,No,Yes,No,No,No internet service,No internet service,No internet service,No internet service,No internet service,No internet service,Month-to-month,No,Bank transfer (automatic),20.25,327.45,Yes,1,0,0,0,0,0,0,0,1,Below 3 years,0.29182673,95.5586611032486,Low Risk,Promote long-term contract
Male,No,No,No,Yes,Yes,DSL,Yes,No,No,Yes,No,Yes,One year,Yes,Bank transfer (automatic),70.95,3629.2,No,1,1,1,0,0,1,0,1,5,Below 5 years,0.19192684,696.5408767223357,Low Risk,Standard engagement
Male,Yes,No,No,Yes,Yes,Fiber optic,No,No,No,No,Yes,Yes,Month-to-month,Yes,Electronic check,94.85,335.75,No,1,1,0,0,0,0,1,1,4,Below 1 year,0.901391,302.64203810691833,High Risk - High Value,Priority retention offer
Female,No,No,No,Yes,No,Fiber optic,Yes,No,Yes,Yes,Yes,Yes,Month-to-month,No,Electronic check,105.1,1582.75,Yes,1,0,1,0,1,1,1,1,6,Below 3 years,0.7628643,1207.4234576374292,High Risk - High Value,Priority retention offer
Male,No,No,No,Yes,Yes,Fiber optic,No,Yes,Yes,No,Yes,Yes,Month-to-month,No,Electronic check,105.3,550.6,No,1,1,0,1,1,0,1,1,6,Below 1 year,0.8047812,443.11252789497377,High Risk - High Value,Priority retention offer
Male,No,No,No,Yes,Yes,Fiber optic,Yes,No,No,Yes,Yes,Yes,Two year,Yes,Credit card (automatic),104.0,7250.15,Yes,1,1,1,0,0,1,1,1,6,oldest Customers,0.22098224,1602.1543775506316,Low Risk,Standard engagement
Male,No,Yes,Yes,Yes,Yes,DSL,Yes,Yes,No,Yes,No,Yes,One year,Yes,Bank transfer (automatic),75.25,2344.5,No,1,1,1,1,0,1,0,1,6,Below 3 years,0.23789592,557.7469864860177,Low Risk,Standard engagement
Male,No,Yes,Yes,Yes,No,DSL,Yes,No,Yes,Yes,No,No,One year,Yes,Mailed check,58.75,2203.1,No,1,0,1,0,1,1,0,0,4,Below 5 years,0.1283822,282.83883795738217,Low Risk,Standard engagement
Male,Yes,No,No,Yes,Yes,Fiber optic,Yes,Yes,Yes,Yes,Yes,Yes,Two year,No,Bank transfer (automatic),113.8,7845.8,No,1,1,1,1,1,1,1,1,8,oldest Customers,0.14514367,1138.7682282418014,Low Risk,Standard engagement
Female,No,No,No,Yes,No,No,No internet service,No internet service,No internet service,No internet service,No internet service,No internet service,Month-to-month,No,Mailed check,19.85,19.85,No,1,0,0,0,0,0,0,0,1,Below 1 year,0.5357675,10.634984788298608,Medium Risk,Promote long-term contract
Female,No,No,No,Yes,No,Fiber optic,Yes,No,No,No,No,No,Month-to-month,Yes,Electronic check,75.4,1380.4,No,1,0,1,0,0,0,0,0,2,Below 3 years,0.6228489,859.7806601762773,Medium Risk,Offer technical support
Male,No,No,No,Yes,Yes,Fiber optic,No,Yes,No,No,No,No,Month-to-month,Yes,Electronic check,79.15,79.15,Yes,1,1,0,1,0,0,0,0,3,Below 1 year,0.9042415,71.57071490585804,High Risk - High Value,Priority retention offer
Female,Yes,Yes,No,Yes,Yes,Fiber optic,Yes,Yes,Yes,Yes,Yes,Yes,Two year,Yes,Electronic check,113.65,7714.65,No,1,1,1,1,1,1,1,1,8,oldest Customers,0.2698676,2081.934072706103,Low Risk,Standard engagement
Male,No,No,Yes,Yes,Yes,No,No internet service,No internet service,No internet service,No internet service,No internet service,No internet service,Two year,Yes,Mailed check,26.4,121.25,No,1,1,0,0,0,0,0,0,2,Below 1 year,0.07928423,9.613212691619992,Low Risk,Standard engagement
Male,No,Yes,No,Yes,Yes,Fiber optic,No,No,Yes,Yes,Yes,Yes,Month-to-month,Yes,Electronic check,106.1,2249.95,Yes,1,1,0,0,1,1,1,1,6,Below 3 years,0.76560736,1722.578272938728,High Risk - High Value,Priority retention offer
Male,Yes,Yes,No,Yes,Yes,Fiber optic,No,No,No,No,No,No,Month-to-month,Yes,Electronic check,75.5,1893.95,Yes,1,1,0,0,0,0,0,0,2,Below 3 years,0.75825584,1436.0986469328404,High Risk - High Value,Priority retention offer
Female,No,Yes,No,No,No phone service,DSL,No,Yes,Yes,No,Yes,Yes,Two year,Yes,Electronic check,54.2,3937.45,Yes,0,0,0,1,1,0,1,1,4,oldest Customers,0.23017773,906.3133042559027,Low Risk,Promote security service
Male,No,No,No,Yes,Yes,Fiber optic,No,Yes,No,No,Yes,Yes,Month-to-month,Yes,Electronic check,99.8,673.25,Yes,1,1,0,1,0,0,1,1,5,Below 1 year,0.88391215,595.0938523560762,High Risk - High Value,Priority retention offer
Female,No,No,No,Yes,Yes,Fiber optic,Yes,No,No,No,Yes,Yes,Month-to-month,Yes,Electronic check,98.7,973.25,Yes,1,1,1,0,0,0,1,1,5,Below 1 year,0.8387137,816.2781139165163,High Risk - High Value,Priority retention offer
Male,No,Yes,No,Yes,Yes,Fiber optic,No,No,Yes,Yes,Yes,Yes,One year,Yes,Electronic check,108.3,4586.15,No,1,1,0,0,1,1,1,1,6,Below 5 years,0.56449443,2588.856134817004,Medium Risk,Promote security service
Male,No,Yes,No,Yes,Yes,Fiber optic,No,No,No,No,Yes,Yes,Month-to-month,Yes,Bank transfer (automatic),95.0,3440.25,No,1,1,0,0,0,0,1,1,4,Below 5 years,0.58263206,2004.3999609947205,Medium Risk,Promote security service
Female,No,Yes,No,Yes,Yes,Fiber optic,No,No,No,No,Yes,Yes,Month-to-month,Yes,Electronic check,94.0,1078.9,Yes,1,1,0,0,0,0,1,1,4,Below 1 year,0.8722408,941.0605794668198,High Risk - High Value,Priority retention offer
Male,No,Yes,No,Yes,Yes,Fiber optic,No,No,Yes,No,Yes,Yes,Month-to-month,Yes,Electronic check,101.1,1504.05,Yes,1,1,0,0,1,0,1,1,5,Below 3 years,0.87688315,1318.876100474596,High Risk - High Value,Priority retention offer
Female,No,No,No,Yes,No,Fiber optic,No,No,Yes,No,Yes,Yes,One year,No,Mailed check,95.5,1115.15,Yes,1,0,0,0,1,0,1,1,4,Below 3 years,0.4367149,487.0026069283486,Medium Risk,Promote security service
Male,Yes,No,No,Yes,Yes,No,No internet service,No internet service,No internet service,No internet service,No internet service,No internet service,Two year,No,Credit card (automatic),25.1,1672.15,No,1,1,0,0,0,0,0,0,2,oldest Customers,0.06494064,108.59048923663795,Low Risk,Standard engagement
Female,No,No,No,Yes,No,No,No internet service,No internet service,No internet service,No internet service,No internet service,No internet service,Month-to-month,No,Electronic check,19.9,57.4,No,1,0,0,0,0,0,0,0,1,Below 1 year,0.4513038,25.90483868718147,Medium Risk,Promote long-term contract
Female,No,No,No,Yes,Yes,Fiber optic,No,No,No,No,Yes,Yes,Month-to-month,Yes,Electronic check,96.0,174.8,Yes,1,1,0,0,0,0,1,1,4,Below 1 year,0.9237023,161.46316196918488,High Risk - High Value,Priority retention offer
Female,No,Yes,No,Yes,Yes,No,No internet service,No internet service,No internet service,No internet service,No internet service,No internet service,Two year,No,Bank transfer (automatic),24.25,1641.8,No,1,1,0,0,0,0,0,0,2,oldest Customers,0.05014306,82.32487482950091,Low Risk,Standard engagement
Female,No,Yes,No,Yes,Yes,Fiber optic,No,No,No,No,No,No,Month-to-month,Yes,Credit card (automatic),75.4,1747.85,Yes,1,1,0,0,0,0,0,0,2,Below 3 years,0.5421635,947.6204581797123,Medium Risk,Promote security service
Female,No,No,No,Yes,Yes,Fiber optic,No,No,No,No,No,No,Month-to-month,No,Electronic check,76.0,76.0,Yes,1,1,0,0,0,0,0,0,2,Below 1 year,0.89950913,68.36269402503967,High Risk - High Value,Priority retention offer
Female,No,No,No,No,No phone service,DSL,No,Yes,No,Yes,No,No,Month-to-month,No,Electronic check,36.25,374.0,No,0,0,0,1,0,1,0,0,2,Below 1 year,0.4396611,164.43324601650238,Medium Risk,Promote security service
Female,No,No,No,Yes,No,DSL,Yes,No,No,No,No,No,Month-to-month,Yes,Credit card (automatic),48.8,1054.6,Yes,1,0,1,0,0,0,0,0,2,Below 3 years,0.39202616,413.4307843148708,Low Risk,Offer technical support
Male,Yes,No,No,Yes,No,DSL,No,No,No,No,No,No,Month-to-month,Yes,Electronic check,45.05,770.6,Yes,1,0,0,0,0,0,0,0,1,Below 3 years,0.64522576,497.21097321510314,Medium Risk,Promote security service
Male,Yes,No,No,Yes,Yes,Fiber optic,No,No,Yes,No,No,No,Month-to-month,Yes,Electronic check,79.85,1471.75,Yes,1,1,0,0,1,0,0,0,3,Below 3 years,0.766754,1128.4701576679945,High Risk - High Value,Priority retention offer
Male,No,No,No,Yes,Yes,Fiber optic,No,Yes,No,No,Yes,Yes,Month-to-month,Yes,Electronic check,99.95,1931.75,Yes,1,1,0,1,0,0,1,1,5,Below 3 years,0.83414805,1611.3654943406582,High Risk - High Value,Priority retention offer
Male,No,No,No,Yes,Yes,Fiber optic,Yes,No,No,No,Yes,Yes,Month-to-month,Yes,Electronic check,100.75,2095.0,Yes,1,1,1,0,0,0,1,1,5,Below 3 years,0.8072388,1691.1653220653534,High Risk - High Value,Priority retention offer
Female,No,Yes,Yes,Yes,Yes,Fiber optic,No,Yes,Yes,Yes,Yes,Yes,Two year,Yes,Credit card (automatic),110.8,7245.9,No,1,1,0,1,1,1,1,1,7,oldest Customers,0.22234888,1611.117776750028,Low Risk,Promote security service
Female,No,No,No,No,No phone service,DSL,Yes,Yes,No,Yes,No,No,One year,Yes,Mailed check,40.2,711.95,No,0,0,1,1,0,1,0,0,3,Below 3 years,0.14446169,102.84950117766857,Low Risk,Standard engagement
Female,Yes,No,No,Yes,No,Fiber optic,Yes,Yes,No,Yes,Yes,No,Two year,Yes,Bank transfer (automatic),92.45,6140.85,No,1,0,1,1,0,1,1,0,5,oldest Customers,0.1723204,1058.1937019839884,Low Risk,Standard engagement
Female,No,Yes,No,Yes,No,No,No internet service,No internet service,No internet service,No internet service,No internet service,No internet service,Two year,No,Bank transfer (automatic),20.05,1423.65,No,1,0,0,0,0,0,0,0,1,oldest Customers,0.043420836,61.81607364043594,Low Risk,Standard engagement
Female,No,Yes,No,Yes,Yes,Fiber optic,No,Yes,Yes,Yes,Yes,Yes,Two year,Yes,Bank transfer (automatic),110.45,7982.5,No,1,1,0,1,1,1,1,1,7,oldest Customers,0.16530932,1319.5816856995225,Low Risk,Promote security service
Female,No,No,No,Yes,No,DSL,No,No,No,No,No,No,Month-to-month,Yes,Electronic check,45.3,45.3,Yes,1,0,0,0,0,0,0,0,1,Below 1 year,0.8586752,38.89798573851585,High Risk - New Customer,Onboarding intervention
Female,No,Yes,No,Yes,Yes,Fiber optic,Yes,No,Yes,No,Yes,Yes,One year,Yes,Mailed check,104.4,5232.9,No,1,1,1,0,1,0,1,1,6,Below 5 years,0.43148,2257.891642194986,Medium Risk,Offer technical support
Female,No,Yes,Yes,Yes,No,No,No internet service,No internet service,No internet service,No internet service,No internet service,No internet service,Two year,No,Bank transfer (automatic),19.5,1167.6,No,1,0,0,0,0,0,0,0,1,Below 5 years,0.048034746,56.0853696629405,Low Risk,Standard engagement
Male,Yes,Yes,No,Yes,Yes,Fiber optic,No,No,No,No,Yes,No,Month-to-month,Yes,Mailed check,86.85,156.35,Yes,1,1,0,0,0,0,1,0,3,Below 1 year,0.8674899,135.63204185664654,High Risk - High Value,Priority retention offer
Male,No,Yes,No,Yes,Yes,DSL,Yes,No,Yes,Yes,Yes,Yes,Two year,No,Electronic check,83.2,6126.1,No,1,1,1,0,1,1,1,1,7,oldest Customers,0.10768701,659.7014002993703,Low Risk,Standard engagement
Male,No,No,No,Yes,No,DSL,No,Yes,Yes,Yes,Yes,Yes,Two year,No,Credit card (automatic),78.9,3771.5,No,1,0,0,1,1,1,1,1,6,Below 5 years,0.077231616,291.2790389209986,Low Risk,Promote security service
Female,Yes,No,No,Yes,No,Fiber optic,No,No,No,No,No,Yes,Month-to-month,Yes,Bank transfer (automatic),79.75,159.4,Yes,1,0,0,0,0,0,0,1,2,Below 1 year,0.8674483,138.27125428915025,High Risk - High Value,Priority retention offer
Female,No,Yes,Yes,Yes,Yes,Fiber optic,Yes,Yes,Yes,Yes,Yes,Yes,Two year,Yes,Bank transfer (automatic),116.85,8477.7,No,1,1,1,1,1,1,1,1,8,oldest Customers,0.08977677,761.1005169287324,Low Risk,Standard engagement
Male,Yes,Yes,Yes,No,No phone service,DSL,Yes,No,No,No,No,Yes,Month-to-month,No,Mailed check,40.05,880.2,Yes,0,0,1,0,0,0,0,1,2,Below 3 years,0.4785488,421.2186493456364,Medium Risk,Offer technical support
Female,No,Yes,Yes,Yes,No,DSL,Yes,No,Yes,No,Yes,Yes,Two year,No,Bank transfer (automatic),75.2,3254.35,No,1,0,1,0,1,0,1,1,5,Below 5 years,0.07919106,257.7154224470258,Low Risk,Offer technical support
Female,Yes,No,No,No,No phone service,DSL,No,No,No,No,No,No,Month-to-month,Yes,Electronic check,25.2,25.2,Yes,0,0,0,0,0,0,0,0,0,Below 1 year,0.8507803,21.439663767814636,High Risk - New Customer,Onboarding intervention
Female,No,Yes,No,Yes,Yes,DSL,Yes,Yes,Yes,Yes,Yes,No,Two year,No,Credit card (automatic),79.2,5401.9,No,1,1,1,1,1,1,1,0,7,oldest Customers,0.064344496,347.58253042995926,Low Risk,Standard engagement
Female,No,No,Yes,Yes,Yes,DSL,No,Yes,Yes,Yes,Yes,Yes,One year,Yes,Electronic check,84.6,4449.75,No,1,1,0,1,1,1,1,1,7,Below 5 years,0.28729904,1278.4088898003101,Low Risk,Promote security service
Female,No,Yes,Yes,Yes,Yes,DSL,Yes,Yes,Yes,Yes,Yes,Yes,Two year,Yes,Credit card (automatic),91.1,2198.3,No,1,1,1,1,1,1,1,1,8,Below 3 years,0.082256064,180.8235050931573,Low Risk,Standard engagement
Female,Yes,No,No,Yes,Yes,Fiber optic,No,Yes,Yes,No,No,No,Month-to-month,Yes,Bank transfer (automatic),85.2,3969.35,Yes,1,1,0,1,1,0,0,0,4,Below 5 years,0.5495519,2181.363850942254,Medium Risk,Promote security service
Female,No,Yes,No,Yes,No,No,No internet service,No internet service,No internet service,No internet service,No internet service,No internet service,Two year,No,Bank transfer (automatic),18.4,1057.85,No,1,0,0,0,0,0,0,0,1,Below 5 years,0.059761513,63.21871655303984,Low Risk,Standard engagement
Female,No,No,No,No,No phone service,DSL,No,No,No,No,No,No,Month-to-month,No,Electronic check,24.6,24.6,Yes,0,0,0,0,0,0,0,0,0,Below 1 year,0.7747568,19.059017014503482,High Risk - New Customer,Onboarding intervention
Male,No,Yes,Yes,Yes,Yes,DSL,Yes,No,No,No,Yes,No,Month-to-month,Yes,Bank transfer (automatic),65.15,723.35,No,1,1,1,0,0,0,1,0,4,Below 1 year,0.4206126,304.2501266881824,Medium Risk,Offer technical support
Male,No,Yes,Yes,Yes,Yes,Fiber optic,No,Yes,Yes,No,Yes,Yes,Two year,Yes,Bank transfer (automatic),106.0,7723.7,Yes,1,1,0,1,1,0,1,1,6,oldest Customers,0.3328009,2570.4542725235224,Low Risk,Promote security service
Female,No,No,No,Yes,Yes,DSL,Yes,No,No,No,No,Yes,Month-to-month,Yes,Bank transfer (automatic),64.65,994.55,Yes,1,1,1,0,0,0,0,1,4,Below 3 years,0.49880612,496.08762561678884,Medium Risk,Offer technical support
Male,No,Yes,Yes,Yes,Yes,DSL,Yes,Yes,Yes,Yes,Yes,No,Two year,Yes,Bank transfer (automatic),79.25,5731.85,No,1,1,1,1,1,1,1,0,7,oldest Customers,0.08672339,497.08544715940957,Low Risk,Standard engagement
Male,No,No,No,No,No phone service,DSL,No,No,No,No,No,No,One year,Yes,Mailed check,24.85,788.05,No,0,0,0,0,0,0,0,0,0,Below 3 years,0.25437915,200.46349171996116,Low Risk,Promote security service
Female,No,No,No,Yes,No,No,No internet service,No internet service,No internet service,No internet service,No internet service,No internet service,Two year,No,Mailed check,20.25,1048.45,No,1,0,0,0,0,0,0,0,1,Below 5 years,0.047525994,49.82862891219557,Low Risk,Standard engagement
Male,No,Yes,No,Yes,Yes,Fiber optic,No,Yes,Yes,No,Yes,No,Month-to-month,Yes,Bank transfer (automatic),95.25,3959.35,Yes,1,1,0,1,1,0,1,0,5,Below 5 years,0.563457,2230.9235211610794,Medium Risk,Promote security service
Male,No,No,Yes,Yes,Yes,DSL,No,Yes,Yes,Yes,Yes,Yes,One year,No,Credit card (automatic),83.7,2633.3,No,1,1,0,1,1,1,1,1,7,Below 3 years,0.25793582,679.2224000990391,Low Risk,Promote security service
Female,No,No,No,Yes,Yes,Fiber optic,No,No,No,Yes,Yes,Yes,Month-to-month,Yes,Electronic check,100.1,5440.9,Yes,1,1,0,0,0,1,1,1,5,Below 5 years,0.6535264,3555.7719277501105,Medium Risk,Promote security service
Male,No,No,No,Yes,Yes,Fiber optic,No,Yes,Yes,Yes,Yes,Yes,Month-to-month,Yes,Mailed check,112.95,1384.75,Yes,1,1,0,1,1,1,1,1,7,Below 3 years,0.7252033,1004.2252359986305,High Risk - High Value,Priority retention offer
Male,No,No,No,Yes,Yes,DSL,No,No,No,No,Yes,No,Month-to-month,Yes,Electronic check,59.85,59.85,Yes,1,1,0,0,0,0,1,0,3,Below 1 year,0.86578774,51.817396509647374,High Risk - New Customer,Onboarding intervention
Male,No,No,No,Yes,No,Fiber optic,No,No,No,No,No,No,Month-to-month,Yes,Electronic check,69.9,69.9,Yes,1,0,0,0,0,0,0,0,1,Below 1 year,0.90464145,63.23443731665612,High Risk - New Customer,Onboarding intervention
Male,No,Yes,Yes,Yes,Yes,Fiber optic,No,No,Yes,Yes,Yes,Yes,One year,Yes,Electronic check,102.6,4213.35,Yes,1,1,0,0,1,1,1,1,6,Below 5 years,0.52118975,2195.954829964042,Medium Risk,Promote security service
Male,No,No,No,Yes,No,No,No internet service,No internet service,No internet service,No internet service,No internet service,No internet service,Month-to-month,Yes,Mailed check,19.65,38.8,No,1,0,0,0,0,0,0,0,1,Below 1 year,0.40680125,15.78388863801956,Medium Risk,Promote long-term contract
Female,No,No,No,Yes,No,Fiber optic,No,No,No,No,Yes,No,Month-to-month,Yes,Credit card (automatic),81.0,389.6,Yes,1,0,0,0,0,0,1,0,2,Below 1 year,0.7925599,308.7813455104828,High Risk - High Value,Priority retention offer
Female,No,Yes,No,Yes,No,Fiber optic,Yes,No,Yes,No,No,Yes,Month-to-month,Yes,Mailed check,88.9,454.15,Yes,1,0,1,0,1,0,0,1,4,Below 1 year,0.73317224,332.97017183005806,High Risk - High Value,Priority retention offer
Female,No,No,No,Yes,No,Fiber optic,Yes,Yes,Yes,Yes,No,Yes,Month-to-month,Yes,Bank transfer (automatic),98.15,567.45,Yes,1,0,1,1,1,1,0,1,6,Below 1 year,0.7516933,426.54836782515054,High Risk - High Value,Priority retention offer
Male,No,Yes,No,Yes,Yes,Fiber optic,Yes,No,No,No,Yes,Yes,Month-to-month,Yes,Electronic check,99.4,1742.95,Yes,1,1,1,0,0,0,1,1,5,Below 3 years,0.8042624,1401.7891495108604,High Risk - High Value,Priority retention offer
Female,No,No,Yes,No,No phone service,DSL,No,No,No,No,No,No,Month-to-month,No,Mailed check,24.7,24.7,No,0,0,0,0,0,0,0,0,0,Below 1 year,0.6870248,16.96951187252998,Medium Risk,Promote security service
Male,No,No,Yes,Yes,Yes,No,No internet service,No internet service,No internet service,No internet service,No internet service,No internet service,Month-to-month,No,Mailed check,26.35,184.05,No,1,1,0,0,0,0,0,0,2,Below 1 year,0.2905518,53.476060898602015,Low Risk,Promote long-term contract
Female,No,No,No,Yes,Yes,Fiber optic,No,Yes,Yes,No,No,No,Month-to-month,Yes,Electronic check,84.45,1058.6,Yes,1,1,0,1,1,0,0,0,4,Below 3 years,0.8335707,882.4179628849029,High Risk - High Value,Priority retention offer
Female,No,Yes,No,Yes,Yes,Fiber optic,No,No,No,No,Yes,Yes,Two year,Yes,Bank transfer (automatic),93.7,6585.35,Yes,1,1,0,0,0,0,1,1,4,oldest Customers,0.2690132,1771.5460517928004,Low Risk,Promote security service
Female,No,No,No,Yes,No,No,No internet service,No internet service,No internet service,No internet service,No internet service,No internet service,Month-to-month,No,Credit card (automatic),19.7,340.35,No,1,0,0,0,0,0,0,0,1,Below 3 years,0.26067352,88.72023353576661,Low Risk,Promote long-term contract
Male,Yes,No,No,Yes,No,Fiber optic,No,No,No,No,No,Yes,Month-to-month,Yes,Electronic check,79.55,718.55,No,1,0,0,0,0,0,0,1,2,Below 1 year,0.835454,600.3154624462127,High Risk - High Value,Priority retention offer
Male,Yes,Yes,Yes,Yes,Yes,Fiber optic,Yes,Yes,Yes,No,Yes,No,Month-to-month,Yes,Electronic check,100.7,4541.2,Yes,1,1,1,1,1,0,1,0,6,Below 5 years,0.6838389,3105.4492304086684,Medium Risk,Offer technical support
Female,No,No,No,Yes,Yes,Fiber optic,No,No,No,No,No,No,Month-to-month,Yes,Credit card (automatic),75.2,633.85,No,1,1,0,0,0,0,0,0,2,Below 1 year,0.7268935,460.7414352089167,High Risk - High Value,Priority retention offer
Male,No,Yes,No,Yes,No,No,No internet service,No internet service,No internet service,No internet service,No internet service,No internet service,One year,Yes,Credit card (automatic),20.55,1252.0,No,1,0,0,0,0,0,0,0,1,oldest Customers,0.087657966,109.74777308106422,Low Risk,Standard engagement
Female,No,No,No,Yes,Yes,Fiber optic,No,Yes,No,No,Yes,No,Month-to-month,Yes,Credit card (automatic),89.3,4016.85,Yes,1,1,0,1,0,0,1,0,4,Below 5 years,0.5130469,2060.8325218051673,Medium Risk,Promote security service
Female,No,No,No,Yes,Yes,DSL,Yes,Yes,No,Yes,No,No,One year,Yes,Mailed check,64.4,2088.75,Yes,1,1,1,1,0,1,0,0,5,Below 3 years,0.14329529,299.30803298950195,Low Risk,Standard engagement
Female,No,No,No,Yes,No,No,No internet service,No internet service,No internet service,No internet service,No internet service,No internet service,One year,No,Mailed check,20.25,129.15,No,1,0,0,0,0,0,0,0,1,Below 1 year,0.12386106,15.996655840426683,Low Risk,Standard engagement
Female,No,Yes,Yes,No,No phone service,DSL,Yes,No,No,No,Yes,Yes,Month-to-month,Yes,Bank transfer (automatic),50.9,2333.85,No,0,0,1,0,0,0,1,1,3,Below 5 years,0.37912747,884.8266520187258,Low Risk,Offer technical support
Female,No,No,No,Yes,Yes,Fiber optic,No,No,Yes,No,Yes,Yes,Month-to-month,Yes,Electronic check,100.5,514.0,Yes,1,1,0,0,1,0,1,1,5,Below 1 year,0.89981383,462.5043090581894,High Risk - High Value,Priority retention offer
Male,Yes,Yes,No,Yes,No,Fiber optic,No,No,No,No,No,Yes,Month-to-month,No,Bank transfer (automatic),81.5,1329.2,Yes,1,0,0,0,0,0,0,1,2,Below 3 years,0.63464874,843.5751055955888,Medium Risk,Promote security service
Female,Yes,Yes,No,Yes,Yes,Fiber optic,No,No,No,Yes,Yes,Yes,Month-to-month,No,Bank transfer (automatic),99.75,1836.25,Yes,1,1,0,0,0,1,1,1,5,Below 3 years,0.64663845,1187.3898593336344,Medium Risk,Promote security service
Male,No,No,No,Yes,Yes,Fiber optic,No,No,No,No,No,Yes,Month-to-month,Yes,Electronic check,84.9,3067.2,Yes,1,1,0,0,0,0,0,1,3,Below 5 years,0.7514145,2304.7384863853454,High Risk - High Value,Priority retention offer
Male,No,Yes,No,Yes,Yes,Fiber optic,No,Yes,Yes,No,No,Yes,Month-to-month,Yes,Electronic check,93.35,3092.0,No,1,1,0,1,1,0,0,1,5,Below 3 years,0.7412669,2291.997274160385,High Risk - High Value,Priority retention offer
Female,No,No,No,Yes,Yes,Fiber optic,No,Yes,Yes,No,Yes,Yes,One year,Yes,Electronic check,106.8,5914.4,No,1,1,0,1,1,0,1,1,6,Below 5 years,0.5599941,3312.0291140556333,Medium Risk,Promote security service
Female,No,No,No,Yes,Yes,Fiber optic,No,Yes,No,No,Yes,Yes,Month-to-month,Yes,Electronic check,100.2,2983.8,Yes,1,1,0,1,0,0,1,1,5,Below 3 years,0.8091493,2414.3397556185723,High Risk - High Value,Priority retention offer
Male,Yes,No,No,Yes,No,Fiber optic,No,No,No,No,No,No,Month-to-month,Yes,Electronic check,69.75,69.75,Yes,1,0,0,0,0,0,0,0,1,Below 1 year,0.9077792,63.31760036945343,High Risk - New Customer,Onboarding intervention
Female,No,No,No,Yes,No,Fiber optic,No,No,No,No,Yes,Yes,Month-to-month,Yes,Electronic check,91.1,455.3,Yes,1,0,0,0,0,0,1,1,3,Below 1 year,0.88547754,403.15792527198795,High Risk - High Value,Priority retention offer
Male,No,Yes,Yes,Yes,No,Fiber optic,No,Yes,No,No,No,Yes,Month-to-month,Yes,Credit card (automatic),83.55,477.55,Yes,1,0,0,1,0,0,0,1,3,Below 1 year,0.8074845,385.6142265856266,High Risk - High Value,Priority retention offer
Male,No,No,No,Yes,Yes,Fiber optic,Yes,Yes,Yes,Yes,Yes,Yes,Two year,No,Credit card (automatic),116.2,7752.3,Yes,1,1,1,1,1,1,1,1,8,oldest Customers,0.2219554,1720.6648759916425,Low Risk,Standard engagement
Male,No,Yes,No,Yes,Yes,Fiber optic,No,Yes,Yes,No,Yes,Yes,Month-to-month,Yes,Electronic check,104.3,5278.15,Yes,1,1,0,1,1,0,1,1,6,Below 5 years,0.7468155,3941.804245278239,High Risk - High Value,Priority retention offer
Female,No,No,No,Yes,No,DSL,No,No,No,Yes,No,No,Month-to-month,Yes,Bank transfer (automatic),50.8,288.05,Yes,1,0,0,0,0,1,0,0,2,Below 1 year,0.5491624,158.18622581958772,Medium Risk,Promote security service
Female,No,No,No,Yes,Yes,DSL,No,No,No,No,No,Yes,Month-to-month,Yes,Bank transfer (automatic),63.05,1067.05,No,1,1,0,0,0,0,0,1,3,Below 3 years,0.52829653,563.7188125997782,Medium Risk,Promote security service
Female,No,Yes,No,Yes,No,No,No internet service,No internet service,No internet service,No internet service,No internet service,No internet service,Two year,No,Bank transfer (automatic),19.9,1115.6,No,1,0,0,0,0,0,0,0,1,Below 5 years,0.04827988,53.8610357761383,Low Risk,Standard engagement
Male,No,No,No,Yes,No,No,No internet service,No internet service,No internet service,No internet service,No internet service,No internet service,Month-to-month,No,Mailed check,19.8,19.8,Yes,1,0,0,0,0,0,0,0,1,Below 1 year,0.51554424,10.20777586698532,Medium Risk,Promote long-term contract
Male,No,No,No,Yes,No,No,No internet service,No internet service,No internet service,No internet service,No internet service,No internet service,Two year,No,Bank transfer (automatic),21.0,1107.2,No,1,0,0,0,0,0,0,0,1,Below 5 years,0.05000232,55.362570476531985,Low Risk,Standard engagement
Female,Yes,Yes,No,Yes,No,Fiber optic,No,Yes,Yes,Yes,Yes,Yes,Two year,Yes,Credit card (automatic),105.85,6725.5,No,1,0,0,1,1,1,1,1,6,oldest Customers,0.22058529,1483.5463451445103,Low Risk,Promote security service
Female,Yes,No,No,Yes,No,No,No internet service,No internet service,No internet service,No internet service,No internet service,No internet service,Two year,No,Mailed check,20.2,735.9,No,1,0,0,0,0,0,0,0,1,Below 5 years,0.066374965,48.8453367523849,Low Risk,Standard engagement
Male,No,Yes,Yes,Yes,Yes,No,No internet service,No internet service,No internet service,No internet service,No internet service,No internet service,One year,No,Mailed check,24.4,203.95,No,1,1,0,0,0,0,0,0,2,Below 1 year,0.11853433,24.175075900554656,Low Risk,Standard engagement
Female,No,No,No,Yes,No,No,No internet service,No internet service,No internet service,No internet service,No internet service,No internet service,Month-to-month,No,Bank transfer (automatic),20.15,238.15,No,1,0,0,0,0,0,0,0,1,Below 1 year,0.35323185,84.12216443121433,Low Risk,Promote long-term contract
Female,No,Yes,Yes,Yes,No,No,No internet service,No internet service,No internet service,No internet service,No internet service,No internet service,Two year,No,Mailed check,20.3,1079.05,No,1,0,0,0,0,0,0,0,1,Below 5 years,0.04648273,50.15719051528722,Low Risk,Standard engagement
Female,No,No,No,Yes,No,Fiber optic,No,No,No,No,No,No,Month-to-month,No,Electronic check,68.65,68.65,Yes,1,0,0,0,0,0,0,0,1,Below 1 year,0.88384944,60.67626419365406,High Risk - New Customer,Onboarding intervention
Female,No,Yes,Yes,Yes,Yes,DSL,Yes,No,Yes,Yes,Yes,Yes,Two year,Yes,Bank transfer (automatic),83.3,6042.7,No,1,1,1,0,1,1,1,1,7,oldest Customers,0.062337656,376.6877513375133,Low Risk,Standard engagement
Female,No,No,No,Yes,Yes,DSL,No,No,No,Yes,Yes,No,Month-to-month,Yes,Mailed check,64.4,253.0,No,1,1,0,0,0,1,1,0,4,Below 1 year,0.56234056,142.27216106653214,Medium Risk,Promote security service
Male,No,Yes,Yes,Yes,No,No,No internet service,No internet service,No internet service,No internet service,No internet service,No internet service,Month-to-month,Yes,Electronic check,20.65,702.05,No,1,0,0,0,0,0,0,0,1,Below 3 years,0.2313113,162.39210262820123,Low Risk,Promote long-term contract
Female,No,No,No,Yes,No,DSL,No,No,No,Yes,Yes,Yes,Month-to-month,Yes,Credit card (automatic),70.75,450.8,Yes,1,0,0,0,0,1,1,1,4,Below 1 year,0.56048715,252.66760773658754,Medium Risk,Promote security service
Female,No,No,No,Yes,Yes,Fiber optic,No,No,No,No,No,No,Month-to-month,Yes,Electronic check,76.85,663.55,No,1,1,0,0,0,0,0,0,2,Below 1 year,0.8359841,554.7172567427158,High Risk - High Value,Priority retention offer
Male,No,Yes,Yes,Yes,Yes,DSL,No,Yes,Yes,Yes,Yes,Yes,Two year,Yes,Bank transfer (automatic),84.2,5324.5,No,1,1,0,1,1,1,1,1,7,oldest Customers,0.11938988,635.6913986131549,Low Risk,Promote security service
Female,Yes,Yes,No,Yes,No,Fiber optic,No,No,No,No,No,No,Month-to-month,Yes,Electronic check,69.3,153.8,No,1,0,0,0,0,0,0,0,1,Below 1 year,0.8750023,134.5753575205803,High Risk - New Customer,Onboarding intervention
Male,No,No,No,No,No phone service,DSL,No,Yes,No,No,No,No,Month-to-month,Yes,Electronic check,29.6,79.45,Yes,0,0,0,1,0,0,0,0,1,Below 1 year,0.81126654,64.45512672066688,High Risk - New Customer,Onboarding intervention
Female,No,No,No,Yes,Yes,Fiber optic,No,No,No,No,No,No,Month-to-month,Yes,Electronic check,75.55,166.3,Yes,1,1,0,0,0,0,0,0,2,Below 1 year,0.8908407,148.14680994153025,High Risk - High Value,Priority retention offer
Female,No,No,No,Yes,No,DSL,Yes,No,No,No,No,No,Month-to-month,Yes,Credit card (automatic),48.6,48.6,Yes,1,0,1,0,0,0,0,0,2,Below 1 year,0.7721346,37.52574166059494,High Risk - New Customer,Onboarding intervention
Male,Yes,No,No,Yes,Yes,Fiber optic,No,No,Yes,No,Yes,Yes,Month-to-month,Yes,Electronic check,98.4,4187.75,Yes,1,1,0,0,1,0,1,1,5,Below 5 years,0.80802846,3383.821181476116,High Risk - High Value,Priority retention offer
Female,No,Yes,Yes,Yes,No,No,No internet service,No internet service,No internet service,No internet service,No internet service,No internet service,Two year,No,Credit card (automatic),19.65,494.9,No,1,0,0,0,0,0,0,0,1,Below 3 years,0.053227987,26.34253083579242,Low Risk,Standard engagement
Male,No,Yes,Yes,Yes,No,DSL,No,No,Yes,No,No,No,Month-to-month,No,Electronic check,48.7,340.25,Yes,1,0,0,0,1,0,0,0,2,Below 1 year,0.6828041,232.32409763336182,Medium Risk,Promote security service
Male,No,No,No,Yes,Yes,Fiber optic,No,No,No,No,Yes,No,One year,Yes,Electronic check,86.9,4939.25,No,1,1,0,0,0,0,1,0,3,Below 5 years,0.3802659,1878.228304848075,Low Risk,Promote security service
Female,Yes,Yes,No,Yes,Yes,Fiber optic,Yes,No,No,No,No,Yes,Month-to-month,Yes,Electronic check,90.85,6470.1,No,1,1,1,0,0,0,0,1,4,oldest Customers,0.4031765,2608.592185252905,Medium Risk,Offer technical support
Male,No,Yes,Yes,Yes,No,DSL,Yes,No,No,Yes,Yes,Yes,One year,No,Electronic check,75.5,4025.6,No,1,0,1,0,0,1,1,1,5,Below 5 years,0.19564646,787.5944087982177,Low Risk,Standard engagement
Female,No,Yes,Yes,Yes,No,Fiber optic,No,No,No,No,Yes,No,Month-to-month,Yes,Mailed check,80.05,80.05,Yes,1,0,0,0,0,0,1,0,2,Below 1 year,0.8827601,70.66494660675525,High Risk - High Value,Priority retention offer
Female,No,No,No,Yes,Yes,Fiber optic,No,No,No,No,Yes,Yes,Month-to-month,Yes,Electronic check,95.15,196.9,Yes,1,1,0,0,0,0,1,1,4,Below 1 year,0.91747534,180.65089498758317,High Risk - High Value,Priority retention offer
Male,No,Yes,No,Yes,Yes,Fiber optic,Yes,Yes,Yes,No,Yes,Yes,Two year,Yes,Electronic check,109.65,7880.25,No,1,1,1,1,1,0,1,1,7,oldest Customers,0.15986925,1259.809685960412,Low Risk,Offer technical support
Male,No,Yes,Yes,Yes,No,DSL,Yes,No,Yes,Yes,Yes,No,One year,Yes,Bank transfer (automatic),67.5,1544.05,Yes,1,0,1,0,1,1,1,0,5,Below 3 years,0.16608061,256.43676427081226,Low Risk,Standard engagement
Female,No,No,No,Yes,No,DSL,No,No,No,No,No,No,Month-to-month,No,Electronic check,45.15,45.15,Yes,1,0,0,0,0,0,0,0,1,Below 1 year,0.8330114,37.610464203357694,High Risk - New Customer,Onboarding intervention
Male,No,No,No,Yes,No,No,No internet service,No internet service,No internet service,No internet service,No internet service,No internet service,Month-to-month,Yes,Credit card (automatic),20.45,162.3,No,1,0,0,0,0,0,0,0,1,Below 1 year,0.33551717,54.454436373710635,Low Risk,Promote long-term contract
Female,No,No,No,Yes,No,Fiber optic,Yes,No,No,No,Yes,No,One year,Yes,Credit card (automatic),85.15,979.05,No,1,0,1,0,0,0,1,0,3,Below 3 years,0.23906499,234.05657990276814,Low Risk,Offer technical support
Female,No,No,No,Yes,Yes,Fiber optic,No,No,No,Yes,Yes,Yes,Month-to-month,No,Credit card (automatic),100.3,3541.4,No,1,1,0,0,0,1,1,1,5,Below 5 years,0.5725205,2027.5240790843964,Medium Risk,Promote security service
Male,Yes,Yes,No,Yes,No,DSL,Yes,Yes,Yes,Yes,Yes,No,Two year,No,Bank transfer (automatic),74.4,5360.75,No,1,0,1,1,1,1,1,0,6,oldest Customers,0.08505374,455.95184706151485,Low Risk,Standard engagement
Female,No,No,No,Yes,Yes,Fiber optic,No,Yes,Yes,No,Yes,Yes,Month-to-month,Yes,Electronic check,103.45,3994.45,Yes,1,1,0,1,1,0,1,1,6,Below 5 years,0.7761224,3100.182085624337,High Risk - High Value,Priority retention offer
Male,No,Yes,No,No,No phone service,DSL,No,No,No,No,No,No,One year,No,Bank transfer (automatic),24.1,259.8,Yes,0,0,0,0,0,0,0,0,0,Below 1 year,0.29780746,77.37037682533264,Low Risk,Promote security service
Male,No,No,No,Yes,No,DSL,Yes,No,No,No,No,No,Month-to-month,No,Electronic check,49.4,874.8,Yes,1,0,1,0,0,0,0,0,2,Below 3 years,0.51290673,448.690807557106,Medium Risk,Offer technical support
Female,No,No,Yes,Yes,No,Fiber optic,No,No,Yes,Yes,Yes,Yes,Month-to-month,Yes,Bank transfer (automatic),98.1,396.3,Yes,1,0,0,0,1,1,1,1,5,Below 1 year,0.785129,311.1466269314289,High Risk - High Value,Priority retention offer
Female,Yes,No,No,Yes,Yes,Fiber optic,No,No,No,No,No,No,Month-to-month,Yes,Bank transfer (automatic),74.4,1692.6,Yes,1,1,0,0,0,0,0,0,2,Below 3 years,0.61200154,1035.8738036870957,Medium Risk,Promote security service
Male,No,Yes,Yes,Yes,No,No,No internet service,No internet service,No internet service,No internet service,No internet service,No internet service,One year,No,Mailed check,19.65,19.65,No,1,0,0,0,0,0,0,0,1,Below 1 year,0.21483986,4.221603264659643,Low Risk,Standard engagement
Female,No,Yes,Yes,Yes,No,No,No internet service,No internet service,No internet service,No internet service,No internet service,No internet service,Two year,Yes,Bank transfer (automatic),20.1,1087.7,No,1,0,0,0,0,0,0,0,1,Below 5 years,0.04771448,51.899039099365474,Low Risk,Standard engagement
Female,No,No,No,Yes,Yes,Fiber optic,No,Yes,Yes,Yes,Yes,Yes,Month-to-month,No,Electronic check,111.1,6014.85,Yes,1,1,0,1,1,1,1,1,7,Below 5 years,0.60747766,3653.887033009529,Medium Risk,Promote security service
Female,No,No,No,Yes,No,DSL,No,No,No,No,No,No,Month-to-month,Yes,Mailed check,45.3,45.3,Yes,1,0,0,0,0,0,0,0,1,Below 1 year,0.8148939,36.91469373106956,High Risk - New Customer,Onboarding intervention
Female,No,Yes,Yes,Yes,Yes,Fiber optic,Yes,Yes,Yes,Yes,No,No,Two year,No,Bank transfer (automatic),93.9,6579.05,Yes,1,1,1,1,1,1,0,0,6,oldest Customers,0.1904182,1252.770850188285,Low Risk,Standard engagement
Male,No,Yes,No,Yes,No,Fiber optic,No,No,Yes,No,Yes,Yes,Month-to-month,Yes,Credit card (automatic),94.7,1914.9,Yes,1,0,0,0,1,0,1,1,4,Below 3 years,0.6772049,1296.7796763002873,Medium Risk,Promote security service
Male,No,Yes,Yes,Yes,No,DSL,No,No,No,No,No,Yes,One year,No,Credit card (automatic),53.65,696.35,Yes,1,0,0,0,0,0,0,1,2,Below 3 years,0.3268552,227.60562718957664,Low Risk,Promote security service
Female,No,No,No,Yes,Yes,No,No internet service,No internet service,No internet service,No internet service,No internet service,No internet service,Two year,Yes,Credit card (automatic),25.15,1683.6,No,1,1,0,0,0,0,0,0,2,oldest Customers,0.05337412,89.8606669217348,Low Risk,Standard engagement
Male,No,Yes,No,Yes,Yes,Fiber optic,No,Yes,No,No,No,No,Month-to-month,No,Bank transfer (automatic),81.4,3775.85,No,1,1,0,1,0,0,0,0,3,Below 5 years,0.37683642,1422.8777930796145,Low Risk,Promote security service
Male,No,No,No,No,No phone service,DSL,No,No,No,No,No,No,Month-to-month,No,Electronic check,25.1,79.8,No,0,0,0,0,0,0,0,0,0,Below 1 year,0.7879799,62.88079608678817,High Risk - New Customer,Onboarding intervention
Male,No,No,No,Yes,Yes,Fiber optic,Yes,Yes,Yes,Yes,Yes,Yes,Two year,Yes,Bank transfer (automatic),114.95,7711.25,No,1,1,1,1,1,1,1,1,8,oldest Customers,0.27496865,2120.352032519877,Low Risk,Standard engagement
Female,No,Yes,Yes,Yes,Yes,Fiber optic,Yes,Yes,No,No,Yes,No,Two year,Yes,Electronic check,95.1,6843.15,No,1,1,1,1,0,0,1,0,5,oldest Customers,0.13002308,889.7674202643334,Low Risk,Offer technical support
Male,No,Yes,No,Yes,Yes,Fiber optic,No,Yes,Yes,No,Yes,No,One year,Yes,Electronic check,94.65,4312.5,No,1,1,0,1,1,0,1,0,5,Below 5 years,0.36490205,1573.6400876194239,Low Risk,Promote security service
Male,No,No,No,Yes,No,DSL,No,No,No,No,No,No,Month-to-month,Yes,Mailed check,45.7,45.7,Yes,1,0,0,0,0,0,0,0,1,Below 1 year,0.8123098,37.12255793213845,High Risk - New Customer,Onboarding intervention
Male,No,No,Yes,Yes,Yes,DSL,Yes,Yes,Yes,Yes,Yes,No,Two year,Yes,Credit card (automatic),79.45,5502.55,No,1,1,1,1,1,1,1,0,7,oldest Customers,0.08563378,471.20414008237424,Low Risk,Standard engagement
Female,No,Yes,Yes,No,No phone service,DSL,Yes,Yes,Yes,Yes,No,No,Two year,No,Bank transfer (automatic),46.25,3121.4,No,0,0,1,1,1,1,0,0,4,oldest Customers,0.06582257,205.45857473015786,Low Risk,Standard engagement
Male,No,No,No,Yes,No,Fiber optic,No,No,No,No,No,No,Month-to-month,No,Mailed check,70.6,70.6,Yes,1,0,0,0,0,0,0,0,1,Below 1 year,0.8098491,57.17534528970718,High Risk - New Customer,Onboarding intervention
Male,No,No,No,Yes,Yes,Fiber optic,No,No,No,No,Yes,Yes,Month-to-month,Yes,Electronic check,93.35,1444.65,Yes,1,1,0,0,0,0,1,1,4,Below 3 years,0.8671024,1252.6594598650934,High Risk - High Value,Priority retention offer
Female,No,No,No,Yes,No,DSL,No,No,Yes,No,No,No,Month-to-month,Yes,Mailed check,50.45,50.45,Yes,1,0,0,0,1,0,0,0,2,Below 1 year,0.8266339,41.70367877185345,High Risk - New Customer,Onboarding intervention
Female,Yes,No,No,Yes,No,Fiber optic,No,No,No,No,No,Yes,Month-to-month,Yes,Electronic check,79.6,195.05,Yes,1,0,0,0,0,0,0,1,2,Below 1 year,0.8931222,174.2034843683243,High Risk - High Value,Priority retention offer
Female,No,Yes,No,No,No phone service,DSL,No,Yes,No,Yes,No,No,One year,No,Mailed check,33.55,1445.3,Yes,0,0,0,1,0,1,0,0,2,Below 5 years,0.22219974,321.145281368494,Low Risk,Promote security service
Female,No,Yes,No,Yes,No,DSL,No,Yes,No,Yes,Yes,No,Two year,No,Bank transfer (automatic),64.1,4326.25,No,1,0,0,1,0,1,1,0,4,oldest Customers,0.08653766,374.38354797661304,Low Risk,Promote security service
Female,No,No,Yes,Yes,Yes,No,No internet service,No internet service,No internet service,No internet service,No internet service,No internet service,Month-to-month,No,Mailed check,25.4,25.4,No,1,1,0,0,0,0,0,0,2,Below 1 year,0.5164169,13.11698944568634,Medium Risk,Promote long-term contract
Female,No,Yes,Yes,Yes,Yes,DSL,Yes,Yes,Yes,Yes,Yes,Yes,Two year,Yes,Credit card (automatic),92.9,3379.25,No,1,1,1,1,1,1,1,1,8,Below 5 years,0.08479602,286.5469468627125,Low Risk,Standard engagement
Female,Yes,No,No,No,No phone service,DSL,No,No,No,No,No,No,Month-to-month,No,Electronic check,24.35,41.85,Yes,0,0,0,0,0,0,0,0,0,Below 1 year,0.7890488,33.02169190049172,High Risk - New Customer,Onboarding intervention
Female,No,Yes,No,Yes,Yes,Fiber optic,No,No,Yes,Yes,Yes,Yes,Month-to-month,Yes,Electronic check,104.8,3046.05,Yes,1,1,0,0,1,1,1,1,6,Below 3 years,0.7419579,2260.040870153904,High Risk - High Value,Priority retention offer
Female,No,Yes,Yes,Yes,No,No,No internet service,No internet service,No internet service,No internet service,No internet service,No internet service,One year,No,Mailed check,19.65,708.8,No,1,0,0,0,0,0,0,0,1,Below 3 years,0.09023771,63.96048665046691,Low Risk,Standard engagement
Female,Yes,No,No,Yes,Yes,Fiber optic,No,No,Yes,No,No,Yes,Month-to-month,Yes,Electronic check,88.85,372.45,Yes,1,1,0,0,1,0,0,1,4,Below 1 year,0.8865263,330.1867154449224,High Risk - High Value,Priority retention offer
Female,No,No,No,Yes,No,Fiber optic,No,No,Yes,No,No,No,Month-to-month,No,Bank transfer (automatic),73.5,73.5,Yes,1,0,0,0,1,0,0,0,2,Below 1 year,0.83806723,61.59794166684151,High Risk - New Customer,Onboarding intervention
Male,Yes,Yes,No,Yes,Yes,Fiber optic,No,Yes,Yes,No,Yes,Yes,One year,Yes,Electronic check,103.75,6383.35,Yes,1,1,0,1,1,0,1,1,6,oldest Customers,0.6101608,3894.8701190948486,Medium Risk,Promote security service
Female,No,No,Yes,Yes,No,No,No internet service,No internet service,No internet service,No internet service,No internet service,No internet service,Two year,No,Credit card (automatic),20.15,970.85,No,1,0,0,0,0,0,0,0,1,Below 5 years,0.047453325,46.07006081100553,Low Risk,Standard engagement
Female,No,Yes,Yes,Yes,Yes,No,No internet service,No internet service,No internet service,No internet service,No internet service,No internet service,Two year,No,Bank transfer (automatic),25.1,1857.85,No,1,1,0,0,0,0,0,0,2,oldest Customers,0.046666916,86.70013074483722,Low Risk,Standard engagement
Female,No,No,No,Yes,No,DSL,No,Yes,No,Yes,No,No,Month-to-month,Yes,Mailed check,56.15,1439.35,No,1,0,0,1,0,1,0,0,3,Below 3 years,0.24841869,357.5614396870136,Low Risk,Promote security service
Male,No,No,No,Yes,Yes,Fiber optic,No,No,No,No,No,No,Month-to-month,No,Electronic check,73.6,520.0,Yes,1,1,0,0,0,0,0,0,2,Below 1 year,0.81879914,425.7755517959595,High Risk - New Customer,Onboarding intervention
Male,No,No,No,No,No phone service,DSL,Yes,No,No,No,No,No,Month-to-month,Yes,Electronic check,30.45,226.45,Yes,0,0,1,0,0,0,0,0,1,Below 1 year,0.6283048,142.27961732447147,Medium Risk,Offer technical support
Male,No,No,Yes,Yes,No,Fiber optic,No,No,Yes,No,Yes,Yes,Month-to-month,No,Mailed check,94.5,575.45,Yes,1,0,0,0,1,0,1,1,4,Below 1 year,0.7731286,444.8968694031239,High Risk - High Value,Priority retention offer
Male,Yes,Yes,Yes,Yes,Yes,Fiber optic,Yes,Yes,No,No,Yes,Yes,Month-to-month,Yes,Credit card (automatic),105.1,7548.1,Yes,1,1,1,1,0,0,1,1,6,oldest Customers,0.5235688,3951.949727457762,Medium Risk,Offer technical support
Male,Yes,Yes,No,Yes,Yes,Fiber optic,Yes,Yes,No,No,No,Yes,Month-to-month,No,Credit card (automatic),93.8,1261.0,No,1,1,1,1,0,0,0,1,5,Below 3 years,0.6914815,871.958135008812,Medium Risk,Offer technical support
Male,No,Yes,No,Yes,No,DSL,Yes,No,No,No,No,No,One year,No,Credit card (automatic),48.7,1421.75,No,1,0,1,0,0,0,0,0,2,Below 3 years,0.1327364,188.717976372689,Low Risk,Offer technical support
Male,Yes,Yes,No,Yes,No,Fiber optic,No,Yes,Yes,Yes,Yes,No,Month-to-month,Yes,Mailed check,92.5,934.1,Yes,1,0,0,1,1,1,1,0,5,Below 1 year,0.7147066,667.6074347913266,High Risk - High Value,Priority retention offer
Male,No,Yes,No,Yes,Yes,Fiber optic,No,No,Yes,No,Yes,Yes,One year,No,Credit card (automatic),100.35,5681.1,No,1,1,0,0,1,0,1,1,5,Below 5 years,0.36095855,2050.641597953439,Low Risk,Promote security service
Female,No,Yes,Yes,No,No phone service,DSL,No,Yes,No,No,No,Yes,Month-to-month,No,Mailed check,40.3,92.5,No,0,0,0,1,0,0,0,1,2,Below 1 year,0.66296244,61.32402539253235,Medium Risk,Promote security service
Female,No,No,No,Yes,Yes,DSL,No,No,No,Yes,Yes,No,Month-to-month,No,Mailed check,65.0,2157.5,No,1,1,0,0,0,1,1,0,4,Below 3 years,0.2671934,576.4697752147913,Low Risk,Promote security service
Male,No,Yes,No,Yes,No,No,No internet service,No internet service,No internet service,No internet service,No internet service,No internet service,Two year,Yes,Credit card (automatic),20.4,1414.45,No,1,0,0,0,0,0,0,0,1,oldest Customers,0.046810735,66.21144414488226,Low Risk,Standard engagement
Male,No,Yes,Yes,Yes,Yes,Fiber optic,No,No,No,No,Yes,Yes,Month-to-month,Yes,Electronic check,92.55,1515.1,Yes,1,1,0,0,0,0,1,1,4,Below 3 years,0.7982478,1209.425263261795,High Risk - High Value,Priority retention offer
Female,No,Yes,No,Yes,Yes,Fiber optic,No,Yes,Yes,Yes,Yes,Yes,Two year,Yes,Credit card (automatic),108.9,4854.3,No,1,1,0,1,1,1,1,1,7,Below 5 years,0.21226813,1030.413178561628,Low Risk,Promote security service
Male,No,Yes,Yes,Yes,Yes,Fiber optic,No,No,No,Yes,Yes,Yes,One year,Yes,Electronic check,100.95,1875.55,Yes,1,1,0,0,0,1,1,1,5,Below 3 years,0.5460353,1024.1164877176284,Medium Risk,Promote security service
Male,No,Yes,Yes,Yes,Yes,DSL,Yes,Yes,No,Yes,Yes,No,Two year,No,Credit card (automatic),73.85,3371.0,No,1,1,1,1,0,1,1,0,6,Below 5 years,0.06961693,234.67866663634777,Low Risk,Standard engagement
Female,Yes,No,No,Yes,Yes,Fiber optic,No,No,Yes,Yes,Yes,Yes,Month-to-month,Yes,Electronic check,104.95,5222.35,No,1,1,0,0,1,1,1,1,6,Below 5 years,0.6701318,3499.662819093466,Medium Risk,Promote security service
Female,No,Yes,Yes,Yes,No,No,No internet service,No internet service,No internet service,No internet service,No internet service,No internet service,Two year,No,Bank transfer (automatic),20.1,1460.85,No,1,0,0,0,0,0,0,0,1,oldest Customers,0.04293932,62.72790592387318,Low Risk,Standard engagement
Male,No,No,No,No,No phone service,DSL,No,No,Yes,No,Yes,No,Month-to-month,Yes,Electronic check,39.65,733.35,Yes,0,0,0,0,1,0,1,0,2,Below 3 years,0.65936154,483.54278629124167,Medium Risk,Promote security service
Male,No,No,No,Yes,No,DSL,Yes,No,No,No,No,No,Month-to-month,Yes,Electronic check,47.8,92.45,Yes,1,0,1,0,0,0,0,0,2,Below 1 year,0.74126375,68.52983343005181,High Risk - New Customer,Onboarding intervention
Male,Yes,Yes,No,Yes,No,No,No internet service,No internet service,No internet service,No internet service,No internet service,No internet service,Two year,Yes,Credit card (automatic),19.35,847.25,No,1,0,0,0,0,0,0,0,1,Below 5 years,0.07876898,66.73702125623822,Low Risk,Standard engagement
Male,Yes,No,No,Yes,No,Fiber optic,No,Yes,No,No,No,No,Month-to-month,Yes,Electronic check,74.7,165.4,Yes,1,0,0,1,0,0,0,0,2,Below 1 year,0.87041,143.96581815481187,High Risk - New Customer,Onboarding intervention
Female,No,Yes,No,Yes,Yes,Fiber optic,No,Yes,Yes,Yes,Yes,Yes,One year,Yes,Bank transfer (automatic),108.95,5718.2,No,1,1,0,1,1,1,1,1,7,Below 5 years,0.49071276,2805.9937149763105,Medium Risk,Promote security service
Male,No,No,No,Yes,No,Fiber optic,No,No,No,Yes,No,No,Month-to-month,Yes,Mailed check,74.3,74.3,No,1,0,0,0,0,1,0,0,2,Below 1 year,0.77618927,57.67086258530617,High Risk - New Customer,Onboarding intervention
Female,Yes,Yes,No,No,No phone service,DSL,No,No,Yes,No,No,Yes,Month-to-month,Yes,Credit card (automatic),40.65,933.3,Yes,0,0,0,0,1,0,0,1,2,Below 3 years,0.58754224,548.3531687200069,Medium Risk,Promote security service
Female,No,No,No,Yes,No,Fiber optic,Yes,No,No,No,Yes,Yes,Month-to-month,Yes,Electronic check,95.6,95.6,Yes,1,0,1,0,0,0,1,1,4,Below 1 year,0.89666617,85.7212857723236,High Risk - High Value,Priority retention offer
Female,No,No,No,Yes,No,No,No internet service,No internet service,No internet service,No internet service,No internet service,No internet service,Month-to-month,No,Mailed check,19.9,320.45,No,1,0,0,0,0,0,0,0,1,Below 3 years,0.2648574,84.87355747818947,Low Risk,Promote long-term contract
Female,Yes,Yes,No,Yes,Yes,Fiber optic,No,Yes,Yes,No,Yes,No,Month-to-month,Yes,Electronic check,95.05,4888.7,Yes,1,1,0,1,1,0,1,0,5,Below 5 years,0.6740563,3295.2589926481246,Medium Risk,Promote security service
Female,No,No,No,Yes,No,No,No internet service,No internet service,No internet service,No internet service,No internet service,No internet service,Month-to-month,Yes,Bank transfer (automatic),20.2,20.2,Yes,1,0,0,0,0,0,0,0,1,Below 1 year,0.6760088,13.655378174781799,Medium Risk,Promote long-term contract
Female,No,Yes,Yes,Yes,Yes,Fiber optic,Yes,No,No,Yes,Yes,No,One year,Yes,Mailed check,95.15,5000.05,No,1,1,1,0,0,1,1,0,5,Below 5 years,0.17497492,874.8833405733109,Low Risk,Standard engagement
Female,No,No,No,Yes,No,No,No internet service,No internet service,No internet service,No internet service,No internet service,No internet service,One year,No,Bank transfer (automatic),19.7,1341.5,No,1,0,0,0,0,0,0,0,1,oldest Customers,0.087560736,117.46272686496377,Low Risk,Standard engagement
Female,No,No,No,Yes,Yes,Fiber optic,No,No,No,No,No,No,Month-to-month,Yes,Mailed check,75.0,999.45,Yes,1,1,0,0,0,0,0,0,2,Below 3 years,0.665645,665.2788985669613,Medium Risk,Promote security service
Male,No,No,No,No,No phone service,DSL,No,No,No,No,No,No,Month-to-month,Yes,Electronic check,25.15,25.15,Yes,0,0,0,0,0,0,0,0,0,Below 1 year,0.8377891,21.070396324992178,High Risk - New Customer,Onboarding intervention
Male,No,No,Yes,No,No phone service,DSL,Yes,Yes,Yes,No,No,No,Month-to-month,Yes,Electronic check,40.45,1912.85,No,0,0,1,1,1,0,0,0,3,Below 5 years,0.43026322,823.0290027946234,Medium Risk,Offer technical support
Male,No,Yes,Yes,Yes,No,No,No internet service,No internet service,No internet service,No internet service,No internet service,No internet service,One year,No,Bank transfer (automatic),20.05,345.9,No,1,0,0,0,0,0,0,0,1,Below 3 years,0.106297195,36.7681997358799,Low Risk,Standard engagement
Female,No,No,No,No,No phone service,DSL,Yes,Yes,No,Yes,No,Yes,Two year,Yes,Bank transfer (automatic),49.85,1520.1,No,0,0,1,1,0,1,0,1,4,Below 3 years,0.067773685,103.02277835458517,Low Risk,Standard engagement
Male,No,Yes,Yes,Yes,No,No,No internet service,No internet service,No internet service,No internet service,No internet service,No internet service,One year,No,Credit card (automatic),19.85,19.85,No,1,0,0,0,0,0,0,0,1,Below 1 year,0.21335426,4.2350820556283,Low Risk,Standard engagement
Female,Yes,Yes,Yes,Yes,Yes,Fiber optic,No,No,Yes,No,Yes,No,Month-to-month,Yes,Mailed check,91.35,2896.55,No,1,1,0,0,1,0,1,0,4,Below 3 years,0.6340409,1836.5311460822822,Medium Risk,Promote security service
Male,No,No,No,Yes,No,Fiber optic,No,No,No,No,No,Yes,Month-to-month,No,Electronic check,79.9,79.9,Yes,1,0,0,0,0,0,0,1,2,Below 1 year,0.90101886,71.99140675067902,High Risk - High Value,Priority retention offer
Female,No,No,No,Yes,Yes,DSL,Yes,No,Yes,Yes,No,No,Month-to-month,Yes,Mailed check,61.65,713.75,Yes,1,1,1,0,1,1,0,0,5,Below 3 years,0.3540166,252.6793497055769,Low Risk,Promote long-term contract
Male,No,No,No,Yes,Yes,No,No internet service,No internet service,No internet service,No internet service,No internet service,No internet service,One year,No,Credit card (automatic),24.95,280.4,No,1,1,0,0,0,0,0,0,2,Below 3 years,0.1338452,37.53019272685051,Low Risk,Standard engagement
Female,No,Yes,No,No,No phone service,DSL,No,No,No,Yes,Yes,Yes,Month-to-month,Yes,Electronic check,49.95,810.2,Yes,0,0,0,0,0,1,1,1,3,Below 3 years,0.6147004,498.03024543523793,Medium Risk,Promote security service
Male,No,No,No,Yes,No,DSL,No,Yes,No,Yes,No,No,One year,Yes,Credit card (automatic),55.15,1193.05,Yes,1,0,0,1,0,1,0,0,3,Below 3 years,0.21453679,255.9531126320362,Low Risk,Promote security service
Female,No,No,No,Yes,No,No,No internet service,No internet service,No internet service,No internet service,No internet service,No internet service,Two year,No,Mailed check,20.0,810.3,No,1,0,0,0,0,0,0,0,1,Below 5 years,0.05071375,41.09335281215608,Low Risk,Standard engagement
Male,No,No,No,Yes,No,No,No internet service,No internet service,No internet service,No internet service,No internet service,No internet service,Two year,No,Credit card (automatic),19.2,908.15,No,1,0,0,0,0,0,0,0,1,Below 5 years,0.060188536,54.66021860595792,Low Risk,Standard engagement
Male,No,No,Yes,Yes,No,Fiber optic,Yes,Yes,No,Yes,Yes,Yes,One year,Yes,Electronic check,105.85,5826.65,No,1,0,1,1,0,1,1,1,6,Below 5 years,0.47059795,2742.0095605418082,Medium Risk,Standard engagement
Female,No,No,No,Yes,Yes,Fiber optic,No,No,No,No,No,Yes,Month-to-month,Yes,Electronic check,85.95,1215.65,No,1,1,0,0,0,0,0,1,3,Below 3 years,0.8538562,1037.9902967512608,High Risk - High Value,Priority retention offer
Male,Yes,Yes,Yes,Yes,Yes,Fiber optic,No,Yes,Yes,Yes,Yes,Yes,One year,Yes,Electronic check,111.95,4534.9,Yes,1,1,0,1,1,1,1,1,7,Below 5 years,0.5190867,2354.0063599944115,Medium Risk,Promote security service
Male,Yes,No,No,No,No phone service,DSL,No,No,Yes,No,No,No,Month-to-month,Yes,Electronic check,29.4,221.9,Yes,0,0,0,0,1,0,0,0,1,Below 1 year,0.75765944,168.1246286869049,High Risk - New Customer,Onboarding intervention
Male,Yes,No,No,Yes,Yes,Fiber optic,No,Yes,No,No,Yes,Yes,Month-to-month,Yes,Electronic check,101.25,2440.15,Yes,1,1,0,1,0,0,1,1,5,Below 3 years,0.8433903,2057.99880630672,High Risk - High Value,Priority retention offer
Female,Yes,Yes,No,Yes,Yes,Fiber optic,No,No,No,No,No,No,Month-to-month,Yes,Electronic check,74.45,74.45,Yes,1,1,0,0,0,0,0,0,2,Below 1 year,0.9131029,67.980512753129,High Risk - New Customer,Onboarding intervention
Male,Yes,No,No,Yes,Yes,Fiber optic,No,No,No,No,Yes,No,Month-to-month,Yes,Electronic check,84.8,546.95,Yes,1,1,0,0,0,0,1,0,3,Below 1 year,0.8803056,481.4831414908171,High Risk - High Value,Priority retention offer
Female,No,No,No,Yes,Yes,No,No internet service,No internet service,No internet service,No internet service,No internet service,No internet service,One year,No,Credit card (automatic),24.8,615.35,No,1,1,0,0,0,0,0,0,2,Below 3 years,0.113239035,69.68164019361139,Low Risk,Standard engagement
Female,Yes,Yes,No,Yes,No,DSL,No,Yes,No,No,No,No,Month-to-month,No,Credit card (automatic),50.15,115.1,Yes,1,0,0,1,0,0,0,0,2,Below 1 year,0.7239751,83.32953653931618,High Risk - New Customer,Onboarding intervention
Female,No,Yes,No,Yes,No,No,No internet service,No internet service,No internet service,No internet service,No internet service,No internet service,Two year,Yes,Bank transfer (automatic),20.9,1493.2,No,1,0,0,0,0,0,0,0,1,oldest Customers,0.04462851,66.63928872644901,Low Risk,Standard engagement
Female,No,Yes,Yes,Yes,No,Fiber optic,No,No,No,No,No,No,Month-to-month,No,Electronic check,70.4,147.15,Yes,1,0,0,0,0,0,0,0,1,Below 1 year,0.86531484,127.33107889294625,High Risk - New Customer,Onboarding intervention
Female,No,No,Yes,Yes,No,Fiber optic,No,No,No,No,No,Yes,Month-to-month,No,Electronic check,78.65,78.65,Yes,1,0,0,0,0,0,0,1,2,Below 1 year,0.90456796,71.1442698121071,High Risk - High Value,Priority retention offer
Female,No,Yes,No,Yes,No,Fiber optic,No,No,No,No,No,No,Month-to-month,No,Electronic check,69.95,330.15,Yes,1,0,0,0,0,0,0,0,1,Below 1 year,0.8187299,270.30366904735564,High Risk - New Customer,Onboarding intervention
Female,No,Yes,No,Yes,No,Fiber optic,Yes,No,No,No,No,No,Month-to-month,Yes,Electronic check,74.4,139.4,Yes,1,0,1,0,0,0,0,0,2,Below 1 year,0.8051984,112.24465297460557,High Risk - New Customer,Onboarding intervention
Male,No,Yes,No,Yes,No,Fiber optic,Yes,No,No,No,No,No,Month-to-month,Yes,Mailed check,75.0,658.1,No,1,0,1,0,0,0,0,0,2,Below 1 year,0.5835339,384.02364846467975,Medium Risk,Offer technical support
Female,No,Yes,No,Yes,No,DSL,Yes,No,No,No,Yes,No,One year,Yes,Bank transfer (automatic),62.15,2215.45,No,1,0,1,0,0,0,1,0,3,Below 3 years,0.16958553,375.7082535535097,Low Risk,Offer technical support
Female,No,Yes,No,Yes,Yes,No,No internet service,No internet service,No internet service,No internet service,No internet service,No internet service,Two year,Yes,Bank transfer (automatic),24.65,1710.15,No,1,1,0,0,0,0,0,0,2,oldest Customers,0.047614127,81.4272999688983,Low Risk,Standard engagement
Male,No,No,No,Yes,No,Fiber optic,No,No,No,No,No,No,Month-to-month,No,Mailed check,70.05,657.5,No,1,0,0,0,0,0,0,0,1,Below 1 year,0.62284684,409.52179849147797,Medium Risk,Promote security service
Female,No,Yes,Yes,Yes,Yes,Fiber optic,No,No,Yes,No,No,Yes,Month-to-month,Yes,Electronic check,87.25,1258.6,Yes,1,1,0,0,1,0,0,1,4,Below 3 years,0.8367893,1053.1830255389214,High Risk - High Value,Priority retention offer
Male,No,No,No,Yes,No,Fiber optic,No,Yes,No,No,No,No,Month-to-month,No,Electronic check,74.95,815.5,Yes,1,0,0,1,0,0,0,0,2,Below 1 year,0.734524,599.0043314695358,High Risk - High Value,Priority retention offer
Male,No,Yes,Yes,Yes,No,No,No internet service,No internet service,No internet service,No internet service,No internet service,No internet service,Two year,No,Mailed check,19.9,76.65,No,1,0,0,0,0,0,0,0,1,Below 1 year,0.06610844,5.067212143912911,Low Risk,Standard engagement
Female,Yes,No,No,Yes,No,Fiber optic,No,No,No,No,No,No,Month-to-month,Yes,Electronic check,69.6,131.65,Yes,1,0,0,0,0,0,0,0,1,Below 1 year,0.88437915,116.42851489782333,High Risk - New Customer,Onboarding intervention
Female,No,Yes,Yes,Yes,Yes,DSL,No,No,No,Yes,No,Yes,Month-to-month,Yes,Electronic check,66.35,740.8,Yes,1,1,0,0,0,1,0,1,4,Below 1 year,0.53300756,394.8520020484924,Medium Risk,Promote security service
Female,No,No,Yes,Yes,No,DSL,No,No,Yes,Yes,Yes,Yes,Month-to-month,Yes,Mailed check,72.9,651.4,Yes,1,0,0,0,1,1,1,1,5,Below 1 year,0.5004396,325.9863451838493,Medium Risk,Promote security service
Female,No,No,No,No,No phone service,DSL,No,No,No,No,No,No,Month-to-month,No,Electronic check,25.25,58.9,Yes,0,0,0,0,0,0,0,0,0,Below 1 year,0.8032107,47.30910879969597,High Risk - New Customer,Onboarding intervention
Male,Yes,Yes,No,Yes,Yes,Fiber optic,No,Yes,No,No,Yes,Yes,Month-to-month,Yes,Electronic check,96.5,3436.1,Yes,1,1,0,1,0,0,1,1,5,Below 5 years,0.7794228,2678.1747504770756,High Risk - High Value,Priority retention offer
Female,Yes,No,No,Yes,No,Fiber optic,No,No,Yes,No,Yes,No,Month-to-month,Yes,Mailed check,84.85,415.55,Yes,1,0,0,0,1,0,1,0,3,Below 1 year,0.8250853,342.86418907046317,High Risk - High Value,Priority retention offer
Female,No,No,No,Yes,No,Fiber optic,No,No,No,No,No,No,Month-to-month,Yes,Bank transfer (automatic),70.9,273.0,Yes,1,0,0,0,0,0,0,0,1,Below 1 year,0.77943325,212.78527736663818,High Risk - New Customer,Onboarding intervention
Female,Yes,No,No,Yes,Yes,Fiber optic,Yes,Yes,Yes,No,Yes,Yes,One year,No,Electronic check,110.5,6139.5,No,1,1,1,1,1,0,1,1,7,Below 5 years,0.4498929,2762.1175107210875,Medium Risk,Offer technical support
Female,Yes,No,No,Yes,Yes,Fiber optic,No,No,No,No,Yes,Yes,Month-to-month,Yes,Electronic check,93.85,170.85,Yes,1,1,0,0,0,0,1,1,4,Below 1 year,0.9205572,157.2771977752447,High Risk - High Value,Priority retention offer
Female,No,Yes,Yes,Yes,Yes,No,No internet service,No internet service,No internet service,No internet service,No internet service,No internet service,Month-to-month,Yes,Electronic check,25.25,394.85,No,1,1,0,0,0,0,0,0,2,Below 3 years,0.3146401,124.23564536869527,Low Risk,Promote long-term contract
Male,Yes,Yes,No,Yes,Yes,No,No internet service,No internet service,No internet service,No internet service,No internet service,No internet service,Two year,No,Credit card (automatic),25.65,1740.8,No,1,1,0,0,0,0,0,0,2,oldest Customers,0.067288116,117.13515167236328,Low Risk,Standard engagement
Female,No,Yes,Yes,Yes,Yes,Fiber optic,Yes,Yes,Yes,Yes,Yes,Yes,Two year,Yes,Bank transfer (automatic),118.75,8672.45,No,1,1,1,1,1,1,1,1,8,oldest Customers,0.08977677,778.5845427460969,Low Risk,Standard engagement
Male,No,No,No,Yes,Yes,Fiber optic,No,Yes,Yes,No,Yes,No,One year,Yes,Credit card (automatic),94.9,4422.95,No,1,1,0,1,1,0,1,0,5,Below 5 years,0.2390069,1057.1155982002615,Low Risk,Promote security service
Female,No,No,Yes,Yes,No,DSL,No,No,No,Yes,No,No,One year,Yes,Electronic check,49.45,1119.35,No,1,0,0,0,0,1,0,0,2,Below 3 years,0.23196436,259.649311568588,Low Risk,Promote security service
Female,No,Yes,Yes,Yes,Yes,No,No internet service,No internet service,No internet service,No internet service,No internet service,No internet service,Month-to-month,No,Mailed check,24.1,409.9,Yes,1,1,0,0,0,0,0,0,2,Below 3 years,0.22561531,92.47971462160348,Low Risk,Promote long-term contract
Female,Yes,Yes,No,Yes,Yes,Fiber optic,No,Yes,No,No,No,No,Month-to-month,Yes,Credit card (automatic),80.65,633.3,Yes,1,1,0,1,0,0,0,0,3,Below 1 year,0.7812638,494.7743824481964,High Risk - High Value,Priority retention offer
Male,No,No,No,Yes,Yes,Fiber optic,No,No,No,No,No,No,Month-to-month,No,Electronic check,75.05,786.3,No,1,1,0,0,0,0,0,0,2,Below 1 year,0.8097129,636.677242898941,High Risk - High Value,Priority retention offer
Male,No,Yes,Yes,Yes,No,No,No internet service,No internet service,No internet service,No internet service,No internet service,No internet service,Two year,Yes,Credit card (automatic),19.4,1284.2,No,1,0,0,0,0,0,0,0,1,oldest Customers,0.050974306,65.46120340451598,Low Risk,Standard engagement
Male,No,No,No,Yes,No,No,No internet service,No internet service,No internet service,No internet service,No internet service,No internet service,Month-to-month,Yes,Electronic check,19.4,529.8,No,1,0,0,0,0,0,0,0,1,Below 3 years,0.2608969,138.22317304015158,Low Risk,Promote long-term contract
Female,No,No,No,Yes,Yes,Fiber optic,No,No,No,No,No,Yes,Month-to-month,No,Electronic check,86.45,830.85,Yes,1,1,0,0,0,0,0,1,3,Below 1 year,0.8426691,700.1316461384297,High Risk - High Value,Priority retention offer
Male,No,Yes,Yes,Yes,Yes,Fiber optic,No,Yes,Yes,No,Yes,Yes,Two year,Yes,Electronic check,105.0,7297.75,No,1,1,0,1,1,0,1,1,6,oldest Customers,0.4145095,3024.986740358174,Medium Risk,Promote security service
Male,No,No,No,Yes,No,Fiber optic,No,No,No,No,No,Yes,Month-to-month,Yes,Electronic check,80.95,171.15,Yes,1,0,0,0,0,0,0,1,2,Below 1 year,0.8946277,153.11552919745446,High Risk - High Value,Priority retention offer
Male,No,Yes,Yes,Yes,Yes,No,No internet service,No internet service,No internet service,No internet service,No internet service,No internet service,Two year,No,Credit card (automatic),25.5,630.6,No,1,1,0,0,0,0,0,0,2,Below 3 years,0.06556598,41.34590760022402,Low Risk,Standard engagement
Female,No,Yes,Yes,Yes,No,DSL,Yes,No,No,Yes,Yes,Yes,One year,Yes,Credit card (automatic),74.7,3187.65,No,1,0,1,0,0,1,1,1,5,Below 5 years,0.22385442,713.5695501029492,Low Risk,Standard engagement
Male,No,No,No,Yes,Yes,DSL,Yes,No,Yes,No,No,No,Month-to-month,Yes,Electronic check,59.6,2094.9,No,1,1,1,0,1,0,0,0,4,Below 3 years,0.49872705,1044.7833041757347,Medium Risk,Offer technical support
Male,Yes,Yes,Yes,Yes,No,Fiber optic,Yes,Yes,Yes,No,No,No,One year,Yes,Bank transfer (automatic),86.7,6179.35,No,1,0,1,1,1,0,0,0,4,oldest Customers,0.14283355,882.6184712640942,Low Risk,Offer technical support
Female,No,No,No,Yes,No,Fiber optic,No,No,No,No,Yes,No,Month-to-month,Yes,Bank transfer (automatic),80.0,624.6,No,1,0,0,0,0,0,1,0,2,Below 1 year,0.7482682,467.36830962896346,High Risk - High Value,Priority retention offer
Female,No,Yes,No,Yes,No,Fiber optic,No,No,Yes,No,Yes,Yes,One year,Yes,Bank transfer (automatic),94.85,5000.2,Yes,1,0,0,0,1,0,1,1,4,Below 5 years,0.3465972,1733.0552927970887,Low Risk,Promote security service
Male,No,No,Yes,Yes,Yes,Fiber optic,No,No,No,Yes,No,No,Month-to-month,No,Credit card (automatic),80.8,332.45,Yes,1,1,0,0,0,1,0,0,3,Below 1 year,0.6827321,226.97428839206694,Medium Risk,Promote security service
Female,No,No,No,Yes,No,Fiber optic,No,No,Yes,No,Yes,No,Month-to-month,Yes,Electronic check,85.45,85.45,Yes,1,0,0,0,1,0,1,0,3,Below 1 year,0.9265696,79.17537069916726,High Risk - High Value,Priority retention offer
Male,No,Yes,No,Yes,No,Fiber optic,No,No,Yes,Yes,Yes,Yes,One year,Yes,Credit card (automatic),99.25,4920.8,No,1,0,0,0,1,1,1,1,5,Below 5 years,0.3220254,1584.6225316286088,Low Risk,Promote security service
Male,No,Yes,No,Yes,No,Fiber optic,No,No,No,No,Yes,No,Month-to-month,Yes,Electronic check,80.55,80.55,Yes,1,0,0,0,0,0,1,0,2,Below 1 year,0.91785336,73.93308777809143,High Risk - High Value,Priority retention offer
Male,No,No,No,Yes,No,Fiber optic,Yes,No,No,No,No,No,Month-to-month,No,Bank transfer (automatic),74.3,1952.25,No,1,0,1,0,0,0,0,0,2,Below 3 years,0.4893387,955.3114692717791,Medium Risk,Offer technical support
Female,No,Yes,Yes,Yes,Yes,Fiber optic,Yes,Yes,No,No,Yes,No,Month-to-month,Yes,Bank transfer (automatic),94.3,3893.6,No,1,1,1,1,0,0,1,0,5,Below 5 years,0.45723137,1780.2760723352433,Medium Risk,Offer technical support
Male,No,No,No,Yes,No,Fiber optic,No,Yes,No,No,No,Yes,Month-to-month,Yes,Electronic check,85.35,4338.6,Yes,1,0,0,1,0,0,0,1,3,Below 5 years,0.6264987,2718.1272562980653,Medium Risk,Promote security service
Female,No,Yes,Yes,Yes,Yes,DSL,Yes,No,Yes,Yes,Yes,No,Month-to-month,No,Electronic check,72.25,2568.55,Yes,1,1,1,0,1,1,1,0,6,Below 3 years,0.38426316,986.9991340816022,Low Risk,Promote long-term contract
Female,No,Yes,No,Yes,Yes,No,No internet service,No internet service,No internet service,No internet service,No internet service,No internet service,Two year,Yes,Credit card (automatic),24.45,1681.6,No,1,1,0,0,0,0,0,0,2,oldest Customers,0.04794242,80.61997112631798,Low Risk,Standard engagement
Male,No,Yes,Yes,Yes,Yes,Fiber optic,Yes,Yes,Yes,Yes,Yes,Yes,Two year,Yes,Bank transfer (automatic),116.05,8297.5,No,1,1,1,1,1,1,1,1,8,oldest Customers,0.11500448,954.2496718466282,Low Risk,Standard engagement
Female,No,No,No,Yes,Yes,Fiber optic,No,No,No,No,No,No,Month-to-month,No,Electronic check,75.25,242.0,Yes,1,1,0,0,0,0,0,0,2,Below 1 year,0.8578288,207.59456861019135,High Risk - High Value,Priority retention offer
Male,No,No,No,No,No phone service,DSL,No,No,No,No,No,No,Month-to-month,Yes,Electronic check,24.4,24.4,No,0,0,0,0,0,0,0,0,0,Below 1 year,0.8008827,19.541537809371945,High Risk - New Customer,Onboarding intervention
Female,No,Yes,Yes,Yes,Yes,Fiber optic,Yes,Yes,Yes,No,Yes,Yes,Two year,No,Bank transfer (automatic),109.25,7082.5,No,1,1,1,1,1,0,1,1,7,oldest Customers,0.2731959,1934.909909144044,Low Risk,Offer technical support
Female,No,No,No,Yes,No,No,No internet service,No internet service,No internet service,No internet service,No internet service,No internet service,Two year,No,Mailed check,19.7,406.95,No,1,0,0,0,0,0,0,0,1,Below 3 years,0.054901157,22.342025667987762,Low Risk,Standard engagement
Female,No,Yes,Yes,Yes,Yes,Fiber optic,No,No,No,No,Yes,No,One year,Yes,Electronic check,83.0,5685.8,Yes,1,1,0,0,0,0,1,0,3,oldest Customers,0.38657707,2197.9999032378196,Low Risk,Promote security service
Male,No,No,No,Yes,No,DSL,Yes,No,No,No,No,No,Month-to-month,Yes,Mailed check,51.65,524.5,No,1,0,1,0,0,0,0,0,2,Below 1 year,0.4154387,217.89760425686836,Medium Risk,Offer technical support
Female,No,No,No,Yes,No,Fiber optic,No,Yes,Yes,No,No,No,Month-to-month,Yes,Electronic check,79.25,1111.65,Yes,1,0,0,1,1,0,0,0,3,Below 3 years,0.8016783,891.1856820881368,High Risk - High Value,Priority retention offer
Male,No,Yes,No,Yes,Yes,DSL,No,Yes,Yes,Yes,Yes,Yes,Two year,No,Credit card (automatic),84.2,5956.85,No,1,1,0,1,1,1,1,1,7,oldest Customers,0.083295256,496.1773451045156,Low Risk,Promote security service
Male,No,No,No,Yes,No,DSL,Yes,No,Yes,Yes,Yes,Yes,One year,No,Electronic check,81.7,2212.55,No,1,0,1,0,1,1,1,1,6,Below 3 years,0.23875062,528.2476879902184,Low Risk,Standard engagement
Male,No,Yes,Yes,Yes,No,No,No internet service,No internet service,No internet service,No internet service,No internet service,No internet service,Two year,No,Credit card (automatic),19.4,1363.25,No,1,0,0,0,0,0,0,0,1,oldest Customers,0.047097143,64.20517990272492,Low Risk,Standard engagement
Male,No,No,No,Yes,No,DSL,No,No,Yes,No,No,No,Month-to-month,No,Mailed check,50.9,50.9,Yes,1,0,0,0,1,0,0,0,2,Below 1 year,0.76607174,38.99305140376091,High Risk - New Customer,Onboarding intervention
Female,No,Yes,Yes,No,No phone service,DSL,Yes,Yes,No,No,No,No,Month-to-month,Yes,Electronic check,35.15,1051.05,No,0,0,1,1,0,0,0,0,2,Below 3 years,0.42015794,441.60700199157,Medium Risk,Offer technical support
Female,Yes,No,No,Yes,Yes,Fiber optic,No,Yes,Yes,No,Yes,Yes,Month-to-month,Yes,Electronic check,105.5,829.55,Yes,1,1,0,1,1,0,1,1,6,Below 1 year,0.8732795,724.4290191203355,High Risk - High Value,Priority retention offer
Female,No,Yes,Yes,Yes,No,No,No internet service,No internet service,No internet service,No internet service,No internet service,No internet service,Month-to-month,No,Mailed check,20.85,62.9,No,1,0,0,0,0,0,0,0,1,Below 1 year,0.3130215,19.689053031802178,Low Risk,Promote long-term contract
Male,No,No,No,Yes,No,DSL,No,No,No,No,No,No,Month-to-month,Yes,Electronic check,44.75,44.75,No,1,0,0,0,0,0,0,0,1,Below 1 year,0.84850746,37.97070901095867,High Risk - New Customer,Onboarding intervention
Male,No,No,No,Yes,No,DSL,No,No,No,No,No,No,Month-to-month,Yes,Electronic check,45.15,98.5,Yes,1,0,0,0,0,0,0,0,1,Below 1 year,0.836351,82.38057127594948,High Risk - New Customer,Onboarding intervention
Male,No,Yes,No,Yes,Yes,Fiber optic,Yes,No,Yes,Yes,Yes,Yes,One year,Yes,Credit card (automatic),110.85,5275.8,Yes,1,1,1,0,1,1,1,1,7,Below 5 years,0.4148233,2188.5247328281403,Medium Risk,Standard engagement
Female,Yes,Yes,Yes,Yes,No,Fiber optic,No,No,No,No,No,No,Month-to-month,No,Bank transfer (automatic),70.55,3309.25,Yes,1,0,0,0,0,0,0,0,1,Below 5 years,0.4582132,1516.3420655429363,Medium Risk,Promote security service
Female,No,No,No,Yes,Yes,Fiber optic,No,No,No,No,No,No,Month-to-month,No,Bank transfer (automatic),75.6,1758.6,Yes,1,1,0,0,0,0,0,0,2,Below 3 years,0.51348096,903.0076185822486,Medium Risk,Promote security service
Male,No,Yes,No,Yes,Yes,DSL,No,No,No,Yes,No,Yes,Month-to-month,No,Electronic check,63.85,4264.6,No,1,1,0,0,0,1,0,1,4,oldest Customers,0.32279068,1376.5731438040734,Low Risk,Promote security service
Female,No,No,No,No,No phone service,DSL,No,Yes,No,No,No,Yes,Month-to-month,No,Electronic check,40.75,359.4,No,0,0,0,1,0,0,0,1,2,Below 1 year,0.59809,214.95354348421097,Medium Risk,Promote security service
Female,No,Yes,Yes,Yes,Yes,Fiber optic,Yes,No,Yes,Yes,Yes,Yes,Two year,No,Mailed check,107.45,7576.7,No,1,1,1,0,1,1,1,1,7,oldest Customers,0.13193282,999.6154340416193,Low Risk,Standard engagement
Female,No,No,No,Yes,No,Fiber optic,No,No,No,No,Yes,No,Month-to-month,Yes,Electronic check,78.9,2384.15,Yes,1,0,0,0,0,0,1,0,2,Below 3 years,0.74265504,1770.6010108351709,High Risk - High Value,Priority retention offer
Female,No,No,No,Yes,No,Fiber optic,No,No,No,No,Yes,No,Month-to-month,Yes,Electronic check,79.7,586.05,Yes,1,0,0,0,0,0,1,0,2,Below 1 year,0.85330087,500.07697454988954,High Risk - High Value,Priority retention offer
Male,No,Yes,Yes,No,No phone service,DSL,Yes,Yes,Yes,Yes,No,Yes,Two year,Yes,Credit card (automatic),55.45,4179.2,No,0,0,1,1,1,1,0,1,5,oldest Customers,0.05176879,216.35213105678557,Low Risk,Standard engagement
Male,No,No,No,Yes,Yes,Fiber optic,No,Yes,Yes,No,Yes,Yes,Month-to-month,Yes,Electronic check,104.7,4346.4,Yes,1,1,0,1,1,0,1,1,6,Below 5 years,0.7798916,3389.7208943367,High Risk - High Value,Priority retention offer
Female,Yes,Yes,No,Yes,Yes,Fiber optic,No,Yes,No,No,Yes,No,Month-to-month,Yes,Electronic check,90.6,90.6,Yes,1,1,0,1,0,0,1,0,4,Below 1 year,0.9219444,83.52816081047058,High Risk - High Value,Priority retention offer
Male,No,No,No,Yes,No,DSL,No,Yes,No,No,No,No,Month-to-month,No,Mailed check,50.65,50.65,Yes,1,0,0,1,0,0,0,0,2,Below 1 year,0.7353035,37.24312334656715,High Risk - New Customer,Onboarding intervention
Male,No,No,No,Yes,No,DSL,Yes,No,No,No,No,No,Month-to-month,Yes,Bank transfer (automatic),50.9,2298.55,No,1,0,1,0,0,0,0,0,2,Below 5 years,0.3213,738.5241148903966,Low Risk,Offer technical support
Female,No,Yes,No,Yes,No,DSL,Yes,Yes,Yes,Yes,Yes,Yes,One year,Yes,Bank transfer (automatic),84.8,6046.1,No,1,0,1,1,1,1,1,1,7,oldest Customers,0.18870212,1140.911896057427,Low Risk,Standard engagement
Male,Yes,No,No,Yes,Yes,Fiber optic,No,No,No,No,Yes,Yes,Month-to-month,Yes,Credit card (automatic),96.15,3019.25,Yes,1,1,0,0,0,0,1,1,4,Below 3 years,0.75118583,2268.0178305357695,High Risk - High Value,Priority retention offer
Male,No,No,No,Yes,Yes,DSL,No,No,Yes,Yes,No,No,Month-to-month,No,Mailed check,62.05,62.05,Yes,1,1,0,0,1,1,0,0,4,Below 1 year,0.65917414,40.90175565183163,Medium Risk,Promote security service
Male,No,No,No,Yes,Yes,Fiber optic,No,No,Yes,No,Yes,Yes,Month-to-month,Yes,Electronic check,100.95,329.95,Yes,1,1,0,0,1,0,1,1,5,Below 1 year,0.90210235,297.64867077469825,High Risk - High Value,Priority retention offer
Female,No,Yes,No,Yes,Yes,Fiber optic,No,Yes,Yes,Yes,Yes,Yes,One year,Yes,Electronic check,109.5,7674.55,Yes,1,1,0,1,1,1,1,1,7,oldest Customers,0.57874566,4441.61252925098,Medium Risk,Promote security service
Female,No,No,Yes,Yes,Yes,Fiber optic,No,Yes,Yes,No,Yes,Yes,One year,Yes,Credit card (automatic),104.15,1299.1,No,1,1,0,1,1,0,1,1,6,Below 3 years,0.47125185,612.2032723069191,Medium Risk,Promote security service
Male,Yes,No,No,Yes,No,Fiber optic,No,No,No,No,Yes,Yes,Month-to-month,Yes,Electronic check,91.4,449.75,Yes,1,0,0,0,0,0,1,1,3,Below 1 year,0.8799161,395.74225333333015,High Risk - High Value,Priority retention offer
Male,No,No,No,Yes,No,Fiber optic,No,No,No,No,No,No,Month-to-month,Yes,Electronic check,69.7,316.9,Yes,1,0,0,0,0,0,0,0,1,Below 1 year,0.8205207,260.0230095207691,High Risk - New Customer,Onboarding intervention
Female,No,No,No,Yes,No,DSL,No,No,Yes,Yes,No,Yes,Two year,No,Credit card (automatic),66.5,2762.75,No,1,0,0,0,1,1,0,1,4,Below 5 years,0.091433704,252.6084654480219,Low Risk,Promote security service
Male,Yes,No,No,No,No phone service,DSL,No,No,No,No,No,No,Month-to-month,Yes,Mailed check,24.45,47.5,Yes,0,0,0,0,0,0,0,0,0,Below 1 year,0.7411086,35.20265832543373,High Risk - New Customer,Onboarding intervention
Female,No,Yes,No,Yes,Yes,No,No internet service,No internet service,No internet service,No internet service,No internet service,No internet service,One year,No,Mailed check,25.55,672.2,No,1,1,0,0,0,0,0,0,2,Below 3 years,0.11218669,75.41189480274916,Low Risk,Standard engagement
Male,Yes,Yes,No,Yes,Yes,Fiber optic,No,No,No,No,Yes,No,Month-to-month,Yes,Credit card (automatic),85.05,1391.15,No,1,1,0,0,0,0,1,0,3,Below 3 years,0.7090714,986.4246750235558,High Risk - High Value,Priority retention offer
Female,No,Yes,No,No,No phone service,DSL,No,No,No,No,No,Yes,Month-to-month,No,Electronic check,35.0,35.0,No,0,0,0,0,0,0,0,1,1,Below 1 year,0.8409917,29.434708654880524,High Risk - New Customer,Onboarding intervention
Male,No,Yes,Yes,Yes,Yes,DSL,Yes,Yes,Yes,No,No,Yes,One year,No,Credit card (automatic),72.45,4653.85,Yes,1,1,1,1,1,0,0,1,6,oldest Customers,0.1947452,906.3149392105639,Low Risk,Offer technical support
Female,No,Yes,No,Yes,Yes,Fiber optic,No,No,Yes,Yes,Yes,Yes,Month-to-month,Yes,Electronic check,104.4,242.8,Yes,1,1,0,0,1,1,1,1,6,Below 1 year,0.87279147,211.91376869678498,High Risk - High Value,Priority retention offer
Female,No,Yes,No,Yes,Yes,Fiber optic,Yes,No,Yes,Yes,No,Yes,One year,Yes,Electronic check,99.2,3754.6,Yes,1,1,1,0,1,1,0,1,6,Below 5 years,0.3167918,1189.4265022099019,Low Risk,Standard engagement
Male,Yes,Yes,No,Yes,Yes,Fiber optic,Yes,No,Yes,No,Yes,Yes,Month-to-month,Yes,Electronic check,104.2,5568.35,Yes,1,1,1,0,1,0,1,1,6,Below 5 years,0.6520736,3630.974151670933,Medium Risk,Offer technical support
Male,No,Yes,No,Yes,Yes,Fiber optic,No,No,Yes,No,Yes,Yes,Month-to-month,Yes,Electronic check,98.5,1037.75,Yes,1,1,0,0,1,0,1,1,5,Below 1 year,0.88235277,915.6615864187479,High Risk - High Value,Priority retention offer
Female,No,No,No,Yes,No,Fiber optic,Yes,Yes,Yes,No,Yes,Yes,One year,Yes,Electronic check,106.45,6145.85,Yes,1,0,1,1,1,0,1,1,6,Below 5 years,0.49279565,3028.6481221407653,Medium Risk,Offer technical support
Female,No,No,No,Yes,No,No,No internet service,No internet service,No internet service,No internet service,No internet service,No internet service,Month-to-month,No,Bank transfer (automatic),19.75,297.3,Yes,1,0,0,0,0,0,0,0,1,Below 3 years,0.30637845,91.08631436526775,Low Risk,Promote long-term contract
Male,No,Yes,Yes,Yes,Yes,Fiber optic,No,No,Yes,No,No,Yes,One year,No,Credit card (automatic),90.25,5629.15,No,1,1,0,0,1,0,0,1,4,oldest Customers,0.2568848,1446.0431468367576,Low Risk,Promote security service
Male,No,Yes,Yes,Yes,Yes,Fiber optic,No,No,Yes,Yes,No,Yes,Two year,Yes,Bank transfer (automatic),96.25,4990.25,Yes,1,1,0,0,1,1,0,1,5,Below 5 years,0.23215806,1158.526783078909,Low Risk,Promote security service
Male,No,No,No,Yes,Yes,DSL,No,No,Yes,Yes,No,Yes,Two year,No,Bank transfer (automatic),69.5,3418.2,No,1,1,0,0,1,1,0,1,5,Below 5 years,0.08544971,292.08420039117334,Low Risk,Promote security service
Female,No,Yes,Yes,Yes,No,DSL,No,No,No,No,No,No,Month-to-month,No,Electronic check,46.3,639.45,No,1,0,0,0,0,0,0,0,1,Below 3 years,0.6164003,394.1571727663279,Medium Risk,Promote security service
Female,No,No,No,No,No phone service,DSL,Yes,No,Yes,Yes,Yes,Yes,Two year,Yes,Bank transfer (automatic),61.35,4193.4,No,0,0,1,0,1,1,1,1,5,oldest Customers,0.058742445,246.33056870475409,Low Risk,Standard engagement
Male,Yes,No,No,Yes,Yes,Fiber optic,No,No,No,No,No,Yes,Month-to-month,Yes,Electronic check,83.85,790.15,Yes,1,1,0,0,0,0,0,1,3,Below 1 year,0.86609054,684.341437113285,High Risk - High Value,Priority retention offer
Male,No,Yes,Yes,Yes,No,Fiber optic,No,No,No,Yes,No,Yes,Month-to-month,Yes,Electronic check,85.6,1601.5,No,1,0,0,0,0,1,0,1,3,Below 3 years,0.6097813,976.5647917687893,Medium Risk,Promote security service
Male,No,No,Yes,Yes,No,No,No internet service,No internet service,No internet service,No internet service,No internet service,No internet service,Two year,No,Mailed check,19.95,1189.9,No,1,0,0,0,0,0,0,0,1,oldest Customers,0.04499218,53.53619340956212,Low Risk,Standard engagement
Male,No,Yes,No,Yes,No,DSL,Yes,Yes,Yes,Yes,Yes,Yes,Two year,No,Mailed check,84.45,6033.1,No,1,0,1,1,1,1,1,1,7,oldest Customers,0.0583214,351.8588472500444,Low Risk,Standard engagement
Male,Yes,Yes,No,Yes,Yes,Fiber optic,No,Yes,No,No,No,Yes,Month-to-month,Yes,Bank transfer (automatic),89.8,5629.55,No,1,1,0,1,0,0,0,1,4,oldest Customers,0.5331633,3001.4695067286493,Medium Risk,Promote security service
Female,Yes,Yes,No,Yes,Yes,Fiber optic,No,No,No,No,Yes,Yes,Month-to-month,Yes,Electronic check,93.2,2931.0,Yes,1,1,0,0,0,0,1,1,4,Below 3 years,0.7988977,2341.5691106915474,High Risk - High Value,Priority retention offer
Female,No,No,No,Yes,No,Fiber optic,No,No,No,No,Yes,Yes,Month-to-month,Yes,Mailed check,89.8,1129.1,Yes,1,0,0,0,0,0,1,1,3,Below 3 years,0.7680576,867.2138189554214,High Risk - High Value,Priority retention offer
Male,No,No,Yes,Yes,Yes,Fiber optic,No,No,No,No,No,No,Month-to-month,Yes,Electronic check,74.35,74.35,Yes,1,1,0,0,0,0,0,0,2,Below 1 year,0.9041687,67.22494470477103,High Risk - New Customer,Onboarding intervention
Female,No,No,No,Yes,Yes,Fiber optic,Yes,No,Yes,No,Yes,Yes,One year,Yes,Bank transfer (automatic),103.95,5639.05,Yes,1,1,1,0,1,0,1,1,6,Below 5 years,0.49476984,2790.031874330342,Medium Risk,Offer technical support
Male,No,No,No,Yes,No,DSL,No,No,No,No,No,No,Month-to-month,No,Mailed check,45.05,45.05,Yes,1,0,0,0,0,0,0,0,1,Below 1 year,0.76069546,34.26933035850524,High Risk - New Customer,Onboarding intervention
Female,No,No,No,Yes,No,No,No internet service,No internet service,No internet service,No internet service,No internet service,No internet service,One year,No,Mailed check,20.2,273.25,No,1,0,0,0,0,0,0,0,1,Below 3 years,0.10505426,28.706076353788376,Low Risk,Standard engagement
Male,No,No,No,Yes,No,Fiber optic,No,No,No,No,No,Yes,Month-to-month,No,Electronic check,80.5,80.5,Yes,1,0,0,0,0,0,0,1,2,Below 1 year,0.90135896,72.55939644575119,High Risk - High Value,Priority retention offer
Male,No,No,No,Yes,Yes,Fiber optic,No,No,Yes,No,Yes,No,Month-to-month,Yes,Credit card (automatic),89.35,631.85,Yes,1,1,0,0,1,0,1,0,4,Below 1 year,0.8226159,519.7698699980974,High Risk - High Value,Priority retention offer
Male,No,No,No,Yes,No,No,No internet service,No internet service,No internet service,No internet service,No internet service,No internet service,Two year,No,Bank transfer (automatic),20.45,943.0,No,1,0,0,0,0,0,0,0,1,Below 5 years,0.04954855,46.72428400814533,Low Risk,Standard engagement
Male,No,No,No,Yes,No,No,No internet service,No internet service,No internet service,No internet service,No internet service,No internet service,One year,No,Mailed check,19.7,117.8,No,1,0,0,0,0,0,0,0,1,Below 1 year,0.121041976,14.258744762837887,Low Risk,Standard engagement
Female,No,No,No,Yes,No,DSL,Yes,Yes,Yes,No,No,Yes,Month-to-month,Yes,Bank transfer (automatic),68.85,1970.5,Yes,1,0,1,1,1,0,0,1,5,Below 3 years,0.40618888,800.3951790481806,Medium Risk,Offer technical support
Female,No,Yes,No,Yes,Yes,Fiber optic,No,No,No,No,No,Yes,Month-to-month,Yes,Electronic check,84.9,764.95,Yes,1,1,0,0,0,0,0,1,3,Below 1 year,0.8655952,662.1370647013188,High Risk - High Value,Priority retention offer
Male,No,No,No,No,No phone service,DSL,Yes,No,No,Yes,Yes,No,Two year,No,Credit card (automatic),45.2,2460.55,No,0,0,1,0,0,1,1,0,3,Below 5 years,0.06448297,158.66357681825758,Low Risk,Standard engagement
Male,No,No,No,Yes,Yes,No,No internet service,No internet service,No internet service,No internet service,No internet service,No internet service,Month-to-month,Yes,Bank transfer (automatic),25.25,996.45,No,1,1,0,0,0,0,0,0,2,Below 5 years,0.22208507,221.29667157903316,Low Risk,Promote long-term contract
Female,No,Yes,No,Yes,Yes,Fiber optic,Yes,Yes,Yes,No,No,No,Month-to-month,No,Bank transfer (automatic),91.75,865.8,Yes,1,1,1,1,1,0,0,0,5,Below 1 year,0.7077495,612.7695049524307,High Risk - High Value,Priority retention offer
Male,No,No,No,Yes,No,Fiber optic,No,Yes,No,Yes,No,No,Month-to-month,Yes,Electronic check,78.45,2435.15,Yes,1,0,0,1,0,1,0,0,3,Below 3 years,0.5757993,1402.1576321929695,Medium Risk,Promote security service
Male,No,No,No,Yes,No,No,No internet service,No internet service,No internet service,No internet service,No internet service,No internet service,One year,No,Mailed check,20.1,401.85,No,1,0,0,0,0,0,0,0,1,Below 3 years,0.09671733,38.86585818976164,Low Risk,Standard engagement
Male,No,No,No,Yes,No,No,No internet service,No internet service,No internet service,No internet service,No internet service,No internet service,Month-to-month,No,Mailed check,19.55,19.55,Yes,1,0,0,0,0,0,0,0,1,Below 1 year,0.51412314,10.051107421517372,Medium Risk,Promote long-term contract
Male,No,No,No,Yes,No,DSL,No,Yes,No,No,No,No,Month-to-month,Yes,Mailed check,49.9,130.1,Yes,1,0,0,1,0,0,0,0,2,Below 1 year,0.7142919,92.9293723642826,High Risk - New Customer,Onboarding intervention
Female,No,Yes,No,Yes,No,Fiber optic,No,No,No,No,Yes,No,Month-to-month,No,Electronic check,78.8,78.8,Yes,1,0,0,0,0,0,1,0,2,Below 1 year,0.904648,71.2862628698349,High Risk - High Value,Priority retention offer
Female,No,No,No,Yes,Yes,Fiber optic,No,No,Yes,No,Yes,Yes,Month-to-month,No,Credit card (automatic),98.3,923.5,Yes,1,1,0,0,1,0,1,1,5,Below 1 year,0.7977079,736.6832597851753,High Risk - High Value,Priority retention offer
Male,No,Yes,Yes,Yes,Yes,Fiber optic,No,Yes,Yes,No,Yes,Yes,Two year,Yes,Bank transfer (automatic),104.8,6597.25,No,1,1,0,1,1,0,1,1,6,oldest Customers,0.37550798,2477.3200249150395,Low Risk,Promote security service
Female,No,No,No,Yes,No,Fiber optic,No,No,No,No,No,No,Month-to-month,Yes,Electronic check,70.1,70.1,Yes,1,0,0,0,0,0,0,0,1,Below 1 year,0.9074568,63.61272274851798,High Risk - New Customer,Onboarding intervention
Male,Yes,No,No,Yes,Yes,Fiber optic,No,No,No,No,No,No,Month-to-month,Yes,Mailed check,74.85,156.4,Yes,1,1,0,0,0,0,0,0,2,Below 1 year,0.82692254,129.33068461418154,High Risk - High Value,Priority retention offer
Female,No,No,No,Yes,Yes,Fiber optic,Yes,No,Yes,No,Yes,Yes,Month-to-month,Yes,Electronic check,105.2,4400.75,Yes,1,1,1,0,1,0,1,1,6,Below 5 years,0.6929015,3049.286241441965,Medium Risk,Offer technical support
Male,No,No,No,Yes,No,No,No internet service,No internet service,No internet service,No internet service,No internet service,No internet service,Two year,Yes,Credit card (automatic),19.55,1218.65,No,1,0,0,0,0,0,0,0,1,oldest Customers,0.04774217,58.1809946788475,Low Risk,Standard engagement
Female,No,No,No,Yes,Yes,No,No internet service,No internet service,No internet service,No internet service,No internet service,No internet service,Two year,Yes,Credit card (automatic),24.7,1519.0,No,1,1,0,0,0,0,0,0,2,Below 5 years,0.053836234,81.77723931521177,Low Risk,Standard engagement
Female,No,No,No,Yes,No,No,No internet service,No internet service,No internet service,No internet service,No internet service,No internet service,Month-to-month,No,Mailed check,19.65,19.65,No,1,0,0,0,0,0,0,0,1,Below 1 year,0.52286255,10.274249178171157,Medium Risk,Promote long-term contract
Female,No,No,No,Yes,No,Fiber optic,No,No,No,No,Yes,No,Month-to-month,No,Electronic check,78.05,78.05,Yes,1,0,0,0,0,0,1,0,2,Below 1 year,0.9038137,70.54266082644462,High Risk - High Value,Priority retention offer
Male,No,Yes,Yes,No,No phone service,DSL,Yes,No,No,Yes,No,No,Month-to-month,Yes,Electronic check,34.5,279.25,Yes,0,0,1,0,0,1,0,0,2,Below 1 year,0.48310706,134.90764655917883,Medium Risk,Promote long-term contract
Male,No,No,No,Yes,No,DSL,No,No,No,No,No,No,Month-to-month,Yes,Electronic check,45.65,45.65,Yes,1,0,0,0,0,0,0,0,1,Below 1 year,0.8603226,39.27372644543647,High Risk - New Customer,Onboarding intervention
Male,No,No,No,Yes,No,DSL,No,No,No,No,No,No,Month-to-month,Yes,Electronic check,43.3,123.65,Yes,1,0,0,0,0,0,0,0,1,Below 1 year,0.81438637,100.69887437820435,High Risk - New Customer,Onboarding intervention
Female,Yes,No,No,No,No phone service,DSL,Yes,No,No,No,Yes,No,Month-to-month,Yes,Electronic check,41.9,840.1,Yes,0,0,1,0,0,0,1,0,2,Below 3 years,0.611871,514.0328305482865,Medium Risk,Offer technical support
Female,No,No,No,Yes,Yes,Fiber optic,No,No,Yes,Yes,No,Yes,Two year,Yes,Bank transfer (automatic),95.1,5064.85,No,1,1,0,0,1,1,0,1,5,Below 5 years,0.19683841,996.9570143476129,Low Risk,Promote security service
Male,No,No,No,Yes,Yes,Fiber optic,Yes,No,Yes,Yes,Yes,Yes,Two year,Yes,Electronic check,108.05,7532.15,Yes,1,1,1,0,1,1,1,1,7,oldest Customers,0.25230917,1900.4305400148032,Low Risk,Standard engagement
Male,No,Yes,Yes,Yes,No,No,No internet service,No internet service,No internet service,No internet service,No internet service,No internet service,Two year,No,Bank transfer (automatic),21.0,1493.75,No,1,0,0,0,0,0,0,0,1,oldest Customers,0.043671492,65.23429190274328,Low Risk,Standard engagement
Female,No,No,No,No,No phone service,DSL,Yes,No,Yes,Yes,No,No,One year,Yes,Credit card (automatic),41.1,2258.25,No,0,0,1,0,1,1,0,0,3,Below 5 years,0.12767263,288.3167112059891,Low Risk,Standard engagement
Female,No,No,No,Yes,No,No,No internet service,No internet service,No internet service,No internet service,No internet service,No internet service,Two year,No,Credit card (automatic),20.9,689.35,No,1,0,0,0,0,0,0,0,1,Below 3 years,0.055785704,38.45587533097714,Low Risk,Standard engagement
Female,No,Yes,No,Yes,Yes,DSL,Yes,No,No,Yes,Yes,Yes,Month-to-month,Yes,Electronic check,79.2,1742.75,Yes,1,1,1,0,0,1,1,1,6,Below 3 years,0.46197242,805.102427020669,Medium Risk,Promote long-term contract
Male,No,Yes,No,Yes,Yes,No,No internet service,No internet service,No internet service,No internet service,No internet service,No internet service,Month-to-month,No,Electronic check,25.4,1139.2,No,1,1,0,0,0,0,0,0,2,Below 5 years,0.26538754,302.32947998046876,Low Risk,Promote long-term contract
Female,No,No,No,Yes,No,Fiber optic,Yes,No,No,Yes,Yes,Yes,Month-to-month,Yes,Bank transfer (automatic),98.9,1120.95,Yes,1,0,1,0,0,1,1,1,5,Below 3 years,0.75825495,849.9658809095622,High Risk - High Value,Priority retention offer
Male,Yes,Yes,No,Yes,Yes,Fiber optic,No,Yes,Yes,No,Yes,Yes,Month-to-month,Yes,Electronic check,105.3,7299.65,Yes,1,1,0,1,1,0,1,1,6,oldest Customers,0.7310005,5336.047675994038,High Risk - High Value,Priority retention offer
Male,No,No,No,No,No phone service,DSL,No,Yes,No,Yes,No,No,Month-to-month,Yes,Mailed check,36.0,780.15,No,0,0,0,1,0,1,0,0,2,Below 3 years,0.2806351,218.93746443539857,Low Risk,Promote security service
Male,No,No,Yes,Yes,Yes,Fiber optic,No,No,No,No,No,No,Month-to-month,Yes,Credit card (automatic),73.75,871.4,Yes,1,1,0,0,0,0,0,0,2,Below 3 years,0.6620056,576.8716827273369,Medium Risk,Promote security service
Female,No,No,No,Yes,No,No,No internet service,No internet service,No internet service,No internet service,No internet service,No internet service,Month-to-month,No,Mailed check,19.5,19.5,No,1,0,0,0,0,0,0,0,1,Below 1 year,0.52475184,10.232660919427872,Medium Risk,Promote long-term contract
Female,No,Yes,No,Yes,No,Fiber optic,Yes,No,No,No,No,No,Month-to-month,Yes,Electronic check,73.2,1441.1,Yes,1,0,1,0,0,0,0,0,2,Below 3 years,0.62053263,894.2495757937431,Medium Risk,Offer technical support
Female,No,Yes,Yes,No,No phone service,DSL,Yes,No,No,Yes,No,No,Month-to-month,No,Mailed check,34.65,246.6,No,0,0,1,0,0,1,0,0,2,Below 1 year,0.387299,95.50793370008468,Low Risk,Promote long-term contract
Female,No,No,No,Yes,Yes,Fiber optic,No,No,Yes,No,No,Yes,Month-to-month,Yes,Electronic check,88.45,1422.1,Yes,1,1,0,0,1,0,0,1,4,Below 3 years,0.80964124,1151.3908102869987,High Risk - High Value,Priority retention offer
Female,No,No,No,Yes,Yes,DSL,No,No,No,No,No,No,Month-to-month,Yes,Bank transfer (automatic),49.95,49.95,Yes,1,1,0,0,0,0,0,0,2,Below 1 year,0.82083976,41.000946146249774,High Risk - New Customer,Onboarding intervention
Female,Yes,Yes,Yes,Yes,Yes,DSL,Yes,Yes,Yes,Yes,Yes,Yes,Two year,Yes,Credit card (automatic),88.05,6425.65,No,1,1,1,1,1,1,1,1,8,oldest Customers,0.084480934,542.8449125614017,Low Risk,Standard engagement
Female,No,No,No,Yes,No,No,No internet service,No internet service,No internet service,No internet service,No internet service,No internet service,Month-to-month,Yes,Mailed check,20.25,20.25,Yes,1,0,0,0,0,0,0,0,1,Below 1 year,0.67439693,13.656537875533104,Medium Risk,Promote long-term contract
Male,No,No,No,Yes,Yes,No,No internet service,No internet service,No internet service,No internet service,No internet service,No internet service,Two year,No,Mailed check,24.55,1657.4,No,1,1,0,0,0,0,0,0,2,oldest Customers,0.048902977,81.0517945073545,Low Risk,Standard engagement
Male,Yes,No,No,Yes,Yes,Fiber optic,No,No,Yes,No,No,No,Month-to-month,Yes,Credit card (automatic),81.1,2619.25,No,1,1,0,0,1,0,0,0,3,Below 3 years,0.5961692,1561.5161082595587,Medium Risk,Promote security service
Male,No,Yes,Yes,Yes,Yes,DSL,No,No,No,Yes,No,No,Month-to-month,Yes,Mailed check,55.7,259.4,No,1,1,0,0,0,1,0,0,3,Below 1 year,0.48577583,126.010249876976,Medium Risk,Promote security service
Male,No,Yes,Yes,Yes,Yes,No,No internet service,No internet service,No internet service,No internet service,No internet service,No internet service,Two year,Yes,Bank transfer (automatic),25.2,1798.9,No,1,1,0,0,0,0,0,0,2,oldest Customers,0.04794512,86.24847536161542,Low Risk,Standard engagement
Male,No,No,No,Yes,No,Fiber optic,No,No,Yes,No,No,No,Month-to-month,Yes,Bank transfer (automatic),74.8,321.9,Yes,1,0,0,0,1,0,0,0,2,Below 1 year,0.7742355,249.226403260231,High Risk - High Value,Priority retention offer
Female,No,No,Yes,No,No phone service,DSL,No,No,No,No,No,Yes,Month-to-month,Yes,Electronic check,35.0,553.0,Yes,0,0,0,0,0,0,0,1,1,Below 3 years,0.63525045,351.2934983968735,Medium Risk,Promote security service
Male,No,Yes,Yes,Yes,No,Fiber optic,Yes,No,No,No,No,No,Month-to-month,No,Mailed check,75.1,1151.55,No,1,0,1,0,0,0,0,0,2,Below 3 years,0.4898169,564.0486558794975,Medium Risk,Offer technical support
Male,No,Yes,No,Yes,Yes,Fiber optic,No,Yes,No,Yes,Yes,No,Two year,Yes,Electronic check,94.1,5638.3,Yes,1,1,0,1,0,1,1,0,5,oldest Customers,0.27203855,1533.8349518686534,Low Risk,Promote security service
Female,No,No,No,Yes,Yes,Fiber optic,No,No,No,Yes,Yes,Yes,Month-to-month,Yes,Bank transfer (automatic),99.85,1776.95,Yes,1,1,0,0,0,1,1,1,5,Below 3 years,0.6522942,1159.0942116349936,Medium Risk,Promote security service
Female,No,No,No,Yes,Yes,Fiber optic,No,No,No,No,Yes,Yes,Month-to-month,Yes,Mailed check,93.9,486.85,Yes,1,1,0,0,0,0,1,1,4,Below 1 year,0.8486097,413.14562557935716,High Risk - High Value,Priority retention offer
Male,Yes,No,No,Yes,Yes,Fiber optic,No,Yes,Yes,No,Yes,Yes,Month-to-month,Yes,Electronic check,105.0,294.45,Yes,1,1,0,1,1,0,1,1,6,Below 1 year,0.88993186,262.0404354661703,High Risk - High Value,Priority retention offer
Male,No,Yes,Yes,Yes,No,DSL,No,Yes,No,Yes,Yes,No,Month-to-month,No,Credit card (automatic),65.0,3363.8,No,1,0,0,1,0,1,1,0,4,Below 5 years,0.18501979,622.3695733904839,Low Risk,Promote security service
Male,No,No,No,Yes,No,DSL,No,No,No,No,Yes,No,Month-to-month,No,Mailed check,55.15,159.15,Yes,1,0,0,0,0,0,1,0,2,Below 1 year,0.6720852,106.96236365139485,Medium Risk,Promote security service
Male,No,Yes,No,Yes,Yes,Fiber optic,No,No,No,No,No,Yes,Month-to-month,Yes,Electronic check,85.25,855.3,Yes,1,1,0,0,0,0,0,1,3,Below 1 year,0.8589697,734.6767745018005,High Risk - High Value,Priority retention offer
Male,No,No,No,Yes,No,No,No internet service,No internet service,No internet service,No internet service,No internet service,No internet service,Month-to-month,No,Credit card (automatic),20.0,198.7,No,1,0,0,0,0,0,0,0,1,Below 1 year,0.28823105,57.27150864303112,Low Risk,Promote long-term contract
Female,No,Yes,No,Yes,No,Fiber optic,Yes,No,No,Yes,Yes,Yes,One year,Yes,Credit card (automatic),101.9,2681.15,No,1,0,1,0,0,1,1,1,5,Below 3 years,0.4232583,1134.819003367424,Medium Risk,Standard engagement
Male,Yes,Yes,No,Yes,Yes,Fiber optic,No,No,No,No,No,Yes,Month-to-month,Yes,Electronic check,84.1,3021.6,Yes,1,1,0,0,0,0,0,1,3,Below 5 years,0.77585965,2344.337530374527,High Risk - High Value,Priority retention offer
Female,Yes,Yes,No,Yes,Yes,DSL,No,Yes,Yes,No,No,Yes,One year,No,Bank transfer (automatic),71.7,1497.05,No,1,1,0,1,1,0,0,1,5,Below 3 years,0.29058775,435.02439571470023,Low Risk,Promote security service
Male,Yes,Yes,No,Yes,Yes,Fiber optic,Yes,No,Yes,No,No,No,Month-to-month,Yes,Bank transfer (automatic),83.75,3273.55,Yes,1,1,1,0,1,0,0,0,4,Below 5 years,0.5320494,1741.690370643139,Medium Risk,Offer technical support
Male,No,No,No,No,No phone service,DSL,No,No,No,No,No,No,Month-to-month,No,Bank transfer (automatic),24.8,24.8,Yes,0,0,0,0,0,0,0,0,0,Below 1 year,0.7259799,18.00430212020874,High Risk - New Customer,Onboarding intervention
Male,No,No,No,Yes,Yes,Fiber optic,No,No,Yes,No,Yes,No,Month-to-month,Yes,Mailed check,89.85,2165.05,Yes,1,1,0,0,1,0,1,0,4,Below 3 years,0.6245922,1352.2733101785184,Medium Risk,Promote security service
Female,No,No,No,Yes,No,Fiber optic,No,No,No,No,Yes,No,Month-to-month,Yes,Electronic check,80.25,80.25,Yes,1,0,0,0,0,0,1,0,2,Below 1 year,0.92044497,73.86570847034454,High Risk - High Value,Priority retention offer
Male,Yes,No,No,No,No phone service,DSL,No,Yes,No,Yes,No,Yes,Month-to-month,Yes,Electronic check,44.4,265.8,No,0,0,0,1,0,1,0,1,3,Below 1 year,0.60325766,160.34588499069216,Medium Risk,Promote security service
Male,No,No,No,Yes,No,No,No internet service,No internet service,No internet service,No internet service,No internet service,No internet service,One year,No,Mailed check,19.5,225.85,No,1,0,0,0,0,0,0,0,1,Below 1 year,0.10493612,23.69982335567474,Low Risk,Standard engagement
Female,No,Yes,No,Yes,No,DSL,Yes,Yes,Yes,No,No,No,One year,Yes,Mailed check,61.5,2722.2,No,1,0,1,1,1,0,0,0,4,Below 5 years,0.14595175,397.3098481178283,Low Risk,Offer technical support
Male,Yes,Yes,No,Yes,No,Fiber optic,No,No,No,No,No,Yes,Month-to-month,Yes,Credit card (automatic),80.3,2483.05,Yes,1,0,0,0,0,0,0,1,2,Below 3 years,0.6495486,1612.861626854539,Medium Risk,Promote security service
Male,No,Yes,No,Yes,Yes,Fiber optic,No,Yes,No,No,No,No,Month-to-month,Yes,Electronic check,81.3,416.3,Yes,1,1,0,1,0,0,0,0,3,Below 1 year,0.85167664,354.5529864370823,High Risk - High Value,Priority retention offer
Male,No,No,No,Yes,No,No,No internet service,No internet service,No internet service,No internet service,No internet service,No internet service,Month-to-month,Yes,Mailed check,20.2,20.2,Yes,1,0,0,0,0,0,0,0,1,Below 1 year,0.66497827,13.432560968399047,Medium Risk,Promote long-term contract
Female,No,Yes,No,Yes,No,No,No internet service,No internet service,No internet service,No internet service,No internet service,No internet service,Month-to-month,No,Bank transfer (automatic),19.85,52.0,No,1,0,0,0,0,0,0,0,1,Below 1 year,0.42441374,22.069514513015747,Medium Risk,Promote long-term contract
Male,Yes,No,No,Yes,Yes,Fiber optic,No,No,Yes,No,Yes,Yes,Month-to-month,Yes,Electronic check,98.55,1842.8,Yes,1,1,0,0,1,0,1,1,5,Below 3 years,0.8543743,1574.4409407138824,High Risk - High Value,Priority retention offer
Male,No,No,No,Yes,Yes,DSL,No,Yes,No,Yes,No,No,Month-to-month,Yes,Credit card (automatic),58.6,939.7,Yes,1,1,0,1,0,1,0,0,4,Below 3 years,0.3791676,356.30378109514714,Low Risk,Promote security service
Male,Yes,Yes,No,Yes,Yes,Fiber optic,Yes,No,No,No,No,No,Month-to-month,Yes,Electronic check,80.3,80.3,Yes,1,1,1,0,0,0,0,0,3,Below 1 year,0.85792994,68.89177458286285,High Risk - High Value,Priority retention offer
Female,Yes,No,No,Yes,Yes,DSL,No,No,No,No,No,No,Month-to-month,No,Mailed check,50.55,50.55,Yes,1,1,0,0,0,0,0,0,2,Below 1 year,0.79078704,39.974284932017326,High Risk - New Customer,Onboarding intervention
Female,No,No,No,Yes,No,No,No internet service,No internet service,No internet service,No internet service,No internet service,No internet service,Month-to-month,No,Mailed check,20.95,20.95,Yes,1,0,0,0,0,0,0,0,1,Below 1 year,0.5756212,12.059263882040977,Medium Risk,Promote long-term contract
Female,No,Yes,Yes,Yes,No,Fiber optic,No,No,No,No,No,No,Month-to-month,Yes,Mailed check,69.1,69.1,Yes,1,0,0,0,0,0,0,0,1,Below 1 year,0.8570247,59.22040879130363,High Risk - New Customer,Onboarding intervention
Male,Yes,No,No,Yes,No,Fiber optic,No,No,No,No,No,No,Month-to-month,Yes,Electronic check,71.65,71.65,Yes,1,0,0,0,0,0,0,0,1,Below 1 year,0.9074061,65.01564646959305,High Risk - New Customer,Onboarding intervention
Female,No,No,No,Yes,Yes,DSL,No,No,No,Yes,Yes,No,Month-to-month,Yes,Electronic check,63.6,155.65,Yes,1,1,0,0,0,1,1,0,4,Below 1 year,0.7385462,114.95471488535405,High Risk - New Customer,Onboarding intervention
Female,No,No,No,Yes,Yes,Fiber optic,No,No,Yes,No,No,Yes,Month-to-month,Yes,Electronic check,89.9,2806.9,Yes,1,1,0,0,1,0,0,1,4,Below 3 years,0.76156276,2137.630524080992,High Risk - High Value,Priority retention offer
Male,No,No,Yes,Yes,No,Fiber optic,No,No,No,No,No,No,Month-to-month,Yes,Mailed check,70.45,70.45,Yes,1,0,0,0,0,0,0,0,1,Below 1 year,0.85098356,59.95179180800915,High Risk - New Customer,Onboarding intervention
Male,No,No,Yes,Yes,Yes,DSL,Yes,No,Yes,Yes,Yes,Yes,Two year,Yes,Electronic check,84.95,4984.85,No,1,1,1,0,1,1,1,1,7,oldest Customers,0.12720978,634.1216847956181,Low Risk,Standard engagement
Female,No,Yes,Yes,Yes,Yes,No,No internet service,No internet service,No internet service,No internet service,No internet service,No internet service,Two year,No,Bank transfer (automatic),25.2,1787.35,No,1,1,0,0,0,0,0,0,2,oldest Customers,0.047609717,85.09522706121206,Low Risk,Standard engagement
Female,No,Yes,No,Yes,Yes,No,No internet service,No internet service,No internet service,No internet service,No internet service,No internet service,Two year,Yes,Credit card (automatic),24.95,1718.35,No,1,1,0,0,0,0,0,0,2,oldest Customers,0.05129127,88.13635091576725,Low Risk,Standard engagement
Male,No,No,No,No,No phone service,DSL,Yes,Yes,Yes,Yes,No,No,Month-to-month,Yes,Mailed check,43.25,219.0,Yes,0,0,1,1,1,1,0,0,4,Below 1 year,0.40912056,89.59740257263184,Medium Risk,Promote long-term contract
Male,No,Yes,No,Yes,Yes,No,No internet service,No internet service,No internet service,No internet service,No internet service,No internet service,Two year,No,Bank transfer (automatic),25.15,1940.85,No,1,1,0,0,0,0,0,0,2,oldest Customers,0.05158292,100.11471279803663,Low Risk,Standard engagement
Male,No,No,No,Yes,No,No,No internet service,No internet service,No internet service,No internet service,No internet service,No internet service,Two year,No,Bank transfer (automatic),20.65,1125.6,No,1,0,0,0,0,0,0,0,1,Below 5 years,0.048490547,54.58095930218696,Low Risk,Standard engagement
Female,No,No,No,Yes,Yes,Fiber optic,No,Yes,No,No,Yes,Yes,One year,No,Bank transfer (automatic),99.9,6137.0,Yes,1,1,0,1,0,0,1,1,5,oldest Customers,0.4786342,2937.378137201071,Medium Risk,Promote security service
Female,Yes,No,No,Yes,Yes,Fiber optic,No,Yes,No,No,No,No,Two year,Yes,Credit card (automatic),79.2,4590.35,No,1,1,0,1,0,0,0,0,3,Below 5 years,0.17075528,783.8265089325607,Low Risk,Promote security service
Female,Yes,No,No,Yes,No,Fiber optic,No,No,No,No,No,No,Month-to-month,Yes,Electronic check,70.15,70.15,Yes,1,0,0,0,0,0,0,0,1,Below 1 year,0.9089555,63.763229337334636,High Risk - New Customer,Onboarding intervention
Female,No,No,No,Yes,No,No,No internet service,No internet service,No internet service,No internet service,No internet service,No internet service,One year,No,Credit card (automatic),19.35,295.55,No,1,0,0,0,0,0,0,0,1,Below 3 years,0.119577415,35.341105088219045,Low Risk,Standard engagement
Female,Yes,No,No,Yes,No,DSL,No,Yes,No,Yes,No,No,Month-to-month,No,Bank transfer (automatic),54.65,1830.1,No,1,0,0,1,0,1,0,0,3,Below 3 years,0.28415468,520.0314860016107,Low Risk,Promote security service
Female,No,No,No,Yes,No,No,No internet service,No internet service,No internet service,No internet service,No internet service,No internet service,Month-to-month,No,Credit card (automatic),19.95,19.95,No,1,0,0,0,0,0,0,0,1,Below 1 year,0.55454546,11.063181969523429,Medium Risk,Promote long-term contract
Male,No,Yes,Yes,Yes,No,DSL,No,No,No,No,Yes,Yes,One year,Yes,Electronic check,64.75,877.35,No,1,0,0,0,0,0,1,1,3,Below 3 years,0.4012102,352.0017592012882,Medium Risk,Promote security service
Male,No,Yes,Yes,Yes,No,Fiber optic,No,No,No,No,No,No,Month-to-month,Yes,Mailed check,69.9,69.9,Yes,1,0,0,0,0,0,0,0,1,Below 1 year,0.85262084,59.59819672107697,High Risk - New Customer,Onboarding intervention
Male,No,Yes,No,Yes,Yes,Fiber optic,No,Yes,Yes,No,Yes,Yes,Month-to-month,Yes,Electronic check,103.4,6603.0,Yes,1,1,0,1,1,0,1,1,6,oldest Customers,0.7154861,4724.354779422283,High Risk - High Value,Priority retention offer
Female,Yes,Yes,No,Yes,Yes,Fiber optic,No,Yes,No,No,Yes,Yes,Month-to-month,Yes,Electronic check,100.2,1369.8,Yes,1,1,0,1,0,0,1,1,5,Below 3 years,0.87367725,1196.7631021499633,High Risk - High Value,Priority retention offer
Female,No,No,No,Yes,Yes,Fiber optic,No,No,No,No,No,No,Month-to-month,Yes,Electronic check,74.9,541.15,Yes,1,1,0,0,0,0,0,0,2,Below 1 year,0.847247,458.48771649003027,High Risk - High Value,Priority retention offer
Male,Yes,Yes,No,Yes,Yes,Fiber optic,No,Yes,Yes,Yes,Yes,No,One year,Yes,Bank transfer (automatic),98.7,4525.8,No,1,1,0,1,1,1,1,0,6,Below 5 years,0.34863666,1577.8597822487354,Low Risk,Promote security service
Female,No,Yes,No,Yes,Yes,Fiber optic,Yes,No,No,No,Yes,Yes,Two year,No,Bank transfer (automatic),99.15,6875.35,No,1,1,1,0,0,0,1,1,5,oldest Customers,0.20884332,1435.8709243431688,Low Risk,Offer technical support
Female,No,No,No,Yes,No,No,No internet service,No internet service,No internet service,No internet service,No internet service,No internet service,Month-to-month,No,Mailed check,19.45,246.25,No,1,0,0,0,0,0,0,0,1,Below 3 years,0.27586025,67.93058656156063,Low Risk,Promote long-term contract
Female,No,No,Yes,Yes,No,No,No internet service,No internet service,No internet service,No internet service,No internet service,No internet service,Month-to-month,No,Credit card (automatic),20.1,221.35,Yes,1,0,0,0,0,0,0,0,1,Below 1 year,0.26999182,59.76268827021122,Low Risk,Promote long-term contract
Male,No,No,No,Yes,No,No,No internet service,No internet service,No internet service,No internet service,No internet service,No internet service,Month-to-month,Yes,Electronic check,20.5,76.95,No,1,0,0,0,0,0,0,0,1,Below 1 year,0.50198853,38.62801739573479,Medium Risk,Promote long-term contract
Male,No,Yes,Yes,Yes,Yes,Fiber optic,No,No,Yes,Yes,Yes,Yes,Month-to-month,Yes,Bank transfer (automatic),107.35,5118.95,Yes,1,1,0,0,1,1,1,1,6,Below 5 years,0.53752035,2751.5397906452417,Medium Risk,Promote security service
Male,Yes,Yes,No,Yes,No,Fiber optic,No,No,Yes,No,Yes,Yes,Month-to-month,Yes,Electronic check,93.15,2231.05,Yes,1,0,0,0,1,0,1,1,4,Below 3 years,0.8055337,1797.185977318883,High Risk - High Value,Priority retention offer
Female,No,No,No,Yes,No,DSL,No,No,No,No,No,No,Month-to-month,Yes,Electronic check,45.05,523.1,No,1,0,0,0,0,0,0,0,1,Below 3 years,0.63752717,333.4904614746571,Medium Risk,Promote security service
Female,No,No,No,Yes,No,Fiber optic,No,Yes,No,No,No,Yes,Month-to-month,Yes,Mailed check,84.3,1855.65,Yes,1,0,0,1,0,0,0,1,3,Below 3 years,0.6341378,1176.7378257840871,Medium Risk,Promote security service
Female,No,Yes,Yes,Yes,No,DSL,No,Yes,No,No,Yes,No,Month-to-month,Yes,Credit card (automatic),58.7,168.6,No,1,0,0,1,0,0,1,0,3,Below 1 year,0.7101657,119.73393355607986,High Risk - New Customer,Onboarding intervention
Male,Yes,No,No,Yes,Yes,Fiber optic,No,No,No,No,Yes,Yes,Month-to-month,Yes,Electronic check,95.45,3474.05,Yes,1,1,0,0,0,0,1,1,4,Below 3 years,0.7856079,2729.2410360366107,High Risk - High Value,Priority retention offer
Male,No,Yes,No,Yes,No,No,No internet service,No internet service,No internet service,No internet service,No internet service,No internet service,One year,Yes,Bank transfer (automatic),20.95,495.15,No,1,0,0,0,0,0,0,0,1,Below 3 years,0.10988141,54.407779425010084,Low Risk,Standard engagement
Male,No,No,No,Yes,No,Fiber optic,No,Yes,No,No,No,No,Month-to-month,Yes,Electronic check,74.75,144.8,No,1,0,0,1,0,0,0,0,2,Below 1 year,0.86578375,125.36548714637757,High Risk - High Value,Priority retention offer
Male,No,Yes,No,Yes,Yes,Fiber optic,Yes,Yes,Yes,Yes,Yes,Yes,Two year,Yes,Bank transfer (automatic),116.1,8310.55,No,1,1,1,1,1,1,1,1,8,oldest Customers,0.11660686,969.0671516165137,Low Risk,Standard engagement
Male,No,Yes,Yes,Yes,No,Fiber optic,No,No,No,No,No,Yes,Month-to-month,Yes,Electronic check,81.05,81.05,No,1,0,0,0,0,0,0,1,2,Below 1 year,0.9167409,74.30184948444366,High Risk - High Value,Priority retention offer
Female,No,Yes,No,Yes,Yes,Fiber optic,No,Yes,Yes,No,Yes,Yes,Month-to-month,Yes,Electronic check,105.2,6936.85,No,1,1,0,1,1,0,1,1,6,oldest Customers,0.6907762,4791.811083477735,Medium Risk,Promote security service
Male,No,No,No,No,No phone service,DSL,No,No,No,No,No,No,Month-to-month,Yes,Bank transfer (automatic),25.15,331.85,No,0,0,0,0,0,0,0,0,0,Below 3 years,0.5077464,168.49564232528212,Medium Risk,Promote security service
Male,No,Yes,Yes,Yes,Yes,DSL,Yes,Yes,Yes,Yes,Yes,Yes,Two year,No,Credit card (automatic),89.85,6562.9,No,1,1,1,1,1,1,1,1,8,oldest Customers,0.06643333,435.9953202299773,Low Risk,Standard engagement
Male,No,Yes,Yes,Yes,No,No,No internet service,No internet service,No internet service,No internet service,No internet service,No internet service,One year,No,Bank transfer (automatic),20.0,860.85,No,1,0,0,0,0,0,0,0,1,Below 5 years,0.09248817,79.61844086050988,Low Risk,Standard engagement
Female,No,No,No,Yes,No,No,No internet service,No internet service,No internet service,No internet service,No internet service,No internet service,Two year,Yes,Bank transfer (automatic),20.75,844.45,No,1,0,0,0,0,0,0,0,1,Below 5 years,0.05327015,44.98397814724595,Low Risk,Standard engagement
Male,No,Yes,Yes,Yes,No,Fiber optic,No,Yes,No,Yes,Yes,Yes,One year,No,Bank transfer (automatic),100.0,1888.65,Yes,1,0,0,1,0,1,1,1,5,Below 3 years,0.4466701,843.6034563973546,Medium Risk,Promote security service
Male,No,Yes,No,No,No phone service,DSL,No,No,Yes,Yes,Yes,Yes,Month-to-month,Yes,Bank transfer (automatic),54.55,2978.3,Yes,0,0,0,0,1,1,1,1,4,Below 5 years,0.31595623,941.0124544978142,Low Risk,Promote security service
Female,Yes,No,No,Yes,Yes,Fiber optic,No,Yes,Yes,No,Yes,Yes,One year,Yes,Bank transfer (automatic),104.75,5510.65,Yes,1,1,0,1,1,0,1,1,6,Below 5 years,0.54928726,3026.9298369973894,Medium Risk,Promote security service
Female,No,Yes,Yes,Yes,No,Fiber optic,No,No,No,No,Yes,Yes,One year,No,Bank transfer (automatic),88.9,4968.0,No,1,0,0,0,0,0,1,1,3,Below 5 years,0.34654832,1721.652048110962,Low Risk,Promote security service
Female,No,No,No,No,No phone service,DSL,No,No,No,No,No,No,Month-to-month,No,Mailed check,25.2,25.2,Yes,0,0,0,0,0,0,0,0,0,Below 1 year,0.7564464,19.0624498128891,High Risk - New Customer,Onboarding intervention
Female,No,Yes,Yes,Yes,No,Fiber optic,No,No,No,No,No,No,Month-to-month,Yes,Bank transfer (automatic),69.75,3557.7,No,1,0,0,0,0,0,0,0,1,Below 5 years,0.372558,1325.4495884299279,Low Risk,Promote security service
Male,Yes,No,No,Yes,No,DSL,No,No,Yes,No,No,No,Month-to-month,No,Electronic check,50.35,237.25,Yes,1,0,0,0,1,0,0,0,2,Below 1 year,0.742006,176.04092441499233,High Risk - New Customer,Onboarding intervention
Female,No,No,Yes,No,No phone service,DSL,Yes,No,Yes,Yes,Yes,Yes,One year,No,Bank transfer (automatic),60.15,3077.0,No,0,0,1,0,1,1,1,1,5,Below 5 years,0.17870727,549.8822753727436,Low Risk,Standard engagement
Female,Yes,Yes,No,Yes,No,Fiber optic,Yes,No,No,No,No,No,Month-to-month,Yes,Bank transfer (automatic),75.2,1929.35,Yes,1,0,1,0,0,0,0,0,2,Below 3 years,0.560114,1080.655996197462,Medium Risk,Offer technical support
Male,No,No,Yes,Yes,No,No,No internet service,No internet service,No internet service,No internet service,No internet service,No internet service,Month-to-month,Yes,Electronic check,19.4,374.5,Yes,1,0,0,0,0,0,0,0,1,Below 3 years,0.2695116,100.93209804594517,Low Risk,Promote long-term contract
Female,No,No,No,Yes,Yes,Fiber optic,No,Yes,No,No,Yes,Yes,Month-to-month,Yes,Credit card (automatic),100.25,100.25,Yes,1,1,0,1,0,0,1,1,5,Below 1 year,0.9017776,90.40320691466331,High Risk - High Value,Priority retention offer
Female,No,No,No,Yes,Yes,Fiber optic,No,Yes,No,No,No,Yes,Month-to-month,Yes,Electronic check,89.15,1057.55,No,1,1,0,1,0,0,0,1,4,Below 3 years,0.84674704,895.4773329436779,High Risk - High Value,Priority retention offer
Male,No,Yes,Yes,Yes,No,No,No internet service,No internet service,No internet service,No internet service,No internet service,No internet service,One year,No,Mailed check,19.9,357.7,No,1,0,0,0,0,0,0,0,1,Below 3 years,0.09228038,33.008692079037424,Low Risk,Standard engagement
Female,No,Yes,No,Yes,Yes,Fiber optic,No,Yes,No,No,Yes,Yes,Month-to-month,No,Electronic check,101.1,6039.9,Yes,1,1,0,1,0,0,1,1,5,Below 5 years,0.6264518,3783.7061684310434,Medium Risk,Promote security service
Male,No,Yes,Yes,Yes,No,DSL,No,No,Yes,No,No,No,Month-to-month,Yes,Electronic check,50.15,168.15,Yes,1,0,0,0,1,0,0,0,2,Below 1 year,0.8113914,136.43546613156795,High Risk - New Customer,Onboarding intervention
Female,No,No,Yes,Yes,Yes,DSL,No,No,Yes,No,No,No,One year,Yes,Mailed check,55.85,937.5,Yes,1,1,0,0,1,0,0,0,3,Below 3 years,0.24832822,232.80770983546972,Low Risk,Promote security service
Male,Yes,No,No,Yes,Yes,Fiber optic,No,No,No,No,No,No,Month-to-month,Yes,Electronic check,75.75,75.75,Yes,1,1,0,0,0,0,0,0,2,Below 1 year,0.9176301,69.51047828793526,High Risk - High Value,Priority retention offer
Male,No,Yes,No,Yes,No,Fiber optic,No,Yes,No,Yes,Yes,Yes,Month-to-month,Yes,Electronic check,99.85,990.9,Yes,1,0,0,1,0,1,1,1,5,Below 1 year,0.8100729,802.7012354850768,High Risk - High Value,Priority retention offer
Male,No,Yes,Yes,Yes,No,Fiber optic,Yes,No,No,No,No,Yes,Month-to-month,No,Electronic check,84.05,1095.3,Yes,1,0,1,0,0,0,0,1,3,Below 3 years,0.7167265,785.030515640974,High Risk - High Value,Priority retention offer
Male,No,Yes,No,Yes,Yes,DSL,Yes,No,No,No,No,No,One year,Yes,Electronic check,55.35,2633.95,No,1,1,1,0,0,0,0,0,3,Below 5 years,0.17719716,466.7284552007913,Low Risk,Offer technical support
Male,No,Yes,No,Yes,Yes,DSL,Yes,No,No,Yes,Yes,Yes,One year,No,Credit card (automatic),80.45,3375.9,No,1,1,1,0,0,1,1,1,6,Below 5 years,0.2294582,774.6279304638505,Low Risk,Standard engagement
Female,Yes,Yes,No,Yes,Yes,Fiber optic,No,Yes,Yes,No,Yes,Yes,One year,Yes,Credit card (automatic),105.75,7629.85,No,1,1,0,1,1,0,1,1,6,oldest Customers,0.40621796,3099.38212120682,Medium Risk,Promote security service
Female,No,Yes,No,Yes,Yes,Fiber optic,No,No,Yes,No,Yes,Yes,Month-to-month,Yes,Electronic check,100.45,3414.65,No,1,1,0,0,1,0,1,1,5,Below 3 years,0.78604215,2684.0588405936955,High Risk - High Value,Priority retention offer
Male,No,No,No,Yes,No,No,No internet service,No internet service,No internet service,No internet service,No internet service,No internet service,Month-to-month,No,Mailed check,21.05,113.85,Yes,1,0,0,0,0,0,0,0,1,Below 1 year,0.3326277,37.86966520249843,Low Risk,Promote long-term contract
Female,No,No,No,Yes,Yes,Fiber optic,No,No,No,No,No,Yes,Month-to-month,Yes,Electronic check,84.6,1115.2,Yes,1,1,0,0,0,0,0,1,3,Below 3 years,0.85493183,953.4199783325196,High Risk - High Value,Priority retention offer
Male,No,No,No,Yes,No,Fiber optic,Yes,No,No,No,No,Yes,Month-to-month,Yes,Mailed check,84.6,84.6,Yes,1,0,1,0,0,0,0,1,3,Below 1 year,0.83319837,70.48858197927474,High Risk - High Value,Priority retention offer
Female,No,No,No,Yes,No,DSL,No,No,No,No,No,No,One year,No,Bank transfer (automatic),45.05,2462.6,No,1,0,0,0,0,0,0,0,1,Below 5 years,0.19904216,490.1612141996622,Low Risk,Promote security service
Male,No,No,No,Yes,No,Fiber optic,No,No,No,Yes,Yes,Yes,Month-to-month,Yes,Credit card (automatic),95.1,865.1,No,1,0,0,0,0,1,1,1,4,Below 1 year,0.7357193,636.4707864642144,High Risk - High Value,Priority retention offer
Female,No,Yes,No,No,No phone service,DSL,No,No,Yes,Yes,No,Yes,Two year,Yes,Electronic check,47.05,3263.6,No,0,0,0,0,1,1,0,1,3,oldest Customers,0.1725422,563.1087222635746,Low Risk,Promote security service
Female,No,No,Yes,No,No phone service,DSL,No,No,Yes,No,No,No,Month-to-month,No,Credit card (automatic),30.1,1131.3,Yes,0,0,0,0,1,0,0,0,1,Below 5 years,0.35719588,404.0957035571337,Low Risk,Promote security service
Female,Yes,Yes,No,Yes,Yes,Fiber optic,No,Yes,No,No,No,Yes,Month-to-month,No,Electronic check,89.45,5294.6,No,1,1,0,1,0,0,0,1,4,oldest Customers,0.4582977,2426.50300077796,Medium Risk,Promote security service
Female,No,No,No,Yes,Yes,Fiber optic,No,No,No,No,No,No,Month-to-month,Yes,Credit card (automatic),76.0,2215.25,No,1,1,0,0,0,0,0,0,2,Below 3 years,0.5437138,1204.4620133042336,Medium Risk,Promote security service
Male,No,No,No,Yes,Yes,No,No internet service,No internet service,No internet service,No internet service,No internet service,No internet service,One year,No,Bank transfer (automatic),25.3,676.35,Yes,1,1,0,0,0,0,0,0,2,Below 3 years,0.12833454,86.7990642003715,Low Risk,Standard engagement
Female,No,No,No,Yes,Yes,Fiber optic,Yes,No,No,No,No,No,Month-to-month,Yes,Electronic check,79.8,1001.2,No,1,1,1,0,0,0,0,0,3,Below 3 years,0.72565407,726.524850487709,High Risk - High Value,Priority retention offer
Female,No,Yes,Yes,Yes,Yes,Fiber optic,No,Yes,Yes,Yes,No,No,One year,Yes,Electronic check,89.55,3474.45,Yes,1,1,0,1,1,1,0,0,5,Below 5 years,0.31006894,1077.3190117523075,Low Risk,Promote security service
Female,No,Yes,Yes,Yes,No,No,No internet service,No internet service,No internet service,No internet service,No internet service,No internet service,Month-to-month,No,Mailed check,20.35,76.35,Yes,1,0,0,0,0,0,0,0,1,Below 1 year,0.3017688,23.040048609673974,Low Risk,Promote long-term contract
Female,No,No,Yes,Yes,No,No,No internet service,No internet service,No internet service,No internet service,No internet service,No internet service,Month-to-month,No,Mailed check,19.95,170.9,No,1,0,0,0,0,0,0,0,1,Below 1 year,0.2789782,47.67737416923046,Low Risk,Promote long-term contract
Male,No,No,No,Yes,Yes,DSL,Yes,Yes,Yes,No,No,Yes,Two year,Yes,Credit card (automatic),74.6,4798.4,No,1,1,1,1,1,0,0,1,6,oldest Customers,0.090270326,433.1531300783157,Low Risk,Offer technical support
Male,No,No,No,Yes,No,No,No internet service,No internet service,No internet service,No internet service,No internet service,No internet service,Month-to-month,No,Mailed check,20.2,20.2,Yes,1,0,0,0,0,0,0,0,1,Below 1 year,0.5702775,11.51960574388504,Medium Risk,Promote long-term contract
Female,No,Yes,No,Yes,No,DSL,Yes,No,Yes,Yes,No,Yes,One year,Yes,Bank transfer (automatic),68.75,1689.45,No,1,0,1,0,1,1,0,1,5,Below 3 years,0.19703786,332.88561384603383,Low Risk,Standard engagement
Female,No,No,No,Yes,No,Fiber optic,Yes,No,No,No,No,No,Month-to-month,No,Electronic check,76.4,838.7,No,1,0,1,0,0,0,0,0,2,Below 1 year,0.70048237,587.4945624351502,High Risk - High Value,Priority retention offer
Female,No,Yes,Yes,No,No phone service,DSL,No,Yes,Yes,Yes,Yes,Yes,Two year,Yes,Electronic check,60.0,4264.0,No,0,0,0,1,1,1,1,1,5,oldest Customers,0.1376107,586.772040605545,Low Risk,Promote security service
Female,No,Yes,No,Yes,Yes,Fiber optic,No,No,No,No,Yes,No,Month-to-month,Yes,Electronic check,84.95,1378.25,Yes,1,1,0,0,0,0,1,0,3,Below 3 years,0.8131215,1120.6847041100264,High Risk - High Value,Priority retention offer
Male,No,No,Yes,Yes,No,Fiber optic,No,Yes,No,No,Yes,Yes,Month-to-month,Yes,Electronic check,95.9,2448.75,Yes,1,0,0,1,0,0,1,1,4,Below 3 years,0.7924549,1940.523932352662,High Risk - High Value,Priority retention offer
Male,Yes,No,No,No,No phone service,DSL,No,No,No,No,No,No,Month-to-month,Yes,Electronic check,25.1,25.1,Yes,0,0,0,0,0,0,0,0,0,Below 1 year,0.8408903,21.106346237659455,High Risk - New Customer,Onboarding intervention
Female,No,No,Yes,Yes,Yes,Fiber optic,Yes,No,No,Yes,No,No,Month-to-month,Yes,Mailed check,86.0,1164.05,No,1,1,1,0,0,1,0,0,4,Below 3 years,0.5224534,608.1619120657443,Medium Risk,Promote long-term contract
Female,No,No,No,Yes,Yes,Fiber optic,No,Yes,Yes,Yes,Yes,Yes,One year,No,Credit card (automatic),110.45,3327.05,No,1,1,0,1,1,1,1,1,7,Below 3 years,0.34306082,1141.380505488813,Low Risk,Promote security service
Male,No,No,No,Yes,No,Fiber optic,No,No,No,No,No,No,Month-to-month,No,Electronic check,70.4,70.4,Yes,1,0,0,0,0,0,0,0,1,Below 1 year,0.8872296,62.46096534729004,High Risk - New Customer,Onboarding intervention
Male,No,Yes,No,Yes,No,Fiber optic,No,No,Yes,No,No,No,Month-to-month,No,Electronic check,76.2,76.2,Yes,1,0,0,0,1,0,0,0,2,Below 1 year,0.8953271,68.22392435073853,High Risk - High Value,Priority retention offer
Female,Yes,No,No,Yes,No,Fiber optic,No,No,No,No,Yes,Yes,Month-to-month,No,Bank transfer (automatic),89.7,1047.7,Yes,1,0,0,0,0,0,1,1,3,Below 1 year,0.7962088,834.1879585921765,High Risk - High Value,Priority retention offer
Male,No,Yes,Yes,Yes,No,DSL,Yes,No,No,Yes,No,No,One year,No,Credit card (automatic),57.2,1423.35,No,1,0,1,0,0,1,0,0,3,Below 3 years,0.12152862,172.97775848396122,Low Risk,Standard engagement
Female,No,No,No,Yes,No,Fiber optic,No,No,No,No,No,No,Month-to-month,Yes,Credit card (automatic),70.05,266.9,Yes,1,0,0,0,0,0,0,0,1,Below 1 year,0.7689323,205.22802631258963,High Risk - New Customer,Onboarding intervention
Male,No,No,No,Yes,No,DSL,No,No,Yes,No,No,No,Month-to-month,Yes,Mailed check,49.65,49.65,Yes,1,0,0,0,1,0,0,0,2,Below 1 year,0.808076,40.12097459435463,High Risk - New Customer,Onboarding intervention
Female,No,Yes,No,Yes,Yes,Fiber optic,No,No,No,No,Yes,Yes,Month-to-month,Yes,Electronic check,95.2,292.85,Yes,1,1,0,0,0,0,1,1,4,Below 1 year,0.9106025,266.66994504630566,High Risk - High Value,Priority retention offer
Female,No,No,No,Yes,No,No,No internet service,No internet service,No internet service,No internet service,No internet service,No internet service,Month-to-month,No,Mailed check,20.9,20.9,Yes,1,0,0,0,0,0,0,0,1,Below 1 year,0.5756212,12.03048282265663,Medium Risk,Promote long-term contract
Male,No,No,No,Yes,No,DSL,Yes,No,Yes,No,Yes,Yes,Month-to-month,Yes,Electronic check,77.4,206.15,No,1,0,1,0,1,0,1,1,5,Below 1 year,0.70425886,145.18296381533148,High Risk - High Value,Priority retention offer
Female,Yes,Yes,Yes,Yes,Yes,Fiber optic,No,No,Yes,No,No,No,Month-to-month,Yes,Credit card (automatic),78.1,864.85,No,1,1,0,0,1,0,0,0,3,Below 1 year,0.70952237,613.6304186880589,High Risk - High Value,Priority retention offer
Male,Yes,Yes,No,Yes,No,Fiber optic,No,No,Yes,No,Yes,Yes,Month-to-month,Yes,Electronic check,95.75,573.75,Yes,1,0,0,0,1,0,1,1,4,Below 1 year,0.8808543,505.3901595622301,High Risk - High Value,Priority retention offer
Female,No,Yes,Yes,Yes,No,DSL,No,No,No,No,No,No,Month-to-month,Yes,Electronic check,45.45,411.75,No,1,0,0,0,0,0,0,0,1,Below 1 year,0.67542195,278.1049892306328,Medium Risk,Promote security service
Male,No,Yes,Yes,Yes,Yes,Fiber optic,No,Yes,No,No,No,No,Month-to-month,Yes,Bank transfer (automatic),80.0,3769.7,No,1,1,0,1,0,0,0,0,3,Below 5 years,0.4202696,1584.2903431534767,Medium Risk,Promote security service
Female,No,No,No,Yes,No,No,No internet service,No internet service,No internet service,No internet service,No internet service,No internet service,Month-to-month,No,Mailed check,19.85,63.75,Yes,1,0,0,0,0,0,0,0,1,Below 1 year,0.38116515,24.299278110265732,Low Risk,Promote long-term contract
Female,No,Yes,No,Yes,No,Fiber optic,Yes,Yes,Yes,No,Yes,Yes,One year,Yes,Bank transfer (automatic),106.1,5769.75,Yes,1,0,1,1,1,0,1,1,6,Below 5 years,0.48651972,2807.0971783027053,Medium Risk,Offer technical support
Female,No,Yes,Yes,Yes,No,DSL,Yes,Yes,Yes,Yes,No,No,Month-to-month,No,Mailed check,65.0,663.05,Yes,1,0,1,1,1,1,0,0,5,Below 1 year,0.32072857,212.65907848626372,Low Risk,Promote long-term contract
Male,No,Yes,Yes,No,No phone service,DSL,Yes,No,No,No,No,No,Month-to-month,Yes,Bank transfer (automatic),30.2,469.65,No,0,0,1,0,0,0,0,0,1,Below 3 years,0.43696916,205.22256647944448,Medium Risk,Offer technical support
Male,Yes,No,No,Yes,Yes,Fiber optic,No,Yes,No,No,Yes,Yes,Month-to-month,Yes,Credit card (automatic),99.45,919.4,Yes,1,1,0,1,0,0,1,1,5,Below 1 year,0.84607697,777.8831619262695,High Risk - High Value,Priority retention offer
Female,No,Yes,Yes,Yes,No,DSL,Yes,Yes,Yes,Yes,No,No,Two year,No,Mailed check,63.55,4014.2,No,1,0,1,1,1,1,0,0,5,oldest Customers,0.059150223,237.44082391783593,Low Risk,Standard engagement
Female,No,Yes,No,Yes,No,No,No internet service,No internet service,No internet service,No internet service,No internet service,No internet service,One year,Yes,Bank transfer (automatic),20.2,507.9,No,1,0,0,0,0,0,0,0,1,Below 3 years,0.10750768,54.603152366727585,Low Risk,Standard engagement
Female,No,No,No,No,No phone service,DSL,No,Yes,No,Yes,No,No,Month-to-month,Yes,Bank transfer (automatic),34.85,1267.2,No,0,0,0,1,0,1,0,0,2,Below 5 years,0.29609382,375.21009063720703,Low Risk,Promote security service
Female,No,Yes,Yes,Yes,No,No,No internet service,No internet service,No internet service,No internet service,No internet service,No internet service,Month-to-month,Yes,Mailed check,20.5,20.5,Yes,1,0,0,0,0,0,0,0,1,Below 1 year,0.6510268,13.346049100160599,Medium Risk,Promote long-term contract
Male,No,No,No,Yes,Yes,Fiber optic,No,Yes,No,No,No,No,Month-to-month,Yes,Bank transfer (automatic),80.35,2596.15,Yes,1,1,0,1,0,0,0,0,3,Below 3 years,0.5507459,1429.8189798265696,Medium Risk,Promote security service
Male,No,No,No,Yes,No,No,No internet service,No internet service,No internet service,No internet service,No internet service,No internet service,One year,Yes,Bank transfer (automatic),19.5,516.3,No,1,0,0,0,0,0,0,0,1,Below 3 years,0.105643995,54.54399467334151,Low Risk,Standard engagement
Male,No,No,No,Yes,Yes,DSL,No,No,No,No,No,No,Month-to-month,Yes,Electronic check,50.45,50.45,Yes,1,1,0,0,0,0,0,0,2,Below 1 year,0.8637049,43.57391320466996,High Risk - New Customer,Onboarding intervention
Female,No,Yes,Yes,Yes,No,No,No internet service,No internet service,No internet service,No internet service,No internet service,No internet service,Two year,No,Bank transfer (automatic),20.15,1337.5,No,1,0,0,0,0,0,0,0,1,oldest Customers,0.044372942,59.34881032444537,Low Risk,Standard engagement
Male,No,No,No,Yes,No,No,No internet service,No internet service,No internet service,No internet service,No internet service,No internet service,Two year,No,Mailed check,19.75,284.35,No,1,0,0,0,0,0,0,0,1,Below 3 years,0.05784403,16.447950386069717,Low Risk,Standard engagement
Female,Yes,No,No,Yes,Yes,Fiber optic,No,No,No,No,Yes,No,Month-to-month,Yes,Electronic check,85.55,187.45,Yes,1,1,0,0,0,0,1,0,3,Below 1 year,0.9138184,171.2952626377344,High Risk - High Value,Priority retention offer
Female,No,Yes,Yes,Yes,No,Fiber optic,Yes,No,Yes,No,Yes,Yes,One year,Yes,Bank transfer (automatic),99.7,4977.2,No,1,0,1,0,1,0,1,1,5,Below 5 years,0.28339073,1410.4923444390297,Low Risk,Offer technical support
Male,No,Yes,Yes,Yes,Yes,DSL,No,No,No,Yes,Yes,Yes,Month-to-month,No,Bank transfer (automatic),71.6,1957.1,No,1,1,0,0,0,1,1,1,5,Below 3 years,0.3007205,588.5401157319545,Low Risk,Promote security service
Male,No,Yes,No,Yes,Yes,Fiber optic,No,Yes,Yes,No,No,No,Month-to-month,Yes,Bank transfer (automatic),83.35,4065.0,Yes,1,1,0,1,1,0,0,0,4,Below 5 years,0.4582938,1862.9642790555954,Medium Risk,Promote security service
Male,No,Yes,Yes,Yes,No,DSL,Yes,Yes,No,No,No,No,One year,Yes,Mailed check,55.85,857.8,No,1,0,1,1,0,0,0,0,3,Below 3 years,0.14744651,126.47961900234222,Low Risk,Offer technical support
Male,No,No,No,Yes,No,DSL,No,No,No,No,Yes,No,Month-to-month,Yes,Mailed check,53.5,53.5,Yes,1,0,0,0,0,0,1,0,2,Below 1 year,0.82283235,44.021530508995056,High Risk - New Customer,Onboarding intervention
Male,No,Yes,No,Yes,Yes,Fiber optic,No,Yes,Yes,No,Yes,Yes,One year,No,Electronic check,104.1,7040.85,Yes,1,1,0,1,1,0,1,1,6,oldest Customers,0.5547638,3906.008658599854,Medium Risk,Promote security service
Male,No,Yes,Yes,Yes,No,DSL,Yes,No,Yes,Yes,Yes,Yes,One year,No,Credit card (automatic),80.0,3182.95,Yes,1,0,1,0,1,1,1,1,6,Below 5 years,0.24053246,765.6027866452932,Low Risk,Standard engagement
Male,No,No,No,Yes,No,No,No internet service,No internet service,No internet service,No internet service,No internet service,No internet service,Two year,No,Mailed check,20.45,20.45,No,1,0,0,0,0,0,0,0,1,Below 1 year,0.10392716,2.1253103774040936,Low Risk,Standard engagement
Female,No,No,No,Yes,No,Fiber optic,No,No,No,No,No,No,Month-to-month,Yes,Mailed check,69.25,418.4,Yes,1,0,0,0,0,0,0,0,1,Below 1 year,0.70770043,296.10186047554015,High Risk - New Customer,Onboarding intervention
Female,No,No,Yes,Yes,Yes,DSL,Yes,Yes,Yes,Yes,Yes,Yes,Two year,No,Credit card (automatic),88.95,1161.75,No,1,1,1,1,1,1,1,1,8,Below 3 years,0.078619614,91.3363368473947,Low Risk,Standard engagement
Male,No,No,No,Yes,No,Fiber optic,No,No,No,No,Yes,No,Month-to-month,Yes,Electronic check,81.0,340.85,Yes,1,0,0,0,0,0,1,0,2,Below 1 year,0.86538696,294.96714630126957,High Risk - High Value,Priority retention offer
Female,Yes,No,No,No,No phone service,DSL,No,No,No,No,No,No,Month-to-month,No,Electronic check,25.3,77.75,Yes,0,0,0,0,0,0,0,0,0,Below 1 year,0.8213796,63.862264052033424,High Risk - New Customer,Onboarding intervention
Female,No,No,No,Yes,No,DSL,No,No,No,Yes,No,No,Month-to-month,Yes,Electronic check,52.2,52.2,Yes,1,0,0,0,0,1,0,0,2,Below 1 year,0.80173784,41.85071550607682,High Risk - New Customer,Onboarding intervention
Female,No,Yes,Yes,Yes,Yes,Fiber optic,No,No,Yes,No,No,Yes,Month-to-month,Yes,Bank transfer (automatic),91.05,2954.5,Yes,1,1,0,0,1,0,0,1,4,Below 3 years,0.63725334,1882.7650050222874,Medium Risk,Promote security service
Male,No,No,No,Yes,No,Fiber optic,No,No,Yes,Yes,No,No,Month-to-month,Yes,Electronic check,79.85,152.45,Yes,1,0,0,0,1,1,0,0,3,Below 1 year,0.83623093,127.48340583741664,High Risk - High Value,Priority retention offer
Female,Yes,Yes,No,No,No phone service,DSL,No,Yes,No,No,Yes,No,Month-to-month,Yes,Electronic check,39.3,1637.4,Yes,0,0,0,1,0,0,1,0,2,Below 5 years,0.63502175,1039.7846071600914,Medium Risk,Promote security service
Male,Yes,Yes,No,Yes,Yes,Fiber optic,No,Yes,Yes,No,Yes,Yes,Month-to-month,Yes,Electronic check,105.65,4284.8,Yes,1,1,0,1,1,0,1,1,6,Below 5 years,0.8019263,3436.0938737869265,High Risk - High Value,Priority retention offer
Female,No,No,No,Yes,No,DSL,Yes,No,Yes,Yes,Yes,Yes,Two year,No,Electronic check,80.6,4299.95,No,1,0,1,0,1,1,1,1,6,Below 5 years,0.11071256,476.0584639057517,Low Risk,Standard engagement
Female,Yes,Yes,No,Yes,Yes,Fiber optic,No,No,No,No,No,Yes,Month-to-month,Yes,Credit card (automatic),85.35,1375.15,Yes,1,1,0,0,0,0,0,1,3,Below 3 years,0.75534,1038.7057736694815,High Risk - High Value,Priority retention offer
Male,No,Yes,Yes,Yes,No,No,No internet service,No internet service,No internet service,No internet service,No internet service,No internet service,Two year,No,Mailed check,20.2,387.4,No,1,0,0,0,0,0,0,0,1,Below 3 years,0.053957164,20.903005445003508,Low Risk,Standard engagement
Female,Yes,Yes,No,Yes,Yes,Fiber optic,No,Yes,No,No,No,No,Month-to-month,Yes,Bank transfer (automatic),80.6,2656.5,Yes,1,1,0,1,0,0,0,0,3,Below 3 years,0.6092391,1618.4436728954315,Medium Risk,Promote security service
Male,Yes,No,No,Yes,Yes,Fiber optic,No,No,No,No,Yes,Yes,Month-to-month,Yes,Electronic check,94.0,181.7,Yes,1,1,0,0,0,0,1,1,4,Below 1 year,0.917418,166.69485116004944,High Risk - High Value,Priority retention offer
Male,No,Yes,Yes,Yes,No,Fiber optic,Yes,Yes,Yes,Yes,Yes,No,Two year,No,Credit card (automatic),100.2,7209.0,No,1,0,1,1,1,1,1,0,6,oldest Customers,0.096642144,696.6932162716985,Low Risk,Standard engagement
Female,No,Yes,Yes,Yes,No,DSL,No,Yes,No,Yes,No,Yes,One year,Yes,Bank transfer (automatic),66.5,2728.6,Yes,1,0,0,1,0,1,0,1,4,Below 5 years,0.32646754,890.7993401229381,Low Risk,Promote security service
Female,Yes,No,No,Yes,No,Fiber optic,No,No,Yes,No,Yes,No,Month-to-month,Yes,Electronic check,86.85,220.95,Yes,1,0,0,0,1,0,1,0,3,Below 1 year,0.8966329,198.11104141473768,High Risk - High Value,Priority retention offer
Female,No,No,No,Yes,No,No,No internet service,No internet service,No internet service,No internet service,No internet service,No internet service,Month-to-month,No,Mailed check,20.15,20.15,No,1,0,0,0,0,0,0,0,1,Below 1 year,0.5806797,11.700696250796318,Medium Risk,Promote long-term contract
Female,No,Yes,Yes,Yes,No,No,No internet service,No internet service,No internet service,No internet service,No internet service,No internet service,Two year,No,Credit card (automatic),19.7,730.4,No,1,0,0,0,0,0,0,0,1,Below 3 years,0.053080287,38.76984150111675,Low Risk,Standard engagement
Male,No,No,No,Yes,Yes,Fiber optic,Yes,Yes,Yes,No,Yes,Yes,One year,Yes,Electronic check,107.75,6521.9,No,1,1,1,1,1,0,1,1,7,oldest Customers,0.5058073,3298.824502956867,Medium Risk,Offer technical support
Male,No,No,Yes,Yes,Yes,Fiber optic,No,No,No,No,Yes,Yes,Month-to-month,No,Electronic check,95.2,930.4,Yes,1,1,0,0,0,0,1,1,4,Below 1 year,0.840497,781.9984245300293,High Risk - High Value,Priority retention offer
Female,No,No,No,Yes,No,Fiber optic,Yes,No,Yes,Yes,Yes,No,One year,Yes,Electronic check,95.55,3692.85,Yes,1,0,1,0,1,1,1,0,5,Below 5 years,0.2767275,1021.9131394296884,Low Risk,Standard engagement
Male,No,Yes,No,Yes,Yes,Fiber optic,No,Yes,Yes,No,No,Yes,One year,No,Electronic check,95.3,6273.4,No,1,1,0,1,1,0,0,1,5,oldest Customers,0.3793345,2379.717111098766,Low Risk,Promote security service
Male,No,Yes,Yes,Yes,Yes,Fiber optic,No,No,Yes,No,Yes,No,Month-to-month,Yes,Bank transfer (automatic),90.8,1442.2,No,1,1,0,0,1,0,1,0,4,Below 3 years,0.66491216,958.9363232254982,Medium Risk,Promote security service
Male,No,No,No,No,No phone service,DSL,No,No,No,No,No,No,Month-to-month,No,Mailed check,24.3,100.2,No,0,0,0,0,0,0,0,0,0,Below 1 year,0.5909168,59.20986460447312,Medium Risk,Promote security service
Female,No,No,No,Yes,No,No,No internet service,No internet service,No internet service,No internet service,No internet service,No internet service,Month-to-month,No,Bank transfer (automatic),20.0,137.6,Yes,1,0,0,0,0,0,0,0,1,Below 1 year,0.35588053,48.96916074752807,Low Risk,Promote long-term contract
Female,No,Yes,Yes,Yes,No,No,No internet service,No internet service,No internet service,No internet service,No internet service,No internet service,Two year,Yes,Mailed check,19.85,146.6,No,1,0,0,0,0,0,0,0,1,Below 1 year,0.063493036,9.30807903856039,Low Risk,Standard engagement
Female,No,No,Yes,Yes,Yes,Fiber optic,No,No,No,No,Yes,Yes,Month-to-month,Yes,Bank transfer (automatic),94.2,193.8,Yes,1,1,0,0,0,0,1,1,4,Below 1 year,0.88341606,171.20603177547457,High Risk - High Value,Priority retention offer
Male,Yes,No,No,Yes,Yes,DSL,Yes,No,No,No,No,No,Month-to-month,No,Electronic check,54.55,494.05,Yes,1,1,1,0,0,0,0,0,3,Below 1 year,0.6331645,312.8149335920811,Medium Risk,Offer technical support
Female,No,Yes,No,Yes,No,DSL,Yes,No,Yes,No,Yes,No,One year,Yes,Credit card (automatic),66.05,3021.45,No,1,0,1,0,1,0,1,0,4,Below 5 years,0.16893247,510.4210045292973,Low Risk,Offer technical support
Male,Yes,Yes,No,No,No phone service,DSL,No,No,No,No,No,No,Month-to-month,No,Electronic check,25.05,25.05,Yes,0,0,0,0,0,0,0,0,0,Below 1 year,0.8194002,20.52597479224205,High Risk - New Customer,Onboarding intervention
Male,No,Yes,Yes,Yes,Yes,Fiber optic,No,No,Yes,Yes,Yes,No,Two year,Yes,Bank transfer (automatic),94.9,3616.25,No,1,1,0,0,1,1,1,0,5,Below 5 years,0.20753953,750.514820329845,Low Risk,Promote security service
Male,No,No,No,Yes,No,Fiber optic,No,No,No,No,No,No,Month-to-month,Yes,Mailed check,70.6,70.6,No,1,0,0,0,0,0,0,0,1,Below 1 year,0.84879106,59.92464903593063,High Risk - New Customer,Onboarding intervention
Female,No,No,No,Yes,No,Fiber optic,No,No,Yes,Yes,Yes,Yes,One year,Yes,Electronic check,99.25,3532.0,No,1,0,0,0,1,1,1,1,5,Below 3 years,0.4036742,1425.7772223949432,Medium Risk,Promote security service
Male,No,Yes,Yes,Yes,Yes,Fiber optic,No,Yes,No,Yes,No,Yes,Month-to-month,Yes,Bank transfer (automatic),93.25,4631.7,No,1,1,0,1,0,1,0,1,5,Below 5 years,0.37300992,1727.670047020912,Low Risk,Promote security service
Male,No,No,No,Yes,No,No,No internet service,No internet service,No internet service,No internet service,No internet service,No internet service,One year,Yes,Electronic check,19.9,164.6,No,1,0,0,0,0,0,0,0,1,Below 1 year,0.1469861,24.19391158223152,Low Risk,Standard engagement
Male,No,No,No,Yes,No,DSL,Yes,Yes,No,No,No,No,Month-to-month,Yes,Mailed check,53.85,108.15,Yes,1,0,1,1,0,0,0,0,3,Below 1 year,0.6424205,69.47777390778064,Medium Risk,Offer technical support
Female,No,No,No,Yes,No,No,No internet service,No internet service,No internet service,No internet service,No internet service,No internet service,Month-to-month,No,Mailed check,19.05,461.3,No,1,0,0,0,0,0,0,0,1,Below 3 years,0.19538899,90.13294000774623,Low Risk,Promote long-term contract
Male,Yes,No,No,Yes,No,Fiber optic,No,No,Yes,No,Yes,Yes,Month-to-month,Yes,Bank transfer (automatic),96.8,2030.3,Yes,1,0,0,0,1,0,1,1,4,Below 3 years,0.7561331,1535.17699136734,High Risk - High Value,Priority retention offer
Male,No,No,Yes,Yes,Yes,Fiber optic,No,No,No,No,No,No,Month-to-month,No,Credit card (automatic),75.2,3678.3,Yes,1,1,0,0,0,0,0,0,2,Below 5 years,0.39815938,1464.5496648430826,Low Risk,Promote security service
Female,Yes,Yes,No,Yes,Yes,Fiber optic,Yes,No,Yes,No,No,No,Month-to-month,Yes,Bank transfer (automatic),85.35,1463.45,Yes,1,1,1,0,1,0,0,0,4,Below 3 years,0.63569033,930.3010155737401,Medium Risk,Offer technical support
Male,No,No,No,Yes,No,No,No internet service,No internet service,No internet service,No internet service,No internet service,No internet service,Month-to-month,No,Electronic check,19.25,112.3,Yes,1,0,0,0,0,0,0,0,1,Below 1 year,0.42353213,47.5626580119133,Medium Risk,Promote long-term contract
Male,No,No,Yes,Yes,No,DSL,Yes,Yes,No,Yes,No,No,One year,No,Credit card (automatic),62.85,3419.5,No,1,0,1,1,0,1,0,0,4,Below 5 years,0.12123297,414.55614621192217,Low Risk,Standard engagement
Female,No,No,No,Yes,Yes,Fiber optic,No,Yes,No,No,Yes,No,Month-to-month,Yes,Electronic check,90.1,521.3,Yes,1,1,0,1,0,0,1,0,4,Below 1 year,0.8827341,460.1692966997623,High Risk - High Value,Priority retention offer
Female,No,No,Yes,Yes,Yes,DSL,Yes,No,No,No,No,Yes,Month-to-month,No,Electronic check,64.8,1166.7,No,1,1,1,0,0,0,0,1,4,Below 3 years,0.51796967,604.3152115523816,Medium Risk,Offer technical support
Male,No,Yes,No,Yes,Yes,Fiber optic,Yes,No,Yes,Yes,Yes,Yes,One year,Yes,Electronic check,111.55,5720.35,No,1,1,1,0,1,1,1,1,7,Below 5 years,0.50520885,2889.971444565058,Medium Risk,Standard engagement
Male,No,Yes,Yes,Yes,No,DSL,No,Yes,Yes,Yes,No,No,Month-to-month,No,Bank transfer (automatic),61.8,750.1,No,1,0,0,1,1,1,0,0,4,Below 3 years,0.2663921,199.8207230448723,Low Risk,Promote security service
Male,No,Yes,No,Yes,Yes,Fiber optic,No,Yes,Yes,Yes,Yes,Yes,One year,Yes,Bank transfer (automatic),113.15,7953.25,No,1,1,0,1,1,1,1,1,7,oldest Customers,0.4758494,3784.5491612553596,Medium Risk,Promote security service
Female,No,No,No,Yes,Yes,Fiber optic,No,No,No,No,No,No,Month-to-month,Yes,Credit card (automatic),75.1,270.7,Yes,1,1,0,0,0,0,0,0,2,Below 1 year,0.8160743,220.91131618618965,High Risk - High Value,Priority retention offer
Female,No,No,No,Yes,No,Fiber optic,No,No,No,No,No,No,Month-to-month,No,Electronic check,71.35,71.35,Yes,1,0,0,0,0,0,0,0,1,Below 1 year,0.8889801,63.42872946560382,High Risk - New Customer,Onboarding intervention
Male,No,No,No,Yes,No,No,No internet service,No internet service,No internet service,No internet service,No internet service,No internet service,One year,Yes,Electronic check,20.4,930.45,Yes,1,0,0,0,0,0,0,0,1,Below 5 years,0.118410535,110.17508243657649,Low Risk,Standard engagement
Female,No,No,No,Yes,Yes,Fiber optic,No,No,No,No,No,No,Month-to-month,No,Electronic check,75.6,402.5,No,1,1,0,0,0,0,0,0,2,Below 1 year,0.8290838,333.7062296271324,High Risk - High Value,Priority retention offer
Male,No,Yes,Yes,Yes,No,DSL,No,No,Yes,No,No,Yes,Month-to-month,No,Electronic check,57.45,990.85,Yes,1,0,0,0,1,0,0,1,3,Below 3 years,0.60258126,597.0676440358162,Medium Risk,Promote security service
Female,No,No,No,Yes,No,No,No internet service,No internet service,No internet service,No internet service,No internet service,No internet service,Month-to-month,No,Mailed check,20.7,112.75,No,1,0,0,0,0,0,0,0,1,Below 1 year,0.33205584,37.4392956122756,Low Risk,Promote long-term contract
Male,No,Yes,Yes,Yes,Yes,Fiber optic,No,No,Yes,No,Yes,Yes,Month-to-month,Yes,Credit card (automatic),99.45,7007.6,Yes,1,1,0,0,1,0,1,1,5,oldest Customers,0.6508776,4561.0898343563085,Medium Risk,Promote security service
Female,No,No,No,Yes,No,Fiber optic,No,Yes,Yes,No,Yes,No,Month-to-month,Yes,Credit card (automatic),88.15,3973.2,No,1,0,0,1,1,0,1,0,4,Below 5 years,0.4931531,1959.3958780288694,Medium Risk,Promote security service
Female,Yes,Yes,Yes,No,No phone service,DSL,No,Yes,No,No,No,Yes,One year,Yes,Electronic check,39.1,1096.6,No,0,0,0,1,0,0,0,1,2,Below 3 years,0.35211554,386.129903024435,Low Risk,Promote security service
Male,No,Yes,Yes,Yes,No,No,No internet service,No internet service,No internet service,No internet service,No internet service,No internet service,One year,No,Mailed check,19.65,332.65,No,1,0,0,0,0,0,0,0,1,Below 3 years,0.09664248,32.148120739310976,Low Risk,Standard engagement
Male,No,Yes,No,Yes,No,Fiber optic,No,No,No,No,Yes,Yes,Month-to-month,Yes,Mailed check,89.0,1820.45,Yes,1,0,0,0,0,0,1,1,3,Below 3 years,0.6549662,1192.333174291253,Medium Risk,Promote security service
Female,No,No,No,Yes,No,Fiber optic,No,No,No,No,Yes,Yes,Month-to-month,Yes,Mailed check,88.4,788.6,No,1,0,0,0,0,0,1,1,3,Below 1 year,0.7939384,626.0998209476471,High Risk - High Value,Priority retention offer
Female,No,No,No,No,No phone service,DSL,Yes,No,Yes,No,Yes,Yes,Two year,No,Electronic check,53.6,3237.05,No,0,0,1,0,1,0,1,1,4,oldest Customers,0.13743478,444.883256533742,Low Risk,Offer technical support
Female,Yes,Yes,No,Yes,Yes,Fiber optic,Yes,No,No,No,No,No,Two year,Yes,Credit card (automatic),80.7,5676.0,No,1,1,1,0,0,0,0,0,3,oldest Customers,0.09711636,551.2324512898922,Low Risk,Offer technical support
Male,No,No,No,Yes,No,Fiber optic,No,Yes,Yes,No,Yes,Yes,One year,Yes,Bank transfer (automatic),102.35,3626.1,Yes,1,0,0,1,1,0,1,1,5,Below 3 years,0.50376695,1826.7093517005444,Medium Risk,Promote security service
Male,Yes,No,No,Yes,Yes,Fiber optic,No,No,No,No,No,Yes,Month-to-month,Yes,Credit card (automatic),84.4,732.5,Yes,1,1,0,0,0,0,0,1,3,Below 1 year,0.82153493,601.7743374407291,High Risk - High Value,Priority retention offer
Male,No,No,No,Yes,Yes,DSL,No,No,No,No,Yes,No,Month-to-month,Yes,Electronic check,59.25,436.6,No,1,1,0,0,0,0,1,0,3,Below 1 year,0.7188675,313.8575420975685,High Risk - New Customer,Onboarding intervention
Female,No,No,No,Yes,No,DSL,No,No,No,No,Yes,No,Month-to-month,Yes,Electronic check,54.65,54.65,No,1,0,0,0,0,0,1,0,2,Below 1 year,0.8725166,47.683030685782434,High Risk - New Customer,Onboarding intervention
Male,No,No,No,Yes,No,No,No internet service,No internet service,No internet service,No internet service,No internet service,No internet service,One year,No,Mailed check,20.6,116.6,No,1,0,0,0,0,0,0,0,1,Below 1 year,0.119001314,13.87555321753025,Low Risk,Standard engagement
Male,No,Yes,No,Yes,Yes,Fiber optic,No,Yes,No,No,No,No,One year,Yes,Electronic check,78.9,3650.35,No,1,1,0,1,0,0,0,0,3,Below 5 years,0.3215602,1173.807290777564,Low Risk,Promote security service
Female,No,Yes,No,Yes,No,DSL,No,No,No,No,No,No,One year,No,Electronic check,43.8,592.65,No,1,0,0,0,0,0,0,0,1,Below 3 years,0.2704967,160.30986702293157,Low Risk,Promote security service
Female,Yes,Yes,No,Yes,No,No,No internet service,No internet service,No internet service,No internet service,No internet service,No internet service,Month-to-month,Yes,Mailed check,20.85,20.85,Yes,1,0,0,0,0,0,0,0,1,Below 1 year,0.71201265,14.845463722944261,High Risk - New Customer,Onboarding intervention
Male,No,No,No,Yes,No,No,No internet service,No internet service,No internet service,No internet service,No internet service,No internet service,One year,Yes,Mailed check,20.35,422.7,No,1,0,0,0,0,0,0,0,1,Below 3 years,0.09963166,42.114302549511194,Low Risk,Standard engagement
Male,No,No,Yes,Yes,No,No,No internet service,No internet service,No internet service,No internet service,No internet service,No internet service,One year,Yes,Mailed check,21.2,1238.65,No,1,0,0,0,0,0,0,0,1,Below 5 years,0.08584346,106.33000020757318,Low Risk,Standard engagement
Female,No,Yes,Yes,Yes,Yes,Fiber optic,Yes,No,Yes,No,Yes,Yes,Month-to-month,Yes,Electronic check,102.45,102.45,Yes,1,1,1,0,1,0,1,1,6,Below 1 year,0.8831807,90.48186044991017,High Risk - High Value,Priority retention offer
Female,No,No,Yes,Yes,No,DSL,No,No,No,No,No,No,Month-to-month,No,Mailed check,46.0,221.7,Yes,1,0,0,0,0,0,0,0,1,Below 1 year,0.5944105,131.78080320954322,Medium Risk,Promote security service
Male,No,No,No,Yes,Yes,Fiber optic,No,No,Yes,Yes,Yes,Yes,Month-to-month,Yes,Mailed check,104.05,2470.1,Yes,1,1,0,0,1,1,1,1,6,Below 3 years,0.6258081,1545.8086366534233,Medium Risk,Promote security service
Female,Yes,No,No,Yes,Yes,Fiber optic,No,No,No,No,Yes,No,One year,No,Electronic check,84.45,4959.15,No,1,1,0,0,0,0,1,0,3,oldest Customers,0.33487538,1660.69721609205,Low Risk,Promote security service
Male,No,No,No,Yes,Yes,DSL,Yes,Yes,No,No,No,No,Month-to-month,No,Electronic check,61.15,61.15,No,1,1,1,1,0,0,0,0,4,Below 1 year,0.64728534,39.581498676538466,Medium Risk,Offer technical support
Male,No,Yes,No,Yes,No,DSL,Yes,Yes,No,Yes,No,No,One year,Yes,Bank transfer (automatic),59.85,2603.95,No,1,0,1,1,0,1,0,0,4,Below 5 years,0.14187908,369.44603486061095,Low Risk,Standard engagement
Female,Yes,Yes,No,Yes,Yes,Fiber optic,No,No,No,No,Yes,Yes,Month-to-month,Yes,Electronic check,95.05,3944.5,No,1,1,0,0,0,0,1,1,4,Below 5 years,0.74323565,2931.693012267351,High Risk - High Value,Priority retention offer
Male,Yes,No,No,Yes,Yes,Fiber optic,No,No,No,No,No,No,Month-to-month,Yes,Electronic check,77.0,237.75,Yes,1,1,0,0,0,0,0,0,2,Below 1 year,0.888117,211.1498204022646,High Risk - High Value,Priority retention offer
Male,No,Yes,Yes,No,No phone service,DSL,No,Yes,Yes,No,Yes,No,One year,No,Credit card (automatic),46.4,812.4,No,0,0,0,1,1,0,1,0,3,Below 3 years,0.21320736,173.20966258049012,Low Risk,Promote security service
Male,Yes,Yes,No,Yes,No,Fiber optic,No,Yes,Yes,No,Yes,Yes,Month-to-month,Yes,Electronic check,98.0,1237.85,Yes,1,0,0,1,1,0,1,1,5,Below 3 years,0.86043245,1065.0863032847642,High Risk - High Value,Priority retention offer
Male,Yes,Yes,No,Yes,Yes,Fiber optic,No,Yes,Yes,Yes,Yes,Yes,Two year,Yes,Bank transfer (automatic),111.65,8022.85,No,1,1,0,1,1,1,1,1,7,oldest Customers,0.20803463,1669.0306681215764,Low Risk,Promote security service
Female,No,Yes,Yes,Yes,No,Fiber optic,No,No,No,No,No,Yes,Month-to-month,Yes,Electronic check,80.3,250.05,Yes,1,0,0,0,0,0,0,1,2,Below 1 year,0.8823376,220.6285243302584,High Risk - High Value,Priority retention offer
Female,No,Yes,Yes,Yes,No,No,No internet service,No internet service,No internet service,No internet service,No internet service,No internet service,Month-to-month,No,Mailed check,19.3,54.7,No,1,0,0,0,0,0,0,0,1,Below 1 year,0.3437167,18.801304081082346,Low Risk,Promote long-term contract
Female,No,Yes,No,Yes,Yes,Fiber optic,No,No,No,No,No,No,Month-to-month,Yes,Credit card (automatic),74.75,229.5,Yes,1,1,0,0,0,0,0,0,2,Below 1 year,0.82135886,188.50185826420784,High Risk - High Value,Priority retention offer
Female,No,No,No,Yes,Yes,Fiber optic,No,No,No,No,No,No,Month-to-month,Yes,Electronic check,74.2,1993.25,No,1,1,0,0,0,0,0,0,2,Below 3 years,0.7239813,1443.075767800212,High Risk - General,Promote security service
Female,No,No,No,Yes,No,DSL,No,Yes,No,No,No,No,Month-to-month,No,Electronic check,50.55,50.55,Yes,1,0,0,1,0,0,0,0,2,Below 1 year,0.7902863,39.948972594738,High Risk - New Customer,Onboarding intervention
Male,No,Yes,No,Yes,Yes,Fiber optic,No,No,No,No,No,No,Month-to-month,Yes,Bank transfer (automatic),74.6,74.6,Yes,1,1,0,0,0,0,0,0,2,Below 1 year,0.87042123,64.93342381715775,High Risk - New Customer,Onboarding intervention
Female,No,No,No,Yes,Yes,Fiber optic,Yes,Yes,Yes,No,Yes,No,Month-to-month,Yes,Credit card (automatic),102.95,6886.25,Yes,1,1,1,1,1,0,1,0,6,oldest Customers,0.52322,3603.0237432569265,Medium Risk,Offer technical support
Female,No,Yes,Yes,Yes,Yes,No,No internet service,No internet service,No internet service,No internet service,No internet service,No internet service,Two year,Yes,Credit card (automatic),25.65,1388.0,No,1,1,0,0,0,0,0,0,2,Below 5 years,0.053787727,74.65736494958401,Low Risk,Standard engagement
Female,No,No,No,Yes,No,Fiber optic,No,Yes,Yes,No,No,No,Month-to-month,No,Electronic check,77.8,1358.6,No,1,0,0,1,1,0,0,0,3,Below 3 years,0.63382107,861.1093059659004,Medium Risk,Promote security service
Male,No,Yes,Yes,Yes,Yes,DSL,No,No,No,No,No,No,One year,Yes,Credit card (automatic),48.35,1067.15,Yes,1,1,0,0,0,0,0,0,2,Below 3 years,0.21462095,229.03274448513986,Low Risk,Promote security service
Female,No,Yes,No,Yes,No,No,No internet service,No internet service,No internet service,No internet service,No internet service,No internet service,One year,No,Mailed check,20.35,1267.0,No,1,0,0,0,0,0,0,0,1,Below 5 years,0.08260441,104.65978527069092,Low Risk,Standard engagement
Male,Yes,No,No,Yes,No,DSL,No,No,No,No,No,No,Month-to-month,No,Electronic check,45.1,45.1,Yes,1,0,0,0,0,0,0,0,1,Below 1 year,0.8401071,37.88882945775986,High Risk - New Customer,Onboarding intervention
Female,Yes,No,No,Yes,Yes,Fiber optic,No,Yes,No,No,No,Yes,Month-to-month,Yes,Electronic check,89.7,2187.55,Yes,1,1,0,1,0,0,0,1,4,Below 3 years,0.78698736,1721.5742087572814,High Risk - High Value,Priority retention offer
Male,No,Yes,No,Yes,Yes,DSL,Yes,No,No,Yes,No,Yes,One year,Yes,Mailed check,69.1,4096.9,No,1,1,1,0,0,1,0,1,5,Below 5 years,0.16474372,674.9385525524616,Low Risk,Standard engagement
Male,No,Yes,Yes,Yes,No,No,No internet service,No internet service,No internet service,No internet service,No internet service,No internet service,One year,No,Credit card (automatic),20.1,620.55,No,1,0,0,0,0,0,0,0,1,Below 3 years,0.09426876,58.49847999550402,Low Risk,Standard engagement
Male,No,Yes,No,Yes,Yes,Fiber optic,Yes,Yes,Yes,No,Yes,No,Month-to-month,Yes,Electronic check,99.25,2186.4,Yes,1,1,1,1,1,0,1,0,6,Below 3 years,0.78645766,1719.5110230445862,High Risk - High Value,Priority retention offer
Male,No,No,No,Yes,Yes,No,No internet service,No internet service,No internet service,No internet service,No internet service,No internet service,Month-to-month,Yes,Electronic check,25.6,901.25,No,1,1,0,0,0,0,0,0,2,Below 3 years,0.27487785,247.73365892469883,Low Risk,Promote long-term contract
Female,No,Yes,No,Yes,No,Fiber optic,No,No,Yes,Yes,Yes,Yes,Month-to-month,Yes,Credit card (automatic),100.05,4834.0,No,1,0,0,0,1,1,1,1,5,Below 5 years,0.53632504,2592.5952311754227,Medium Risk,Promote security service
Male,No,No,Yes,No,No phone service,DSL,No,Yes,No,No,No,No,Month-to-month,Yes,Mailed check,31.35,31.35,Yes,0,0,0,1,0,0,0,0,1,Below 1 year,0.804893,25.23339607715607,High Risk - New Customer,Onboarding intervention
Male,No,No,No,Yes,No,Fiber optic,No,No,No,No,No,Yes,Month-to-month,Yes,Electronic check,80.85,1008.7,Yes,1,0,0,0,0,0,0,1,2,Below 3 years,0.82274985,829.9077768564225,High Risk - High Value,Priority retention offer
Female,No,No,No,Yes,No,DSL,Yes,No,No,Yes,No,No,One year,No,Mailed check,55.15,742.9,No,1,0,1,0,0,1,0,0,3,Below 3 years,0.1375618,102.19465980529785,Low Risk,Standard engagement
Female,No,Yes,No,Yes,No,DSL,No,Yes,Yes,Yes,No,Yes,Two year,Yes,Mailed check,68.3,4378.8,No,1,0,0,1,1,1,0,1,5,oldest Customers,0.0864011,378.33312563002113,Low Risk,Promote security service
Male,No,No,No,Yes,Yes,Fiber optic,No,No,No,No,Yes,Yes,Month-to-month,Yes,Electronic check,95.5,829.1,Yes,1,1,0,0,0,0,1,1,4,Below 1 year,0.87774956,727.7421620726585,High Risk - High Value,Priority retention offer
Male,Yes,No,No,Yes,Yes,Fiber optic,No,No,No,Yes,Yes,No,Month-to-month,Yes,Bank transfer (automatic),90.5,1910.6,Yes,1,1,0,0,0,1,1,0,4,Below 3 years,0.5623431,1074.4127661705018,Medium Risk,Promote security service
Female,No,Yes,No,Yes,No,No,No internet service,No internet service,No internet service,No internet service,No internet service,No internet service,Month-to-month,No,Mailed check,20.5,563.05,No,1,0,0,0,0,0,0,0,1,Below 3 years,0.18631569,104.90504672676325,Low Risk,Promote long-term contract
Female,No,No,No,Yes,Yes,No,No internet service,No internet service,No internet service,No internet service,No internet service,No internet service,Two year,No,Bank transfer (automatic),24.95,1288.0,No,1,1,0,0,0,0,0,0,2,Below 5 years,0.054479275,70.1693060696125,Low Risk,Standard engagement
Female,No,No,No,No,No phone service,DSL,No,Yes,No,No,No,No,Month-to-month,Yes,Electronic check,30.6,856.35,Yes,0,0,0,1,0,0,0,0,1,Below 3 years,0.5488616,470.017650693655,Medium Risk,Promote security service
Female,No,No,No,Yes,No,DSL,Yes,Yes,No,No,No,No,Month-to-month,Yes,Bank transfer (automatic),55.3,1530.6,No,1,0,1,1,0,0,0,0,3,Below 3 years,0.34863758,533.6246812820434,Low Risk,Offer technical support
Male,Yes,Yes,No,No,No phone service,DSL,Yes,No,No,No,No,No,Month-to-month,No,Bank transfer (automatic),29.8,220.45,No,0,0,1,0,0,0,0,0,1,Below 1 year,0.57321256,126.36470973193644,Medium Risk,Offer technical support
Male,No,No,No,Yes,Yes,Fiber optic,Yes,Yes,No,Yes,Yes,Yes,Month-to-month,Yes,Credit card (automatic),108.15,3432.9,Yes,1,1,1,1,0,1,1,1,7,Below 3 years,0.5482773,1882.181206601858,Medium Risk,Promote long-term contract
Female,No,Yes,No,Yes,No,No,No internet service,No internet service,No internet service,No internet service,No internet service,No internet service,Month-to-month,Yes,Mailed check,20.55,252.75,No,1,0,0,0,0,0,0,0,1,Below 1 year,0.2916949,73.72588833421469,Low Risk,Promote long-term contract
Male,No,No,No,Yes,No,Fiber optic,No,No,No,No,Yes,Yes,Month-to-month,Yes,Electronic check,88.45,370.65,Yes,1,0,0,0,0,0,1,1,3,Below 1 year,0.88055784,326.3787615805864,High Risk - High Value,Priority retention offer
Male,No,Yes,Yes,Yes,Yes,Fiber optic,No,No,No,No,No,Yes,Month-to-month,Yes,Electronic check,83.65,1465.75,Yes,1,1,0,0,0,0,0,1,3,Below 3 years,0.7685533,1126.5070237964392,High Risk - High Value,Priority retention offer
Female,No,No,No,Yes,No,Fiber optic,No,No,Yes,Yes,No,Yes,Month-to-month,Yes,Electronic check,89.4,1095.65,Yes,1,0,0,0,1,1,0,1,4,Below 3 years,0.795435,871.5183702260257,High Risk - High Value,Priority retention offer
Female,No,No,No,Yes,Yes,Fiber optic,No,No,No,Yes,Yes,Yes,Month-to-month,Yes,Mailed check,100.85,399.25,No,1,1,0,0,0,1,1,1,5,Below 1 year,0.7939758,316.994826361537,High Risk - High Value,Priority retention offer
Male,No,No,Yes,Yes,No,DSL,No,No,No,Yes,No,No,Month-to-month,Yes,Mailed check,49.9,49.9,Yes,1,0,0,0,0,1,0,0,2,Below 1 year,0.6941233,34.6367540538311,Medium Risk,Promote security service
Female,No,Yes,No,Yes,Yes,Fiber optic,No,Yes,Yes,Yes,Yes,Yes,Month-to-month,Yes,Electronic check,111.15,6953.4,No,1,1,0,1,1,1,1,1,7,oldest Customers,0.6046975,4204.7037738204,Medium Risk,Promote security service
Male,No,No,No,Yes,No,No,No internet service,No internet service,No internet service,No internet service,No internet service,No internet service,Two year,No,Mailed check,20.35,689.75,No,1,0,0,0,0,0,0,0,1,Below 3 years,0.05183773,35.75507506262511,Low Risk,Standard engagement
Female,No,Yes,No,Yes,Yes,Fiber optic,No,Yes,Yes,No,Yes,No,Month-to-month,No,Bank transfer (automatic),94.6,5025.8,No,1,1,0,1,1,0,1,0,5,Below 5 years,0.4120247,2070.753770440817,Medium Risk,Promote security service
Male,No,No,No,Yes,Yes,Fiber optic,No,No,Yes,No,No,Yes,Month-to-month,Yes,Mailed check,90.4,4063.0,No,1,1,0,0,1,0,0,1,4,Below 5 years,0.5204128,2114.4372173547745,Medium Risk,Promote security service
Male,No,Yes,Yes,Yes,No,DSL,No,No,No,No,Yes,No,Month-to-month,Yes,Electronic check,54.4,475.1,No,1,0,0,0,0,0,1,0,2,Below 1 year,0.6882293,326.9777510881424,Medium Risk,Promote security service
Male,No,Yes,No,Yes,No,DSL,No,No,No,No,No,No,Month-to-month,No,Credit card (automatic),44.7,44.7,Yes,1,0,0,0,0,0,0,0,1,Below 1 year,0.7720453,34.51042554974556,High Risk - New Customer,Onboarding intervention
Female,Yes,No,No,Yes,No,DSL,Yes,No,Yes,No,No,No,Month-to-month,Yes,Electronic check,55.8,55.8,Yes,1,0,1,0,1,0,0,0,3,Below 1 year,0.81695956,45.5863434433937,High Risk - New Customer,Onboarding intervention
Female,No,Yes,Yes,Yes,Yes,Fiber optic,Yes,Yes,No,No,Yes,No,Two year,Yes,Bank transfer (automatic),95.9,6954.15,No,1,1,1,1,0,0,1,0,5,oldest Customers,0.103709996,721.2148669213057,Low Risk,Offer technical support
Male,No,Yes,Yes,No,No phone service,DSL,No,Yes,No,No,No,No,Month-to-month,No,Electronic check,30.2,30.2,Yes,0,0,0,1,0,0,0,0,1,Below 1 year,0.7687027,23.214821112155914,High Risk - New Customer,Onboarding intervention
Male,No,No,No,No,No phone service,DSL,No,No,No,No,No,No,Month-to-month,Yes,Electronic check,24.25,24.25,Yes,0,0,0,0,0,0,0,0,0,Below 1 year,0.8008827,19.421405404806137,High Risk - New Customer,Onboarding intervention
Male,No,No,No,Yes,Yes,Fiber optic,No,Yes,No,No,Yes,Yes,Month-to-month,Yes,Electronic check,101.75,4273.45,Yes,1,1,0,1,0,0,1,1,5,Below 5 years,0.78110385,3338.0082452654838,High Risk - High Value,Priority retention offer
Male,No,No,Yes,No,No phone service,DSL,Yes,Yes,No,Yes,No,No,One year,No,Bank transfer (automatic),40.65,947.4,No,0,0,1,1,0,1,0,0,3,Below 3 years,0.13179779,124.86522674560547,Low Risk,Standard engagement
Female,Yes,No,No,Yes,Yes,Fiber optic,No,Yes,Yes,No,Yes,Yes,Month-to-month,Yes,Bank transfer (automatic),104.75,4323.45,Yes,1,1,0,1,1,0,1,1,6,Below 5 years,0.7143762,3088.5698301672933,High Risk - High Value,Priority retention offer
Female,No,Yes,Yes,Yes,Yes,DSL,Yes,Yes,Yes,Yes,No,Yes,Month-to-month,No,Credit card (automatic),79.9,3326.2,Yes,1,1,1,1,1,1,0,1,7,Below 5 years,0.25221828,838.9284305036067,Low Risk,Promote long-term contract
Female,No,No,No,Yes,Yes,Fiber optic,No,Yes,No,No,No,No,Month-to-month,No,Bank transfer (automatic),77.95,305.55,Yes,1,1,0,1,0,0,0,0,3,Below 1 year,0.74656135,228.11182001531125,High Risk - High Value,Priority retention offer
Male,No,No,No,Yes,Yes,Fiber optic,No,Yes,Yes,No,Yes,No,Month-to-month,Yes,Electronic check,94.0,773.65,Yes,1,1,0,1,1,0,1,0,5,Below 1 year,0.8589184,664.5022421479225,High Risk - High Value,Priority retention offer
Male,No,No,Yes,Yes,Yes,Fiber optic,No,No,No,Yes,Yes,Yes,One year,Yes,Bank transfer (automatic),100.6,5069.65,Yes,1,1,0,0,0,1,1,1,5,Below 5 years,0.46659032,2365.4495909646153,Medium Risk,Promote security service
Male,No,No,No,Yes,No,No,No internet service,No internet service,No internet service,No internet service,No internet service,No internet service,Month-to-month,No,Mailed check,19.7,19.7,Yes,1,0,0,0,0,0,0,0,1,Below 1 year,0.5122309,10.09094820022583,Medium Risk,Promote long-term contract
Male,No,Yes,No,Yes,No,DSL,Yes,Yes,Yes,No,No,No,One year,No,Credit card (automatic),60.3,3563.8,Yes,1,0,1,1,1,0,0,0,4,Below 5 years,0.131745,469.5128157228232,Low Risk,Offer technical support
Male,No,Yes,Yes,Yes,Yes,Fiber optic,No,Yes,No,Yes,Yes,No,Month-to-month,No,Mailed check,96.8,1826.7,No,1,1,0,1,0,1,1,0,5,Below 3 years,0.44278088,808.827837368846,Medium Risk,Promote security service
Female,No,Yes,Yes,Yes,No,No,No internet service,No internet service,No internet service,No internet service,No internet service,No internet service,Two year,No,Mailed check,20.0,935.9,No,1,0,0,0,0,0,0,0,1,Below 5 years,0.04711339,44.09342055618763,Low Risk,Standard engagement
Male,No,Yes,Yes,Yes,No,DSL,Yes,Yes,No,Yes,No,No,Two year,No,Bank transfer (automatic),57.55,3046.4,Yes,1,0,1,1,0,1,0,0,4,Below 5 years,0.063385405,193.09729671478271,Low Risk,Standard engagement
Female,No,No,No,Yes,No,Fiber optic,No,No,No,No,No,No,Month-to-month,Yes,Mailed check,70.15,70.15,Yes,1,0,0,0,0,0,0,0,1,Below 1 year,0.85909593,60.26557956337929,High Risk - New Customer,Onboarding intervention
Female,No,No,No,Yes,Yes,Fiber optic,No,No,No,Yes,No,No,Month-to-month,Yes,Credit card (automatic),79.85,2404.15,Yes,1,1,0,0,0,1,0,0,3,Below 3 years,0.44256356,1063.9891913935542,Medium Risk,Promote security service
Female,No,Yes,No,Yes,No,Fiber optic,No,No,No,No,Yes,No,Month-to-month,Yes,Electronic check,81.1,576.65,Yes,1,0,0,0,0,0,1,0,2,Below 1 year,0.8552832,493.1990577071905,High Risk - High Value,Priority retention offer
Female,No,Yes,No,Yes,Yes,DSL,No,Yes,Yes,Yes,Yes,Yes,Two year,No,Bank transfer (automatic),86.15,5883.85,No,1,1,0,1,1,1,1,1,7,oldest Customers,0.10777479,634.1306784372778,Low Risk,Promote security service
Female,No,Yes,Yes,Yes,No,No,No internet service,No internet service,No internet service,No internet service,No internet service,No internet service,Two year,Yes,Bank transfer (automatic),19.25,1372.9,No,1,0,0,0,0,0,0,0,1,oldest Customers,0.056191657,77.14552553631366,Low Risk,Standard engagement
Male,No,No,No,Yes,Yes,Fiber optic,Yes,Yes,No,No,Yes,Yes,One year,Yes,Electronic check,104.85,3887.25,No,1,1,1,1,0,0,1,1,6,Below 5 years,0.4876204,1895.5024516135454,Medium Risk,Offer technical support
Female,No,Yes,Yes,No,No phone service,DSL,No,No,No,Yes,No,No,Month-to-month,Yes,Credit card (automatic),29.5,1423.05,No,0,0,0,0,0,1,0,0,1,Below 5 years,0.24151307,343.68517916500565,Low Risk,Promote security service
Male,No,Yes,No,Yes,Yes,Fiber optic,No,No,Yes,Yes,Yes,Yes,Two year,Yes,Bank transfer (automatic),107.6,6912.7,No,1,1,0,0,1,1,1,1,6,oldest Customers,0.3869612,2674.946631196141,Low Risk,Promote security service
Male,Yes,No,No,Yes,No,DSL,Yes,No,Yes,No,No,Yes,One year,No,Credit card (automatic),62.7,2791.5,Yes,1,0,1,0,1,0,0,1,4,Below 5 years,0.21695757,605.6370542049408,Low Risk,Offer technical support
Male,No,Yes,Yes,Yes,Yes,Fiber optic,No,No,No,No,Yes,No,Month-to-month,No,Electronic check,85.45,2509.95,No,1,1,0,0,0,0,1,0,3,Below 3 years,0.74061847,1858.9153220772741,High Risk - High Value,Priority retention offer
Male,No,No,No,Yes,Yes,Fiber optic,Yes,Yes,No,Yes,No,Yes,One year,No,Electronic check,102.0,6529.25,Yes,1,1,1,1,0,1,0,1,6,oldest Customers,0.45156816,2948.401385702193,Medium Risk,Standard engagement
Female,No,No,No,Yes,No,DSL,No,Yes,No,No,No,No,Month-to-month,No,Electronic check,49.5,49.5,No,1,0,0,1,0,0,0,0,2,Below 1 year,0.77446026,38.335782676935196,High Risk - New Customer,Onboarding intervention
Male,No,No,No,No,No phone service,DSL,No,No,No,Yes,No,Yes,Month-to-month,Yes,Electronic check,40.05,162.45,No,0,0,0,0,0,1,0,1,2,Below 1 year,0.70149505,113.95787109732628,High Risk - New Customer,Onboarding intervention
Male,No,No,No,Yes,No,No,No internet service,No internet service,No internet service,No internet service,No internet service,No internet service,One year,No,Credit card (automatic),20.05,267.0,No,1,0,0,0,0,0,0,0,1,Below 3 years,0.11356907,30.322942592203617,Low Risk,Standard engagement
Male,No,Yes,No,No,No phone service,DSL,No,Yes,No,No,No,Yes,Month-to-month,Yes,Bank transfer (automatic),41.05,2452.7,Yes,0,0,0,1,0,0,0,1,2,Below 5 years,0.43217337,1059.9916278243063,Medium Risk,Promote security service
Female,No,Yes,Yes,No,No phone service,DSL,Yes,No,Yes,No,Yes,Yes,One year,Yes,Electronic check,55.95,1157.05,Yes,0,0,1,0,1,0,1,1,4,Below 3 years,0.23299737,269.58961013630034,Low Risk,Offer technical support
Female,Yes,No,No,No,No phone service,DSL,No,No,No,No,Yes,Yes,Month-to-month,No,Electronic check,45.7,198.0,Yes,0,0,0,0,0,0,1,1,2,Below 1 year,0.8019319,158.782519698143,High Risk - New Customer,Onboarding intervention
Male,No,No,No,Yes,Yes,DSL,Yes,Yes,No,Yes,No,No,One year,Yes,Bank transfer (automatic),64.65,3665.55,No,1,1,1,1,0,1,0,0,5,Below 5 years,0.12666553,464.2988429814577,Low Risk,Standard engagement
Female,No,Yes,No,No,No phone service,DSL,No,No,No,No,No,No,Month-to-month,Yes,Electronic check,24.8,24.8,Yes,0,0,0,0,0,0,0,0,0,Below 1 year,0.8179406,20.28492670059204,High Risk - New Customer,Onboarding intervention
Female,Yes,Yes,No,Yes,No,DSL,No,No,No,No,No,No,Month-to-month,No,Electronic check,46.0,46.0,Yes,1,0,0,0,0,0,0,0,1,Below 1 year,0.84823436,39.01878035068512,High Risk - New Customer,Onboarding intervention
Male,No,Yes,No,Yes,Yes,DSL,Yes,No,No,Yes,Yes,No,One year,Yes,Credit card (automatic),72.8,2333.05,No,1,1,1,0,0,1,1,0,5,Below 3 years,0.16665252,388.8086513586343,Low Risk,Standard engagement
Female,Yes,Yes,No,Yes,Yes,Fiber optic,No,No,No,Yes,Yes,Yes,Month-to-month,Yes,Bank transfer (automatic),100.4,5749.8,No,1,1,0,0,0,1,1,1,5,Below 5 years,0.53713524,3088.420222592354,Medium Risk,Promote security service
Male,Yes,Yes,No,Yes,No,Fiber optic,No,No,No,No,No,Yes,Month-to-month,Yes,Electronic check,80.45,950.2,Yes,1,0,0,0,0,0,0,1,2,Below 3 years,0.8343604,792.8092717528343,High Risk - High Value,Priority retention offer
Male,Yes,Yes,No,Yes,Yes,Fiber optic,No,Yes,Yes,Yes,Yes,Yes,Two year,Yes,Bank transfer (automatic),109.75,7932.5,No,1,1,0,1,1,1,1,1,7,oldest Customers,0.22051069,1749.201059564948,Low Risk,Promote security service
Female,Yes,No,No,Yes,No,Fiber optic,No,No,No,No,Yes,Yes,Month-to-month,Yes,Electronic check,89.35,567.8,No,1,0,0,0,0,0,1,1,3,Below 1 year,0.8848724,502.43053561449045,High Risk - High Value,Priority retention offer
Female,No,Yes,Yes,Yes,No,Fiber optic,No,Yes,No,Yes,Yes,Yes,Month-to-month,Yes,Mailed check,99.15,465.05,Yes,1,0,0,1,0,1,1,1,5,Below 1 year,0.7723175,359.166266733408,High Risk - High Value,Priority retention offer
Female,No,Yes,No,Yes,Yes,Fiber optic,No,Yes,Yes,No,No,Yes,One year,Yes,Electronic check,94.3,5610.15,No,1,1,0,1,1,0,0,1,5,Below 5 years,0.35359824,1983.7391495168208,Low Risk,Promote security service
Female,No,No,No,Yes,No,DSL,No,No,Yes,No,No,No,Month-to-month,No,Credit card (automatic),49.7,1081.25,No,1,0,0,0,1,0,0,0,2,Below 3 years,0.3540376,382.8031687065959,Low Risk,Promote security service
Female,No,No,No,Yes,No,Fiber optic,No,Yes,Yes,No,No,No,Month-to-month,Yes,Electronic check,81.15,952.3,Yes,1,0,0,1,1,0,0,0,3,Below 3 years,0.8032589,764.9434465408325,High Risk - High Value,Priority retention offer
Male,No,No,Yes,Yes,No,DSL,No,Yes,No,Yes,No,No,Month-to-month,Yes,Bank transfer (automatic),55.3,1284.2,No,1,0,0,1,0,1,0,0,3,Below 3 years,0.2268055,291.2636144131422,Low Risk,Promote security service
Female,No,Yes,No,Yes,Yes,DSL,No,No,No,No,No,No,Month-to-month,Yes,Electronic check,50.25,2203.65,Yes,1,1,0,0,0,0,0,0,2,Below 5 years,0.5725004,1261.5905234187842,Medium Risk,Promote security service
Female,No,No,Yes,Yes,No,No,No internet service,No internet service,No internet service,No internet service,No internet service,No internet service,Two year,No,Credit card (automatic),19.5,1215.1,No,1,0,0,0,0,0,0,0,1,oldest Customers,0.046482794,56.48124297335743,Low Risk,Standard engagement
Male,No,No,No,Yes,No,Fiber optic,No,No,No,No,No,Yes,Month-to-month,Yes,Electronic check,79.9,324.3,Yes,1,0,0,0,0,0,0,1,2,Below 1 year,0.86267745,279.76629863977433,High Risk - High Value,Priority retention offer
Female,No,No,No,Yes,No,No,No internet service,No internet service,No internet service,No internet service,No internet service,No internet service,Month-to-month,Yes,Mailed check,20.3,20.3,Yes,1,0,0,0,0,0,0,0,1,Below 1 year,0.67439693,13.690257722139359,Medium Risk,Promote long-term contract
Female,Yes,No,No,Yes,No,DSL,No,No,No,No,No,No,Month-to-month,Yes,Electronic check,44.3,89.3,No,1,0,0,0,0,0,0,0,1,Below 1 year,0.84187764,75.17967318892478,High Risk - New Customer,Onboarding intervention
Female,No,Yes,No,Yes,Yes,DSL,Yes,Yes,Yes,Yes,No,Yes,Two year,Yes,Mailed check,81.3,5129.3,No,1,1,1,1,1,1,0,1,7,oldest Customers,0.07313333,375.1227745242417,Low Risk,Standard engagement
Female,No,No,No,Yes,No,Fiber optic,No,No,No,No,No,No,Month-to-month,Yes,Mailed check,70.8,70.8,Yes,1,0,0,0,0,0,0,0,1,Below 1 year,0.8578865,60.738363718986506,High Risk - New Customer,Onboarding intervention
Female,No,No,No,Yes,Yes,Fiber optic,No,Yes,No,No,No,No,Month-to-month,Yes,Electronic check,79.75,1111.85,Yes,1,1,0,1,0,0,0,0,3,Below 3 years,0.81510735,906.2771021842956,High Risk - High Value,Priority retention offer
Female,No,No,No,Yes,Yes,Fiber optic,No,Yes,No,No,No,No,Month-to-month,Yes,Electronic check,79.15,1676.95,Yes,1,1,0,1,0,0,0,0,3,Below 3 years,0.72701454,1219.1670355796814,High Risk - High Value,Priority retention offer
Female,No,No,Yes,Yes,No,No,No internet service,No internet service,No internet service,No internet service,No internet service,No internet service,Month-to-month,No,Mailed check,20.25,535.35,No,1,0,0,0,0,0,0,0,1,Below 3 years,0.1738333,93.06165485456586,Low Risk,Promote long-term contract
Male,No,Yes,Yes,Yes,Yes,No,No internet service,No internet service,No internet service,No internet service,No internet service,No internet service,One year,No,Mailed check,26.4,314.95,No,1,1,0,0,0,0,0,0,2,Below 3 years,0.12003943,37.806419499218464,Low Risk,Standard engagement
Female,No,No,No,Yes,No,Fiber optic,No,Yes,Yes,Yes,No,No,Month-to-month,No,Bank transfer (automatic),83.2,2032.3,No,1,0,0,1,1,1,0,0,4,Below 3 years,0.36133662,734.3444101065397,Low Risk,Promote security service
Female,No,Yes,No,Yes,No,No,No internet service,No internet service,No internet service,No internet service,No internet service,No internet service,Month-to-month,No,Bank transfer (automatic),19.65,655.85,Yes,1,0,0,0,0,0,0,0,1,Below 3 years,0.21471216,140.8189687229693,Low Risk,Promote long-term contract
Female,No,Yes,Yes,Yes,No,DSL,Yes,Yes,No,No,No,No,Month-to-month,No,Credit card (automatic),55.9,365.35,Yes,1,0,1,1,0,0,0,0,3,Below 1 year,0.4242775,155.00978982001544,Medium Risk,Offer technical support
Male,No,Yes,Yes,Yes,No,Fiber optic,No,No,Yes,No,Yes,No,Month-to-month,Yes,Mailed check,84.05,2909.95,No,1,0,0,0,1,0,1,0,3,Below 3 years,0.55290836,1608.9356849700212,Medium Risk,Promote security service
Female,No,No,No,Yes,Yes,Fiber optic,Yes,No,No,No,No,No,Month-to-month,Yes,Bank transfer (automatic),79.0,929.3,No,1,1,1,0,0,0,0,0,3,Below 1 year,0.62208545,578.104010617733,Medium Risk,Offer technical support
Female,No,Yes,No,Yes,Yes,Fiber optic,No,Yes,No,Yes,Yes,Yes,Month-to-month,Yes,Credit card (automatic),105.1,5083.55,No,1,1,0,1,0,1,1,1,6,Below 5 years,0.5551492,2822.128703349829,Medium Risk,Promote security service
Male,No,Yes,No,Yes,No,Fiber optic,No,No,No,No,Yes,No,Month-to-month,Yes,Electronic check,80.35,307.4,Yes,1,0,0,0,0,0,1,0,2,Below 1 year,0.868108,266.8563913702965,High Risk - High Value,Priority retention offer
Male,No,Yes,No,Yes,Yes,Fiber optic,No,Yes,Yes,No,No,No,Month-to-month,Yes,Electronic check,85.8,2440.25,No,1,1,0,1,1,0,0,0,4,Below 3 years,0.73342097,1789.7305172979832,High Risk - High Value,Priority retention offer
Female,No,No,No,Yes,Yes,Fiber optic,No,No,No,No,Yes,Yes,Month-to-month,Yes,Electronic check,94.2,1046.1,Yes,1,1,0,0,0,0,1,1,4,Below 3 years,0.8732491,913.5058976948261,High Risk - High Value,Priority retention offer
Female,No,Yes,Yes,Yes,No,No,No internet service,No internet service,No internet service,No internet service,No internet service,No internet service,One year,No,Mailed check,20.65,134.05,No,1,0,0,0,0,0,0,0,1,Below 1 year,0.123756535,16.589563563838603,Low Risk,Standard engagement
Male,No,No,Yes,Yes,No,DSL,No,Yes,Yes,Yes,Yes,Yes,Two year,Yes,Credit card (automatic),79.5,5196.1,No,1,0,0,1,1,1,1,1,6,oldest Customers,0.09355421,486.117049510777,Low Risk,Promote security service
Male,Yes,No,No,Yes,Yes,Fiber optic,No,No,No,No,No,No,Month-to-month,Yes,Mailed check,72.6,154.3,No,1,1,0,0,0,0,0,0,2,Below 1 year,0.81464016,125.69897736310959,High Risk - New Customer,Onboarding intervention
Male,No,Yes,No,Yes,Yes,Fiber optic,Yes,Yes,No,No,Yes,No,Month-to-month,Yes,Bank transfer (automatic),93.85,4733.1,No,1,1,1,1,0,0,1,0,5,Below 5 years,0.43369633,2052.728097599745,Medium Risk,Offer technical support
Male,No,No,No,Yes,No,Fiber optic,Yes,No,Yes,No,Yes,Yes,One year,Yes,Credit card (automatic),99.95,2292.75,No,1,0,1,0,1,0,1,1,5,Below 3 years,0.39870742,914.1364363655448,Low Risk,Offer technical support
Male,No,No,Yes,No,No phone service,DSL,No,No,No,No,No,No,Month-to-month,Yes,Electronic check,25.3,25.3,Yes,0,0,0,0,0,0,0,0,0,Below 1 year,0.8277976,20.943279069662093,High Risk - New Customer,Onboarding intervention
Male,No,Yes,No,Yes,Yes,Fiber optic,No,No,No,No,No,No,Month-to-month,Yes,Electronic check,74.95,825.7,Yes,1,1,0,0,0,0,0,0,2,Below 1 year,0.8247401,680.987910336256,High Risk - High Value,Priority retention offer
Male,No,Yes,Yes,Yes,Yes,DSL,No,Yes,Yes,No,Yes,Yes,Two year,No,Bank transfer (automatic),79.85,5234.95,No,1,1,0,1,1,0,1,1,6,oldest Customers,0.14885403,779.2434156499803,Low Risk,Promote security service
Male,No,Yes,No,Yes,Yes,Fiber optic,No,Yes,Yes,No,Yes,Yes,Month-to-month,Yes,Electronic check,102.4,6444.05,No,1,1,0,1,1,0,1,1,6,oldest Customers,0.7167527,4618.790287718177,High Risk - High Value,Priority retention offer
Female,Yes,No,No,Yes,Yes,Fiber optic,No,No,Yes,No,Yes,Yes,Month-to-month,No,Electronic check,101.35,780.5,Yes,1,1,0,0,1,0,1,1,5,Below 1 year,0.86305064,673.6110242307186,High Risk - High Value,Priority retention offer
Female,No,Yes,Yes,Yes,Yes,Fiber optic,No,No,No,No,No,No,Month-to-month,Yes,Bank transfer (automatic),75.8,1615.1,No,1,1,0,0,0,0,0,0,2,Below 3 years,0.54126984,874.2049166619777,Medium Risk,Promote security service
Female,Yes,No,No,Yes,No,Fiber optic,No,No,Yes,No,No,No,Month-to-month,Yes,Electronic check,74.3,940.35,Yes,1,0,0,0,1,0,0,0,2,Below 3 years,0.82467055,775.4789547085762,High Risk - General,Promote security service
Female,No,No,No,Yes,No,Fiber optic,Yes,Yes,No,Yes,No,No,Month-to-month,Yes,Mailed check,83.4,83.4,No,1,0,1,1,0,1,0,0,4,Below 1 year,0.76311195,63.64353654384613,High Risk - High Value,Priority retention offer
Male,No,Yes,Yes,Yes,No,Fiber optic,No,No,No,No,No,No,Month-to-month,Yes,Mailed check,70.65,70.65,Yes,1,0,0,0,0,0,0,0,1,Below 1 year,0.8514522,60.155095937848095,High Risk - New Customer,Onboarding intervention
Male,No,No,No,Yes,No,Fiber optic,No,No,No,No,No,No,Month-to-month,Yes,Mailed check,71.55,71.55,Yes,1,0,0,0,0,0,0,0,1,Below 1 year,0.85047185,60.85126116871834,High Risk - New Customer,Onboarding intervention
Female,No,No,No,Yes,Yes,DSL,No,Yes,No,No,No,No,One year,Yes,Mailed check,54.25,773.2,No,1,1,0,1,0,0,0,0,3,Below 3 years,0.27889678,215.64298938512803,Low Risk,Promote security service
Female,No,Yes,No,Yes,No,No,No internet service,No internet service,No internet service,No internet service,No internet service,No internet service,One year,No,Bank transfer (automatic),20.5,79.05,No,1,0,0,0,0,0,0,0,1,Below 1 year,0.15522131,12.270244811475276,Low Risk,Standard engagement
Female,No,No,No,Yes,Yes,Fiber optic,No,No,Yes,No,Yes,Yes,Month-to-month,Yes,Credit card (automatic),98.6,2933.2,Yes,1,1,0,0,1,0,1,1,5,Below 3 years,0.72660434,2131.2758573055266,High Risk - High Value,Priority retention offer
Female,No,No,No,No,No phone service,DSL,Yes,Yes,Yes,No,Yes,Yes,Two year,Yes,Bank transfer (automatic),58.75,3038.55,No,0,0,1,1,1,0,1,1,5,Below 5 years,0.07962034,241.93038099668922,Low Risk,Offer technical support
Female,No,No,No,Yes,No,Fiber optic,Yes,No,No,No,Yes,Yes,Month-to-month,Yes,Electronic check,96.05,1740.7,Yes,1,0,1,0,0,0,1,1,4,Below 3 years,0.7852477,1366.8806427121162,High Risk - High Value,Priority retention offer
Female,No,No,Yes,Yes,Yes,Fiber optic,Yes,No,No,No,No,No,Month-to-month,Yes,Electronic check,78.3,909.25,Yes,1,1,1,0,0,0,0,0,3,Below 3 years,0.7016353,637.9618975371122,High Risk - High Value,Priority retention offer
Female,No,No,No,Yes,Yes,Fiber optic,No,Yes,Yes,No,Yes,Yes,Month-to-month,Yes,Bank transfer (automatic),101.9,3545.35,Yes,1,1,0,1,1,0,1,1,6,Below 5 years,0.6673524,2365.997754648328,Medium Risk,Promote security service
Female,No,Yes,No,Yes,No,DSL,Yes,No,Yes,No,No,No,Month-to-month,Yes,Mailed check,55.15,3673.15,No,1,0,1,0,1,0,0,0,3,oldest Customers,0.24885374,914.0771263808012,Low Risk,Offer technical support
Male,No,No,No,Yes,No,Fiber optic,No,No,No,No,No,Yes,Month-to-month,Yes,Mailed check,80.85,80.85,Yes,1,0,0,0,0,0,0,1,2,Below 1 year,0.87527955,70.76635127663612,High Risk - High Value,Priority retention offer
Female,No,No,No,No,No phone service,DSL,No,No,Yes,No,Yes,Yes,Month-to-month,Yes,Credit card (automatic),50.35,1277.5,No,0,0,0,0,1,0,1,1,3,Below 3 years,0.488598,624.1839310526848,Medium Risk,Promote security service
Female,No,No,No,Yes,No,Fiber optic,No,No,Yes,Yes,No,Yes,Month-to-month,Yes,Electronic check,89.25,487.05,No,1,0,0,0,1,1,0,1,4,Below 1 year,0.82327545,400.9763064086437,High Risk - High Value,Priority retention offer
Female,No,Yes,Yes,Yes,No,No,No internet service,No internet service,No internet service,No internet service,No internet service,No internet service,Two year,No,Mailed check,19.4,967.85,No,1,0,0,0,0,0,0,0,1,Below 5 years,0.052576702,50.88636111598462,Low Risk,Standard engagement
Male,Yes,No,No,Yes,No,Fiber optic,No,No,No,Yes,No,No,Month-to-month,No,Electronic check,74.7,74.7,No,1,0,0,0,0,1,0,0,2,Below 1 year,0.841745,62.878352916240694,High Risk - New Customer,Onboarding intervention
Female,No,No,No,Yes,No,No,No internet service,No internet service,No internet service,No internet service,No internet service,No internet service,Two year,No,Credit card (automatic),20.25,1566.9,No,1,0,0,0,0,0,0,0,1,oldest Customers,0.043899123,68.78553524203599,Low Risk,Standard engagement
Female,No,No,No,No,No phone service,DSL,Yes,Yes,No,No,No,Yes,Month-to-month,Yes,Electronic check,42.6,72.4,Yes,0,0,1,1,0,0,0,1,3,Below 1 year,0.7207448,52.18192269802094,High Risk - New Customer,Onboarding intervention
Male,No,No,No,Yes,Yes,No,No internet service,No internet service,No internet service,No internet service,No internet service,No internet service,Month-to-month,No,Mailed check,25.25,101.9,No,1,1,0,0,0,0,0,0,2,Below 1 year,0.3580589,36.48620187342167,Low Risk,Promote long-term contract
Male,No,No,No,Yes,Yes,Fiber optic,No,Yes,No,No,No,No,Month-to-month,Yes,Electronic check,79.35,1730.35,Yes,1,1,0,1,0,0,0,0,3,Below 3 years,0.73774356,1276.5545629888773,High Risk - High Value,Priority retention offer
Male,Yes,No,No,Yes,No,DSL,No,No,Yes,No,Yes,No,Month-to-month,Yes,Bank transfer (automatic),60.05,1236.15,Yes,1,0,0,0,1,0,1,0,3,Below 3 years,0.50418824,623.2522923499346,Medium Risk,Promote security service
Male,Yes,No,No,Yes,Yes,Fiber optic,No,No,No,No,Yes,No,Month-to-month,Yes,Electronic check,84.85,3645.6,No,1,1,0,0,0,0,1,0,3,Below 5 years,0.7195304,2623.1200394153593,High Risk - High Value,Priority retention offer
Male,No,No,No,Yes,No,No,No internet service,No internet service,No internet service,No internet service,No internet service,No internet service,Month-to-month,Yes,Mailed check,19.95,59.25,No,1,0,0,0,0,0,0,0,1,Below 1 year,0.33289456,19.72400289773941,Low Risk,Promote long-term contract
Male,No,Yes,Yes,Yes,Yes,Fiber optic,Yes,Yes,Yes,Yes,Yes,Yes,Two year,Yes,Credit card (automatic),112.6,8126.65,No,1,1,1,1,1,1,1,1,8,oldest Customers,0.0932854,758.0977690525352,Low Risk,Standard engagement
Female,No,Yes,Yes,Yes,Yes,No,No internet service,No internet service,No internet service,No internet service,No internet service,No internet service,Two year,No,Mailed check,24.7,571.75,No,1,1,0,0,0,0,0,0,2,Below 3 years,0.061741,35.30041570868343,Low Risk,Standard engagement
Male,Yes,Yes,No,No,No phone service,DSL,Yes,No,Yes,Yes,Yes,Yes,Two year,Yes,Credit card (automatic),64.05,3886.85,No,0,0,1,0,1,1,1,1,5,Below 5 years,0.08298669,322.5568164307624,Low Risk,Standard engagement
Male,No,No,No,Yes,No,DSL,No,No,No,No,No,No,Month-to-month,Yes,Credit card (automatic),45.2,2065.15,No,1,0,0,0,0,0,0,0,1,Below 5 years,0.35091248,724.6869112655521,Low Risk,Promote security service
Female,No,No,No,Yes,No,Fiber optic,No,No,No,No,No,No,Month-to-month,Yes,Electronic check,69.5,69.5,Yes,1,0,0,0,0,0,0,0,1,Below 1 year,0.9050672,62.90217077732086,High Risk - New Customer,Onboarding intervention
Male,No,No,No,No,No phone service,DSL,No,No,No,No,No,Yes,Month-to-month,Yes,Mailed check,33.9,298.45,Yes,0,0,0,0,0,0,0,1,1,Below 1 year,0.6010442,179.38163492679595,Medium Risk,Promote security service
Female,No,Yes,No,Yes,Yes,Fiber optic,No,Yes,Yes,Yes,Yes,Yes,Two year,No,Electronic check,109.25,7707.7,No,1,1,0,1,1,1,1,1,7,oldest Customers,0.25376642,1955.9554161906242,Low Risk,Promote security service
Male,Yes,Yes,No,Yes,No,No,No internet service,No internet service,No internet service,No internet service,No internet service,No internet service,One year,No,Credit card (automatic),19.85,183.15,No,1,0,0,0,0,0,0,0,1,Below 1 year,0.12871467,23.574091035872698,Low Risk,Standard engagement
Male,Yes,No,No,Yes,No,Fiber optic,No,No,No,No,Yes,Yes,Month-to-month,Yes,Electronic check,90.5,1201.15,Yes,1,0,0,0,0,0,1,1,3,Below 3 years,0.861407,1034.6789963632823,High Risk - High Value,Priority retention offer
Male,No,Yes,Yes,No,No phone service,DSL,Yes,No,No,Yes,No,No,Month-to-month,No,Bank transfer (automatic),35.4,1077.5,Yes,0,0,1,0,0,1,0,0,2,Below 3 years,0.25684878,276.75456292927265,Low Risk,Promote long-term contract
Male,No,No,No,Yes,No,DSL,Yes,No,No,No,No,No,Month-to-month,No,Mailed check,51.25,51.25,No,1,0,1,0,0,0,0,0,2,Below 1 year,0.6791399,34.805920496582985,Medium Risk,Offer technical support
Male,No,Yes,Yes,Yes,No,DSL,Yes,Yes,No,Yes,No,No,Two year,No,Credit card (automatic),60.5,3121.45,No,1,0,1,1,0,1,0,0,4,Below 5 years,0.06527171,203.74238804318009,Low Risk,Standard engagement
Male,Yes,No,No,Yes,No,Fiber optic,No,Yes,No,No,No,No,Month-to-month,Yes,Electronic check,74.4,1074.3,Yes,1,0,0,1,0,0,0,0,2,Below 3 years,0.80861145,868.691283506155,High Risk - General,Promote security service
Male,No,No,Yes,Yes,No,DSL,Yes,No,No,No,No,No,Month-to-month,No,Mailed check,50.6,50.6,Yes,1,0,1,0,0,0,0,0,2,Below 1 year,0.6645574,33.62660430669785,Medium Risk,Offer technical support
Male,No,No,No,Yes,No,DSL,Yes,Yes,Yes,Yes,No,No,Two year,No,Bank transfer (automatic),65.6,2313.8,No,1,0,1,1,1,1,0,0,5,Below 5 years,0.07477791,173.02112497240307,Low Risk,Standard engagement
Female,No,Yes,No,Yes,Yes,Fiber optic,No,No,Yes,No,No,Yes,Month-to-month,No,Bank transfer (automatic),90.15,2423.4,No,1,1,0,0,1,0,0,1,4,Below 3 years,0.5972872,1447.4657472610475,Medium Risk,Promote security service
Male,No,No,No,Yes,No,Fiber optic,No,No,No,No,No,No,Month-to-month,Yes,Electronic check,69.55,521.35,No,1,0,0,0,0,0,0,0,1,Below 1 year,0.80089074,417.5443892449141,High Risk - New Customer,Onboarding intervention
Male,No,No,No,Yes,No,No,No internet service,No internet service,No internet service,No internet service,No internet service,No internet service,Two year,No,Credit card (automatic),20.55,1252.85,No,1,0,0,0,0,0,0,0,1,Below 5 years,0.047694717,59.75432569552213,Low Risk,Standard engagement
Female,No,No,No,No,No phone service,DSL,No,No,No,No,Yes,No,Month-to-month,Yes,Credit card (automatic),34.8,113.95,No,0,0,0,0,0,0,1,0,1,Below 1 year,0.76178557,86.80546533763409,High Risk - New Customer,Onboarding intervention
Female,No,Yes,No,Yes,Yes,Fiber optic,No,Yes,Yes,No,Yes,Yes,One year,Yes,Electronic check,107.5,6873.75,Yes,1,1,0,1,1,0,1,1,6,oldest Customers,0.57004374,3918.338176086545,Medium Risk,Promote security service
Female,No,Yes,Yes,Yes,No,No,No internet service,No internet service,No internet service,No internet service,No internet service,No internet service,One year,No,Mailed check,20.1,579.4,No,1,0,0,0,0,0,0,0,1,Below 3 years,0.08997864,52.13362561613321,Low Risk,Standard engagement
Male,No,No,No,Yes,Yes,Fiber optic,No,No,No,No,No,No,Month-to-month,Yes,Credit card (automatic),73.25,131.05,Yes,1,1,0,0,0,0,0,0,2,Below 1 year,0.8253452,108.16149084270002,High Risk - New Customer,Onboarding intervention
Female,No,No,No,Yes,No,DSL,No,No,Yes,No,No,Yes,Month-to-month,Yes,Electronic check,59.45,892.65,Yes,1,0,0,0,1,0,0,1,3,Below 3 years,0.68097955,607.8763952046633,Medium Risk,Promote security service
Male,No,No,Yes,Yes,Yes,Fiber optic,No,Yes,No,No,Yes,Yes,Month-to-month,Yes,Electronic check,101.7,364.55,Yes,1,1,0,1,0,0,1,1,5,Below 1 year,0.88135165,321.29674392044546,High Risk - High Value,Priority retention offer
Female,Yes,No,No,Yes,No,Fiber optic,Yes,No,No,No,No,No,Month-to-month,Yes,Bank transfer (automatic),75.4,1643.55,No,1,0,1,0,0,0,0,0,2,Below 3 years,0.55850786,917.9355928212404,Medium Risk,Offer technical support
Male,No,No,No,Yes,No,No,No internet service,No internet service,No internet service,No internet service,No internet service,No internet service,Month-to-month,No,Mailed check,18.9,18.9,No,1,0,0,0,0,0,0,0,1,Below 1 year,0.46767974,8.839147067070007,Medium Risk,Promote long-term contract
Male,No,Yes,No,Yes,No,DSL,No,Yes,Yes,No,Yes,Yes,Two year,No,Electronic check,73.6,3522.65,No,1,0,0,1,1,0,1,1,5,Below 5 years,0.1712357,603.2034226872028,Low Risk,Promote security service
Female,Yes,Yes,No,Yes,Yes,Fiber optic,Yes,Yes,No,No,No,Yes,One year,No,Credit card (automatic),95.0,3591.25,No,1,1,1,1,0,0,0,1,5,Below 5 years,0.24182431,868.451567646116,Low Risk,Offer technical support
Male,No,Yes,Yes,Yes,Yes,Fiber optic,Yes,Yes,No,No,Yes,Yes,Month-to-month,Yes,Electronic check,105.5,6487.2,No,1,1,1,1,0,0,1,1,6,oldest Customers,0.5633151,3654.337674665451,Medium Risk,Offer technical support
Male,No,Yes,Yes,Yes,No,DSL,No,Yes,No,No,No,No,One year,No,Mailed check,49.55,475.7,No,1,0,0,1,0,0,0,0,2,Below 1 year,0.24824959,118.09233015179633,Low Risk,Promote security service
Male,No,Yes,No,Yes,No,DSL,Yes,Yes,No,No,Yes,Yes,Two year,Yes,Bank transfer (automatic),74.55,4191.45,No,1,0,1,1,0,0,1,1,5,Below 5 years,0.07566549,317.14811319485307,Low Risk,Offer technical support
Female,No,Yes,Yes,No,No phone service,DSL,No,No,No,No,No,No,Month-to-month,Yes,Mailed check,24.4,36.55,Yes,0,0,0,0,0,0,0,0,0,Below 1 year,0.6974069,25.490221756696698,Medium Risk,Promote security service
Male,No,No,No,Yes,No,Fiber optic,No,No,No,Yes,Yes,Yes,Month-to-month,Yes,Electronic check,96.1,453.4,Yes,1,0,0,0,0,1,1,1,4,Below 1 year,0.8360003,379.042546582222,High Risk - High Value,Priority retention offer
Female,No,Yes,Yes,Yes,Yes,No,No internet service,No internet service,No internet service,No internet service,No internet service,No internet service,Month-to-month,Yes,Mailed check,24.3,132.25,No,1,1,0,0,0,0,0,0,2,Below 1 year,0.31939393,42.239847615361214,Low Risk,Promote long-term contract
Male,Yes,Yes,No,No,No phone service,DSL,No,No,No,No,Yes,Yes,Month-to-month,Yes,Electronic check,44.85,2572.95,Yes,0,0,0,0,0,0,1,1,2,Below 5 years,0.6332556,1629.33499841094,Medium Risk,Promote security service
Female,No,No,No,No,No phone service,DSL,No,No,No,No,No,No,Month-to-month,Yes,Electronic check,23.9,300.8,Yes,0,0,0,0,0,0,0,0,0,Below 3 years,0.66793895,200.9160354614258,Medium Risk,Promote security service
Male,No,No,No,Yes,No,No,No internet service,No internet service,No internet service,No internet service,No internet service,No internet service,Month-to-month,Yes,Electronic check,20.25,61.45,No,1,0,0,0,0,0,0,0,1,Below 1 year,0.49449143,30.386498259007933,Medium Risk,Promote long-term contract
Female,No,Yes,No,No,No phone service,DSL,Yes,Yes,Yes,No,No,Yes,Two year,Yes,Electronic check,49.2,3580.95,No,0,0,1,1,1,0,0,1,4,oldest Customers,0.12939483,463.35641388595104,Low Risk,Offer technical support
Female,No,No,No,Yes,No,DSL,No,Yes,No,No,No,No,Month-to-month,No,Electronic check,51.2,498.25,No,1,0,0,1,0,0,0,0,2,Below 1 year,0.53743356,267.77627359330654,Medium Risk,Promote security service
Male,No,No,No,Yes,No,Fiber optic,No,Yes,No,Yes,Yes,No,One year,Yes,Electronic check,89.55,3729.75,No,1,0,0,1,0,1,1,0,4,Below 5 years,0.34703156,1294.3409740403295,Low Risk,Promote security service
Female,No,No,No,Yes,Yes,Fiber optic,No,Yes,Yes,No,Yes,Yes,Two year,Yes,Electronic check,104.6,4759.85,Yes,1,1,0,1,1,0,1,1,6,Below 5 years,0.350976,1670.5930674076083,Low Risk,Promote security service
Male,No,No,No,Yes,No,Fiber optic,Yes,Yes,No,No,Yes,Yes,One year,No,Bank transfer (automatic),99.15,5720.95,No,1,0,1,1,0,0,1,1,5,Below 5 years,0.31428725,1798.0216158479452,Low Risk,Offer technical support
Female,Yes,No,No,Yes,No,Fiber optic,No,No,No,No,No,No,Month-to-month,Yes,Electronic check,70.55,70.55,Yes,1,0,0,0,0,0,0,0,1,Below 1 year,0.9089555,64.12681154310702,High Risk - New Customer,Onboarding intervention
Male,No,No,No,No,No phone service,DSL,Yes,No,No,Yes,Yes,No,Month-to-month,Yes,Mailed check,43.55,1011.5,No,0,0,1,0,0,1,1,0,3,Below 3 years,0.2869428,290.2426521331072,Low Risk,Promote long-term contract
Male,No,Yes,No,Yes,No,DSL,Yes,No,No,Yes,No,No,Month-to-month,No,Mailed check,53.6,1315.35,No,1,0,1,0,0,1,0,0,3,Below 3 years,0.2209392,290.6123821087181,Low Risk,Promote long-term contract
Male,No,No,No,Yes,Yes,Fiber optic,No,No,No,No,Yes,No,Month-to-month,Yes,Electronic check,85.65,181.5,Yes,1,1,0,0,0,0,1,0,3,Below 1 year,0.91030777,165.22085934877396,High Risk - High Value,Priority retention offer
Female,No,No,No,Yes,Yes,Fiber optic,No,No,No,No,Yes,Yes,Month-to-month,No,Bank transfer (automatic),96.05,4399.5,Yes,1,1,0,0,0,0,1,1,4,Below 5 years,0.5836184,2567.6291617155075,Medium Risk,Promote security service
Female,No,No,No,Yes,Yes,Fiber optic,Yes,Yes,Yes,No,Yes,Yes,Two year,Yes,Bank transfer (automatic),112.95,6465.0,Yes,1,1,1,1,1,0,1,1,7,Below 5 years,0.31246975,2020.11693790555,Low Risk,Offer technical support
Male,No,Yes,Yes,Yes,Yes,DSL,Yes,Yes,Yes,Yes,Yes,Yes,Two year,Yes,Credit card (automatic),91.95,6614.9,No,1,1,1,1,1,1,1,1,8,oldest Customers,0.07524257,497.7220864318311,Low Risk,Standard engagement
Female,No,Yes,No,Yes,No,No,No internet service,No internet service,No internet service,No internet service,No internet service,No internet service,One year,No,Mailed check,20.15,456.85,No,1,0,0,0,0,0,0,0,1,Below 3 years,0.092755705,42.37544388324022,Low Risk,Standard engagement
Male,No,No,No,No,No phone service,DSL,No,No,No,Yes,No,Yes,Two year,Yes,Mailed check,40.05,2799.75,No,0,0,0,0,0,1,0,1,2,oldest Customers,0.10916335,305.6300929617137,Low Risk,Promote security service
Female,No,Yes,No,Yes,No,DSL,No,No,No,No,No,No,Month-to-month,Yes,Mailed check,46.1,130.15,No,1,0,0,0,0,0,0,0,1,Below 1 year,0.73295796,95.39447838664056,High Risk - New Customer,Onboarding intervention
Female,Yes,No,No,Yes,Yes,Fiber optic,No,Yes,No,No,No,No,Month-to-month,Yes,Electronic check,79.5,4370.25,Yes,1,1,0,1,0,0,0,0,3,Below 5 years,0.6509582,2844.849988013506,Medium Risk,Promote security service
Male,Yes,No,No,Yes,Yes,Fiber optic,No,No,No,No,Yes,Yes,Month-to-month,Yes,Electronic check,93.55,93.55,Yes,1,1,0,0,0,0,1,1,4,Below 1 year,0.9292301,86.92947528958321,High Risk - High Value,Priority retention offer
Male,No,Yes,Yes,No,No phone service,DSL,No,No,Yes,Yes,No,Yes,Two year,No,Credit card (automatic),46.0,2424.05,No,0,0,0,0,1,1,0,1,3,Below 5 years,0.08011638,194.20610192343594,Low Risk,Promote security service
Female,No,No,Yes,Yes,No,No,No internet service,No internet service,No internet service,No internet service,No internet service,No internet service,Month-to-month,Yes,Electronic check,20.55,469.85,No,1,0,0,0,0,0,0,0,1,Below 3 years,0.25895122,121.66822927743198,Low Risk,Promote long-term contract
Male,No,Yes,No,Yes,Yes,DSL,Yes,Yes,Yes,No,No,No,One year,No,Credit card (automatic),67.05,4309.55,No,1,1,1,1,1,0,0,0,5,oldest Customers,0.13670477,589.1360532358289,Low Risk,Offer technical support
Male,No,Yes,Yes,Yes,Yes,DSL,Yes,Yes,No,Yes,Yes,No,One year,No,Mailed check,77.5,1625.0,Yes,1,1,1,1,0,1,1,0,6,Below 3 years,0.17486759,284.15982611477375,Low Risk,Standard engagement
Male,No,No,No,No,No phone service,DSL,No,No,Yes,No,Yes,Yes,Month-to-month,No,Electronic check,49.2,1701.65,No,0,0,0,0,1,0,1,1,3,Below 3 years,0.6301744,1072.3362650752067,Medium Risk,Promote security service
Male,No,Yes,Yes,Yes,No,Fiber optic,No,No,No,No,Yes,No,Month-to-month,No,Electronic check,80.85,1400.85,Yes,1,0,0,0,0,0,1,0,2,Below 3 years,0.72829807,1020.2363486230373,High Risk - High Value,Priority retention offer
Male,No,Yes,No,Yes,Yes,Fiber optic,Yes,Yes,Yes,Yes,Yes,Yes,One year,Yes,Bank transfer (automatic),117.8,8684.8,Yes,1,1,1,1,1,1,1,1,8,oldest Customers,0.3232575,2807.4267871856687,Low Risk,Standard engagement
Female,No,Yes,Yes,Yes,Yes,No,No internet service,No internet service,No internet service,No internet service,No internet service,No internet service,Two year,No,Mailed check,25.6,485.9,No,1,1,0,0,0,0,0,0,2,Below 3 years,0.06530545,31.731917702406644,Low Risk,Standard engagement
Female,No,No,No,Yes,Yes,No,No internet service,No internet service,No internet service,No internet service,No internet service,No internet service,Two year,No,Bank transfer (automatic),23.3,797.1,No,1,1,0,0,0,0,0,0,2,Below 3 years,0.058576368,46.691222769767045,Low Risk,Standard engagement
Male,No,Yes,Yes,Yes,Yes,Fiber optic,No,Yes,Yes,Yes,Yes,Yes,Two year,Yes,Bank transfer (automatic),109.75,4900.65,No,1,1,0,1,1,1,1,1,7,Below 5 years,0.31401166,1538.8612572535872,Low Risk,Promote security service
Female,No,No,No,Yes,No,Fiber optic,No,No,No,No,No,No,Month-to-month,No,Bank transfer (automatic),69.7,69.7,Yes,1,0,0,0,0,0,0,0,1,Below 1 year,0.84213054,58.69649876356125,High Risk - New Customer,Onboarding intervention
Female,No,No,No,Yes,Yes,Fiber optic,Yes,No,Yes,No,Yes,Yes,One year,Yes,Credit card (automatic),106.95,5785.5,Yes,1,1,1,0,1,0,1,1,6,Below 5 years,0.46304977,2678.974440872669,Medium Risk,Offer technical support
Female,No,No,No,Yes,Yes,Fiber optic,No,Yes,Yes,No,Yes,Yes,Month-to-month,No,Electronic check,107.55,3645.5,No,1,1,0,1,1,0,1,1,6,Below 3 years,0.6764613,2466.03959402442,Medium Risk,Promote security service
Female,No,Yes,No,No,No phone service,DSL,No,Yes,Yes,Yes,Yes,Yes,Two year,Yes,Credit card (automatic),61.4,4310.35,No,0,0,0,1,1,1,1,1,5,oldest Customers,0.07617832,328.35522054396574,Low Risk,Promote security service
Female,No,No,No,Yes,Yes,DSL,Yes,Yes,Yes,No,Yes,Yes,One year,No,Bank transfer (automatic),84.1,3187.65,No,1,1,1,1,1,0,1,1,7,Below 5 years,0.24936913,794.9015057735145,Low Risk,Offer technical support
Male,No,No,No,Yes,No,No,No internet service,No internet service,No internet service,No internet service,No internet service,No internet service,One year,No,Electronic check,19.1,1007.8,No,1,0,0,0,0,0,0,0,1,Below 5 years,0.11852886,119.45338291823863,Low Risk,Standard engagement
Female,No,Yes,No,Yes,No,Fiber optic,No,No,No,No,Yes,Yes,Month-to-month,No,Electronic check,88.15,1390.6,Yes,1,0,0,0,0,0,1,1,3,Below 3 years,0.8347676,1160.827796792984,High Risk - High Value,Priority retention offer
Female,No,No,No,Yes,Yes,Fiber optic,No,No,No,No,Yes,No,Month-to-month,Yes,Electronic check,85.2,474.8,Yes,1,1,0,0,0,0,1,0,3,Below 1 year,0.8885281,421.8731459617615,High Risk - High Value,Priority retention offer
Male,Yes,Yes,No,Yes,Yes,DSL,No,No,No,No,No,No,Month-to-month,Yes,Electronic check,51.6,1442.0,No,1,1,0,0,0,0,0,0,2,Below 3 years,0.6292873,907.4322901964188,Medium Risk,Promote security service
Male,No,No,No,Yes,No,Fiber optic,No,No,Yes,Yes,Yes,No,Month-to-month,Yes,Mailed check,88.35,262.05,Yes,1,0,0,0,1,1,1,0,4,Below 1 year,0.76868016,201.43263469040394,High Risk - High Value,Priority retention offer
Male,No,No,No,Yes,No,No,No internet service,No internet service,No internet service,No internet service,No internet service,No internet service,Month-to-month,Yes,Bank transfer (automatic),19.65,19.65,No,1,0,0,0,0,0,0,0,1,Below 1 year,0.6027019,11.843092381954193,Medium Risk,Promote long-term contract
Female,No,No,No,Yes,No,DSL,No,No,No,Yes,No,Yes,One year,No,Electronic check,59.3,2209.15,No,1,0,0,0,0,1,0,1,3,Below 5 years,0.30134678,665.7202365398407,Low Risk,Promote security service
Female,No,Yes,No,Yes,No,No,No internet service,No internet service,No internet service,No internet service,No internet service,No internet service,Two year,No,Credit card (automatic),20.65,875.55,No,1,0,0,0,0,0,0,0,1,Below 5 years,0.05216945,45.676961621269584,Low Risk,Standard engagement
Female,No,Yes,No,Yes,Yes,DSL,No,Yes,No,No,Yes,Yes,Month-to-month,Yes,Bank transfer (automatic),75.4,1322.55,No,1,1,0,1,0,0,1,1,5,Below 3 years,0.501039,662.6491667032242,Medium Risk,Promote security service
Male,No,No,No,Yes,No,No,No internet service,No internet service,No internet service,No internet service,No internet service,No internet service,Month-to-month,No,Mailed check,19.55,19.55,No,1,0,0,0,0,0,0,0,1,Below 1 year,0.51412314,10.051107421517372,Medium Risk,Promote long-term contract
Female,No,No,No,Yes,Yes,Fiber optic,No,Yes,No,No,Yes,Yes,Two year,Yes,Bank transfer (automatic),97.2,5129.45,No,1,1,0,1,0,0,1,1,5,Below 5 years,0.25974593,1332.3537384018302,Low Risk,Promote security service
Female,No,No,No,Yes,No,DSL,Yes,Yes,No,No,No,No,Month-to-month,Yes,Mailed check,56.7,1652.95,No,1,0,1,1,0,0,0,0,3,Below 3 years,0.32473114,536.7643400594592,Low Risk,Offer technical support
Female,No,No,No,Yes,No,DSL,No,No,No,No,No,No,Month-to-month,No,Mailed check,45.65,191.05,Yes,1,0,0,0,0,0,0,0,1,Below 1 year,0.62951833,120.26947696506979,Medium Risk,Promote security service
Male,No,Yes,Yes,Yes,Yes,DSL,Yes,No,Yes,Yes,Yes,Yes,One year,No,Electronic check,85.45,6300.85,No,1,1,1,0,1,1,1,1,7,oldest Customers,0.20080426,1265.2375427499414,Low Risk,Standard engagement
Male,No,Yes,No,Yes,Yes,Fiber optic,Yes,Yes,Yes,Yes,Yes,Yes,Two year,No,Credit card (automatic),115.8,8332.15,No,1,1,1,1,1,1,1,1,8,oldest Customers,0.09454003,787.7217089995742,Low Risk,Standard engagement
Female,No,No,No,Yes,No,No,No internet service,No internet service,No internet service,No internet service,No internet service,No internet service,One year,No,Mailed check,20.75,700.45,No,1,0,0,0,0,0,0,0,1,Below 3 years,0.09136534,63.996850562095645,Low Risk,Standard engagement
Female,No,No,No,Yes,No,Fiber optic,No,No,No,No,Yes,Yes,Month-to-month,Yes,Electronic check,89.45,240.45,Yes,1,0,0,0,0,0,1,1,3,Below 1 year,0.90138656,216.73839811384676,High Risk - High Value,Priority retention offer
Male,No,Yes,Yes,Yes,Yes,Fiber optic,Yes,No,No,No,Yes,Yes,Month-to-month,Yes,Credit card (automatic),99.55,3204.65,Yes,1,1,1,0,0,0,1,1,5,Below 3 years,0.66611516,2134.665962737799,Medium Risk,Offer technical support
Male,No,Yes,Yes,Yes,No,Fiber optic,No,No,No,No,No,No,Month-to-month,Yes,Bank transfer (automatic),69.95,529.5,Yes,1,0,0,0,0,0,0,0,1,Below 1 year,0.7114046,376.68874713778496,High Risk - New Customer,Onboarding intervention
Female,No,Yes,No,Yes,Yes,Fiber optic,No,Yes,No,Yes,Yes,Yes,One year,Yes,Electronic check,103.15,4594.65,No,1,1,0,1,0,1,1,1,6,Below 5 years,0.50186014,2305.8717003107067,Medium Risk,Promote security service
Male,Yes,Yes,No,Yes,Yes,Fiber optic,No,No,No,No,Yes,No,Month-to-month,Yes,Electronic check,86.05,86.05,Yes,1,1,0,0,0,0,1,0,3,Below 1 year,0.92465216,79.5663183003664,High Risk - High Value,Priority retention offer
Female,No,Yes,Yes,No,No phone service,DSL,No,No,No,Yes,Yes,Yes,Month-to-month,No,Credit card (automatic),51.2,1561.5,Yes,0,0,0,0,0,1,1,1,3,Below 3 years,0.32458928,506.84616427123547,Low Risk,Promote security service
Male,No,No,No,No,No phone service,DSL,No,Yes,No,No,Yes,Yes,Month-to-month,Yes,Mailed check,51.0,305.95,Yes,0,0,0,1,0,0,1,1,3,Below 1 year,0.672566,205.77156667411327,Medium Risk,Promote security service
Female,No,No,No,Yes,Yes,Fiber optic,Yes,Yes,Yes,Yes,Yes,Yes,One year,No,Credit card (automatic),115.55,8127.6,Yes,1,1,1,1,1,1,1,1,8,oldest Customers,0.38509867,3129.9279173970226,Low Risk,Standard engagement
Female,Yes,No,No,No,No phone service,DSL,No,Yes,No,No,No,No,Month-to-month,No,Electronic check,28.45,131.05,Yes,0,0,0,1,0,0,0,0,1,Below 1 year,0.69820195,91.49936611950399,Medium Risk,Promote security service
Female,No,Yes,No,Yes,Yes,Fiber optic,No,Yes,No,No,Yes,Yes,Month-to-month,Yes,Electronic check,100.0,1534.75,Yes,1,1,0,1,0,0,1,1,5,Below 3 years,0.8475518,1300.780159831047,High Risk - High Value,Priority retention offer
Female,No,Yes,Yes,Yes,Yes,Fiber optic,No,No,No,Yes,No,No,Month-to-month,Yes,Electronic check,80.5,502.85,Yes,1,1,0,0,0,1,0,0,3,Below 1 year,0.78961825,397.05953887701037,High Risk - High Value,Priority retention offer
Female,No,Yes,No,Yes,Yes,Fiber optic,No,No,Yes,No,Yes,Yes,Month-to-month,Yes,Electronic check,99.5,1056.95,Yes,1,1,0,0,1,0,1,1,5,Below 1 year,0.881547,931.7510743618012,High Risk - High Value,Priority retention offer
Female,Yes,No,Yes,Yes,No,Fiber optic,No,No,No,No,No,No,Month-to-month,Yes,Electronic check,71.0,71.0,Yes,1,0,0,0,0,0,0,0,1,Below 1 year,0.90717244,64.40924334526062,High Risk - New Customer,Onboarding intervention
Male,No,No,No,Yes,No,Fiber optic,No,No,No,No,Yes,No,Month-to-month,Yes,Electronic check,79.05,79.05,Yes,1,0,0,0,0,0,1,0,2,Below 1 year,0.91723704,72.50758827924729,High Risk - High Value,Priority retention offer
Female,No,No,Yes,Yes,Yes,Fiber optic,No,Yes,No,Yes,Yes,Yes,One year,Yes,Bank transfer (automatic),106.6,7244.7,No,1,1,0,1,0,1,1,1,6,oldest Customers,0.52226996,3783.689209771156,Medium Risk,Promote security service
Male,No,Yes,Yes,Yes,No,DSL,Yes,Yes,Yes,No,No,No,One year,No,Electronic check,59.8,2343.85,No,1,0,1,1,1,0,0,0,4,Below 5 years,0.17047654,399.5714404426515,Low Risk,Offer technical support
Male,No,Yes,Yes,Yes,No,Fiber optic,No,Yes,Yes,No,No,No,Month-to-month,No,Bank transfer (automatic),82.05,2570.2,No,1,0,0,1,1,0,0,0,3,Below 3 years,0.44894147,1153.869364118576,Medium Risk,Promote security service
Female,No,No,No,Yes,No,Fiber optic,No,No,Yes,Yes,No,Yes,Month-to-month,Yes,Electronic check,89.2,2383.6,No,1,0,0,0,1,1,0,1,4,Below 3 years,0.62782526,1496.4842901229858,Medium Risk,Promote security service
Female,No,Yes,Yes,Yes,Yes,Fiber optic,Yes,No,Yes,No,Yes,Yes,Month-to-month,Yes,Electronic check,104.2,1743.5,Yes,1,1,1,0,1,0,1,1,6,Below 3 years,0.78151953,1362.5793043971062,High Risk - High Value,Priority retention offer
Female,No,No,No,Yes,No,No,No internet service,No internet service,No internet service,No internet service,No internet service,No internet service,Month-to-month,Yes,Mailed check,20.5,104.3,No,1,0,0,0,0,0,0,0,1,Below 1 year,0.36073005,37.62414442300796,Low Risk,Promote long-term contract
Male,No,Yes,Yes,Yes,Yes,Fiber optic,No,Yes,No,No,Yes,Yes,Month-to-month,Yes,Electronic check,99.35,4749.15,Yes,1,1,0,1,0,0,1,1,5,Below 5 years,0.7642692,3629.628943642974,High Risk - High Value,Priority retention offer
Male,No,Yes,Yes,Yes,No,Fiber optic,Yes,No,No,No,Yes,Yes,Month-to-month,No,Credit card (automatic),94.65,2649.15,Yes,1,0,1,0,0,0,1,1,4,Below 3 years,0.6356043,1683.8111895114184,Medium Risk,Offer technical support
Male,No,No,No,Yes,No,Fiber optic,No,Yes,Yes,No,Yes,Yes,Month-to-month,No,Electronic check,99.5,6710.5,Yes,1,0,0,1,1,0,1,1,5,oldest Customers,0.6259554,4200.473730832338,Medium Risk,Promote security service
Female,No,Yes,Yes,Yes,Yes,No,No internet service,No internet service,No internet service,No internet service,No internet service,No internet service,Two year,Yes,Credit card (automatic),24.95,1468.9,No,1,1,0,0,0,0,0,0,2,Below 5 years,0.05271272,77.42971424274147,Low Risk,Standard engagement
Male,No,Yes,No,Yes,Yes,Fiber optic,No,Yes,No,No,Yes,No,Month-to-month,Yes,Bank transfer (automatic),91.85,5940.85,Yes,1,1,0,1,0,0,1,0,4,oldest Customers,0.47770616,2837.980665121973,Medium Risk,Promote security service
Male,No,No,No,Yes,Yes,Fiber optic,Yes,Yes,Yes,Yes,Yes,Yes,One year,Yes,Bank transfer (automatic),118.35,7804.15,Yes,1,1,1,1,1,1,1,1,8,oldest Customers,0.48238492,3764.604274356365,Medium Risk,Standard engagement
Female,Yes,Yes,No,Yes,Yes,Fiber optic,No,Yes,Yes,No,Yes,No,Month-to-month,Yes,Electronic check,98.1,1060.2,Yes,1,1,0,1,1,0,1,0,5,Below 3 years,0.8709966,923.4305894136429,High Risk - High Value,Priority retention offer
Female,No,No,No,Yes,Yes,Fiber optic,No,No,No,No,No,No,Month-to-month,Yes,Bank transfer (automatic),75.1,552.95,Yes,1,1,0,0,0,0,0,0,2,Below 1 year,0.7680428,424.68926781415945,High Risk - High Value,Priority retention offer
Female,Yes,No,No,Yes,No,Fiber optic,No,No,No,No,No,No,Month-to-month,Yes,Electronic check,69.25,69.25,Yes,1,0,0,0,0,0,0,0,1,Below 1 year,0.90685725,62.79986470937729,High Risk - New Customer,Onboarding intervention
Male,No,Yes,Yes,Yes,No,No,No internet service,No internet service,No internet service,No internet service,No internet service,No internet service,Month-to-month,Yes,Mailed check,19.85,252.0,No,1,0,0,0,0,0,0,0,1,Below 3 years,0.22803986,57.466044902801514,Low Risk,Promote long-term contract
Male,No,No,No,No,No phone service,DSL,No,No,No,No,Yes,Yes,Month-to-month,Yes,Electronic check,45.4,418.8,Yes,0,0,0,0,0,0,1,1,2,Below 1 year,0.75593144,316.5840858221054,High Risk - New Customer,Onboarding intervention
Male,No,Yes,Yes,Yes,Yes,Fiber optic,No,Yes,Yes,No,No,No,One year,No,Electronic check,87.4,5918.8,Yes,1,1,0,1,1,0,0,0,4,oldest Customers,0.33326182,1972.5100465655328,Low Risk,Promote security service
Male,Yes,Yes,No,Yes,Yes,No,No internet service,No internet service,No internet service,No internet service,No internet service,No internet service,Two year,No,Credit card (automatic),25.45,1789.65,No,1,1,0,0,0,0,0,0,2,oldest Customers,0.062531106,111.90879416428507,Low Risk,Standard engagement
Female,No,Yes,Yes,Yes,Yes,No,No internet service,No internet service,No internet service,No internet service,No internet service,No internet service,Two year,Yes,Mailed check,24.5,740.3,Yes,1,1,0,0,0,0,0,0,2,Below 3 years,0.06314198,46.744007258862254,Low Risk,Standard engagement
Male,No,No,No,Yes,No,No,No internet service,No internet service,No internet service,No internet service,No internet service,No internet service,Month-to-month,No,Credit card (automatic),21.1,385.55,No,1,0,0,0,0,0,0,0,1,Below 3 years,0.25965783,100.11107635647059,Low Risk,Promote long-term contract
Female,Yes,Yes,No,Yes,No,Fiber optic,No,No,No,No,No,No,Month-to-month,Yes,Mailed check,70.45,70.45,Yes,1,0,0,0,0,0,0,0,1,Below 1 year,0.8708548,61.35172030627728,High Risk - New Customer,Onboarding intervention
Male,No,No,No,Yes,No,DSL,No,No,No,No,No,No,Month-to-month,Yes,Bank transfer (automatic),45.4,518.9,Yes,1,0,0,0,0,0,0,0,1,Below 3 years,0.48275068,250.4993299394846,Medium Risk,Promote security service
Female,No,No,No,Yes,No,Fiber optic,No,No,No,No,Yes,No,Month-to-month,Yes,Electronic check,79.0,522.95,Yes,1,0,0,0,0,0,1,0,2,Below 1 year,0.85330087,446.233689686656,High Risk - High Value,Priority retention offer
Female,No,Yes,Yes,Yes,No,DSL,No,No,Yes,No,No,No,Month-to-month,Yes,Bank transfer (automatic),49.6,962.9,No,1,0,0,0,1,0,0,0,2,Below 3 years,0.38952518,375.07379109859465,Low Risk,Promote security service
Female,No,No,No,Yes,No,DSL,Yes,No,No,Yes,No,No,Month-to-month,No,Electronic check,54.2,308.25,Yes,1,0,1,0,0,1,0,0,3,Below 1 year,0.56368953,173.75729759037495,Medium Risk,Promote long-term contract
Male,No,Yes,No,Yes,Yes,Fiber optic,Yes,Yes,Yes,No,Yes,Yes,One year,Yes,Electronic check,110.15,6448.05,Yes,1,1,1,1,1,0,1,1,7,Below 5 years,0.5140461,3314.5947807490825,Medium Risk,Offer technical support
Male,No,No,No,Yes,No,DSL,No,No,Yes,Yes,Yes,Yes,Month-to-month,Yes,Electronic check,74.4,299.7,Yes,1,0,0,0,1,1,1,1,5,Below 1 year,0.70505285,211.30433993339537,High Risk - New Customer,Onboarding intervention
Female,Yes,No,No,No,No phone service,DSL,No,Yes,No,Yes,Yes,No,Month-to-month,Yes,Electronic check,43.85,2751.0,No,0,0,0,1,0,1,1,0,3,oldest Customers,0.35640728,980.4764403104782,Low Risk,Promote security service
Female,No,Yes,Yes,Yes,No,DSL,No,Yes,No,Yes,No,No,Month-to-month,No,Electronic check,55.15,1206.05,Yes,1,0,0,1,0,1,0,0,3,Below 3 years,0.35813424,431.9278000459075,Low Risk,Promote security service
Male,No,No,No,Yes,Yes,Fiber optic,No,No,Yes,No,Yes,Yes,Month-to-month,Yes,Bank transfer (automatic),101.55,298.35,Yes,1,1,0,0,1,0,1,1,5,Below 1 year,0.8716723,260.0634225547314,High Risk - High Value,Priority retention offer
Female,No,No,No,Yes,No,Fiber optic,No,Yes,No,No,Yes,Yes,Month-to-month,Yes,Electronic check,95.1,307.4,Yes,1,0,0,1,0,0,1,1,4,Below 1 year,0.89303905,274.52020326852795,High Risk - High Value,Priority retention offer
Male,No,Yes,Yes,Yes,No,No,No internet service,No internet service,No internet service,No internet service,No internet service,No internet service,Two year,Yes,Mailed check,19.15,1177.05,No,1,0,0,0,0,0,0,0,1,oldest Customers,0.056824405,66.88516560662538,Low Risk,Standard engagement
Male,No,No,No,Yes,No,No,No internet service,No internet service,No internet service,No internet service,No internet service,No internet service,Month-to-month,No,Mailed check,20.6,20.6,Yes,1,0,0,0,0,0,0,0,1,Below 1 year,0.5819113,11.987373304367066,Medium Risk,Promote long-term contract
Female,No,Yes,No,No,No phone service,DSL,No,No,Yes,No,Yes,Yes,Month-to-month,Yes,Electronic check,48.75,442.2,Yes,0,0,0,0,1,0,1,1,3,Below 1 year,0.7528277,332.9004106879234,High Risk - New Customer,Onboarding intervention
Female,No,No,No,Yes,No,No,No internet service,No internet service,No internet service,No internet service,No internet service,No internet service,One year,Yes,Bank transfer (automatic),19.35,219.35,No,1,0,0,0,0,0,0,0,1,Below 3 years,0.12883611,28.260200779885054,Low Risk,Standard engagement
Male,No,No,No,Yes,No,DSL,No,No,No,No,No,No,Month-to-month,Yes,Bank transfer (automatic),45.1,45.1,Yes,1,0,0,0,0,0,0,0,1,Below 1 year,0.81329125,36.67943544983864,High Risk - New Customer,Onboarding intervention
Male,No,No,Yes,Yes,No,No,No internet service,No internet service,No internet service,No internet service,No internet service,No internet service,One year,No,Mailed check,19.45,136.75,No,1,0,0,0,0,0,0,0,1,Below 1 year,0.11480791,15.699981858953834,Low Risk,Standard engagement
Female,No,No,No,Yes,Yes,Fiber optic,No,No,No,No,No,No,Month-to-month,Yes,Credit card (automatic),74.6,548.9,No,1,1,0,0,0,0,0,0,2,Below 1 year,0.72960705,400.48130735754967,High Risk - New Customer,Onboarding intervention
Male,No,Yes,Yes,Yes,No,Fiber optic,Yes,No,Yes,No,No,Yes,Month-to-month,No,Electronic check,90.05,4137.2,No,1,0,1,0,1,0,0,1,4,Below 5 years,0.5109509,2113.906158494949,Medium Risk,Offer technical support
Female,No,Yes,No,No,No phone service,DSL,Yes,No,Yes,Yes,No,Yes,Two year,No,Electronic check,47.85,3147.5,Yes,0,0,1,0,1,1,0,1,4,oldest Customers,0.1253357,394.4940948486328,Low Risk,Standard engagement
Female,No,No,No,No,No phone service,DSL,No,Yes,No,No,Yes,Yes,Month-to-month,Yes,Electronic check,50.6,155.35,Yes,0,0,0,1,0,0,1,1,3,Below 1 year,0.8194524,127.30193111300468,High Risk - New Customer,Onboarding intervention
Male,Yes,No,No,Yes,No,Fiber optic,Yes,No,No,No,Yes,No,Month-to-month,Yes,Bank transfer (automatic),85.15,503.6,Yes,1,0,1,0,0,0,1,0,3,Below 1 year,0.74610156,375.73674471378325,High Risk - High Value,Priority retention offer
Female,No,No,No,Yes,Yes,Fiber optic,No,No,No,Yes,Yes,No,Month-to-month,Yes,Electronic check,88.35,1639.3,Yes,1,1,0,0,0,1,1,0,4,Below 3 years,0.690319,1131.6399394452571,Medium Risk,Promote security service
Female,No,No,No,Yes,Yes,Fiber optic,No,No,No,No,No,No,Month-to-month,No,Mailed check,75.45,480.75,Yes,1,1,0,0,0,0,0,0,2,Below 1 year,0.7058548,339.33968237042427,High Risk - High Value,Priority retention offer
Male,No,No,No,Yes,No,DSL,No,Yes,Yes,Yes,Yes,No,Two year,No,Bank transfer (automatic),70.1,4048.95,No,1,0,0,1,1,1,1,0,5,Below 5 years,0.08611869,348.6902725864202,Low Risk,Promote security service
Female,No,No,No,Yes,Yes,DSL,No,No,Yes,Yes,Yes,Yes,Two year,Yes,Bank transfer (automatic),80.95,4233.95,No,1,1,0,0,1,1,1,1,6,Below 5 years,0.09727937,411.8759878963232,Low Risk,Promote security service
Female,No,Yes,Yes,Yes,No,No,No internet service,No internet service,No internet service,No internet service,No internet service,No internet service,Month-to-month,No,Electronic check,20.0,20.0,No,1,0,0,0,0,0,0,0,1,Below 1 year,0.5557509,11.115018129348755,Medium Risk,Promote long-term contract
Male,No,Yes,Yes,Yes,No,Fiber optic,No,Yes,No,No,Yes,No,Month-to-month,Yes,Mailed check,86.3,3266.0,Yes,1,0,0,1,0,0,1,0,3,Below 5 years,0.5321661,1738.0545589923859,Medium Risk,Promote security service
Female,No,Yes,No,Yes,Yes,DSL,Yes,No,Yes,Yes,Yes,Yes,Two year,No,Credit card (automatic),84.35,3571.6,No,1,1,1,0,1,1,1,1,7,Below 5 years,0.07135115,254.83776086866854,Low Risk,Standard engagement
Male,No,Yes,Yes,Yes,No,No,No internet service,No internet service,No internet service,No internet service,No internet service,No internet service,Two year,Yes,Credit card (automatic),19.8,1414.65,No,1,0,0,0,0,0,0,0,1,oldest Customers,0.043433264,61.442866773158315,Low Risk,Standard engagement
Male,No,No,No,Yes,No,No,No internet service,No internet service,No internet service,No internet service,No internet service,No internet service,Month-to-month,Yes,Mailed check,20.1,20.1,Yes,1,0,0,0,0,0,0,0,1,Below 1 year,0.66497827,13.366063141822815,Medium Risk,Promote long-term contract
Male,No,Yes,No,Yes,No,DSL,Yes,No,No,Yes,No,No,Two year,No,Bank transfer (automatic),54.5,3778.2,No,1,0,1,0,0,1,0,0,3,oldest Customers,0.05495857,207.64447200223802,Low Risk,Standard engagement
Male,Yes,Yes,No,Yes,Yes,Fiber optic,No,No,Yes,No,Yes,Yes,Month-to-month,Yes,Electronic check,101.0,4680.05,Yes,1,1,0,0,1,0,1,1,5,Below 5 years,0.80442065,3764.7288630574944,High Risk - High Value,Priority retention offer
Male,No,Yes,Yes,Yes,Yes,No,No internet service,No internet service,No internet service,No internet service,No internet service,No internet service,Two year,Yes,Bank transfer (automatic),26.0,1796.55,No,1,1,0,0,0,0,0,0,2,oldest Customers,0.050688222,91.06392532512545,Low Risk,Standard engagement
Male,Yes,Yes,No,Yes,Yes,Fiber optic,No,No,Yes,No,Yes,Yes,Month-to-month,Yes,Electronic check,101.95,700.85,Yes,1,1,0,0,1,0,1,1,5,Below 1 year,0.89426327,626.7444110393525,High Risk - High Value,Priority retention offer
Male,No,No,Yes,Yes,Yes,No,No internet service,No internet service,No internet service,No internet service,No internet service,No internet service,Month-to-month,Yes,Electronic check,24.8,324.15,No,1,1,0,0,0,0,0,0,2,Below 3 years,0.29874355,96.837720438838,Low Risk,Promote long-term contract
Female,No,Yes,Yes,Yes,Yes,Fiber optic,No,Yes,Yes,No,Yes,Yes,One year,Yes,Credit card (automatic),103.2,7362.9,No,1,1,0,1,1,0,1,1,6,oldest Customers,0.36028653,2652.7537199556828,Low Risk,Promote security service
Male,No,Yes,No,Yes,Yes,Fiber optic,No,No,No,No,No,No,Month-to-month,Yes,Electronic check,73.15,1305.95,No,1,1,0,0,0,0,0,0,2,Below 3 years,0.7293897,952.5465141266585,High Risk - General,Promote security service
Female,No,Yes,No,Yes,Yes,Fiber optic,No,No,No,No,No,No,Month-to-month,Yes,Credit card (automatic),74.1,228.0,Yes,1,1,0,0,0,0,0,0,2,Below 1 year,0.81911135,186.75738716125488,High Risk - New Customer,Onboarding intervention
Female,No,Yes,No,Yes,Yes,Fiber optic,No,No,No,No,Yes,Yes,Month-to-month,Yes,Electronic check,97.65,3207.55,Yes,1,1,0,0,0,0,1,1,4,Below 3 years,0.8115102,2602.959558910132,High Risk - High Value,Priority retention offer
Female,No,No,No,Yes,No,DSL,No,No,Yes,Yes,No,Yes,Month-to-month,No,Bank transfer (automatic),62.8,418.3,No,1,0,0,0,1,1,0,1,4,Below 1 year,0.48903972,204.56531450152397,Medium Risk,Promote security service
Male,No,Yes,No,Yes,No,DSL,Yes,No,No,Yes,No,No,Month-to-month,Yes,Electronic check,54.2,1152.7,Yes,1,0,1,0,0,1,0,0,3,Below 3 years,0.39798135,458.7530971348286,Low Risk,Promote long-term contract
Female,No,Yes,No,Yes,Yes,Fiber optic,Yes,Yes,No,No,Yes,Yes,One year,No,Bank transfer (automatic),106.55,5763.3,Yes,1,1,1,1,0,0,1,1,6,Below 5 years,0.47739568,2751.3745428711177,Medium Risk,Offer technical support
Female,No,No,No,Yes,No,No,No internet service,No internet service,No internet service,No internet service,No internet service,No internet service,Month-to-month,No,Mailed check,19.7,220.35,No,1,0,0,0,0,0,0,0,1,Below 3 years,0.27586025,60.78580608665943,Low Risk,Promote long-term contract
Male,No,Yes,Yes,Yes,Yes,Fiber optic,Yes,No,Yes,No,Yes,Yes,Two year,Yes,Bank transfer (automatic),105.55,7542.25,No,1,1,1,0,1,0,1,1,6,oldest Customers,0.15826865,1193.7016908116639,Low Risk,Offer technical support
Female,No,Yes,No,Yes,No,Fiber optic,Yes,No,Yes,Yes,Yes,Yes,One year,Yes,Electronic check,103.75,3361.05,Yes,1,0,1,0,1,1,1,1,6,Below 3 years,0.48673776,1635.9499412611128,Medium Risk,Standard engagement
Female,No,Yes,No,Yes,No,Fiber optic,No,No,No,No,No,No,Month-to-month,Yes,Electronic check,68.95,68.95,Yes,1,0,0,0,0,0,0,0,1,Below 1 year,0.9040061,62.33122221827507,High Risk - New Customer,Onboarding intervention
Female,Yes,No,No,No,No phone service,DSL,No,No,No,No,No,Yes,One year,No,Electronic check,34.2,1596.6,No,0,0,0,0,0,0,0,1,1,Below 5 years,0.3199638,510.8542235612869,Low Risk,Promote security service
Female,No,Yes,Yes,No,No phone service,DSL,No,Yes,No,Yes,Yes,Yes,Two year,No,Credit card (automatic),53.65,3784.0,No,0,0,0,1,0,1,1,1,4,oldest Customers,0.07801533,295.20999908447266,Low Risk,Promote security service
Female,No,No,No,No,No phone service,DSL,No,Yes,Yes,Yes,No,No,Two year,No,Credit card (automatic),39.7,1932.75,No,0,0,0,1,1,1,0,0,3,Below 5 years,0.081626415,157.763454079628,Low Risk,Promote security service
Female,No,Yes,Yes,Yes,Yes,Fiber optic,Yes,No,Yes,Yes,Yes,Yes,Two year,No,Electronic check,109.3,7337.55,No,1,1,1,0,1,1,1,1,7,oldest Customers,0.3397253,2492.7512705907225,Low Risk,Standard engagement
Female,Yes,No,No,Yes,No,DSL,Yes,Yes,No,No,No,No,Month-to-month,Yes,Credit card (automatic),57.15,2250.65,Yes,1,0,1,1,0,0,0,0,3,Below 5 years,0.44141075,993.4611048266293,Medium Risk,Offer technical support
Female,No,Yes,No,Yes,Yes,DSL,Yes,No,No,No,Yes,No,Month-to-month,Yes,Bank transfer (automatic),64.7,941.0,Yes,1,1,1,0,0,0,1,0,4,Below 3 years,0.4546903,427.86357924342155,Medium Risk,Offer technical support
Female,No,Yes,No,Yes,Yes,Fiber optic,No,Yes,No,No,Yes,Yes,Month-to-month,Yes,Credit card (automatic),98.4,5149.5,Yes,1,1,0,1,0,0,1,1,5,Below 5 years,0.6303069,3245.7653792202473,Medium Risk,Promote security service
Female,Yes,Yes,No,Yes,No,Fiber optic,Yes,No,No,No,No,No,Month-to-month,Yes,Credit card (automatic),74.15,3229.4,Yes,1,0,1,0,0,0,0,0,2,Below 5 years,0.51757574,1671.4590973854065,Medium Risk,Offer technical support
Male,No,No,No,Yes,No,Fiber optic,No,No,No,No,Yes,No,Month-to-month,Yes,Electronic check,80.6,415.55,Yes,1,0,0,0,0,0,1,0,2,Below 1 year,0.85452265,355.0968853265047,High Risk - High Value,Priority retention offer
Female,No,No,No,Yes,No,No,No internet service,No internet service,No internet service,No internet service,No internet service,No internet service,Two year,No,Credit card (automatic),20.25,1029.8,No,1,0,0,0,0,0,0,0,1,Below 5 years,0.04955658,51.033365508168934,Low Risk,Standard engagement
Male,No,Yes,Yes,Yes,Yes,No,No internet service,No internet service,No internet service,No internet service,No internet service,No internet service,One year,No,Credit card (automatic),23.95,1506.4,No,1,1,0,0,0,0,0,0,2,oldest Customers,0.08880324,133.77319948077204,Low Risk,Standard engagement
Male,No,Yes,No,No,No phone service,DSL,No,Yes,No,No,No,No,Month-to-month,Yes,Credit card (automatic),30.05,1529.45,No,0,0,0,1,0,0,0,0,1,Below 5 years,0.3612274,552.4792364537716,Low Risk,Promote security service
Male,No,Yes,Yes,Yes,Yes,Fiber optic,No,No,Yes,Yes,Yes,Yes,One year,Yes,Bank transfer (automatic),105.05,6004.85,No,1,1,0,0,1,1,1,1,6,Below 5 years,0.49796554,2990.2083996638657,Medium Risk,Promote security service
Male,Yes,Yes,Yes,Yes,No,DSL,No,No,No,Yes,No,No,Month-to-month,Yes,Credit card (automatic),49.25,49.25,Yes,1,0,0,0,0,1,0,0,2,Below 1 year,0.70915914,34.92608743906021,High Risk - New Customer,Onboarding intervention
Male,Yes,No,No,Yes,No,Fiber optic,No,No,No,No,No,No,Month-to-month,Yes,Electronic check,69.7,560.85,Yes,1,0,0,0,0,0,0,0,1,Below 1 year,0.8052247,451.6102823406458,High Risk - New Customer,Onboarding intervention
Female,No,No,No,Yes,No,DSL,No,No,No,No,No,No,Month-to-month,No,Electronic check,44.6,122.7,No,1,0,0,0,0,0,0,0,1,Below 1 year,0.78649074,96.50241360068321,High Risk - New Customer,Onboarding intervention
Female,No,Yes,Yes,Yes,No,No,No internet service,No internet service,No internet service,No internet service,No internet service,No internet service,Two year,No,Bank transfer (automatic),20.1,1078.75,No,1,0,0,0,0,0,0,0,1,Below 5 years,0.04762454,51.374972076155245,Low Risk,Standard engagement
Female,No,No,No,Yes,Yes,Fiber optic,No,Yes,Yes,Yes,No,No,Month-to-month,No,Electronic check,89.4,1132.35,Yes,1,1,0,1,1,1,0,0,5,Below 3 years,0.7355771,832.9307365179061,High Risk - High Value,Priority retention offer
Female,No,Yes,No,Yes,No,Fiber optic,No,No,Yes,Yes,No,No,One year,No,Electronic check,79.2,1742.45,No,1,0,0,0,1,1,0,0,3,Below 3 years,0.30111498,524.6777906388045,Low Risk,Promote security service
Male,No,Yes,Yes,Yes,Yes,No,No internet service,No internet service,No internet service,No internet service,No internet service,No internet service,Two year,No,Credit card (automatic),25.25,1006.9,No,1,1,0,0,0,0,0,0,2,Below 5 years,0.059008017,59.415172500908376,Low Risk,Standard engagement
Male,No,No,No,No,No phone service,DSL,No,Yes,No,Yes,No,No,Month-to-month,No,Electronic check,35.75,389.8,No,0,0,0,1,0,1,0,0,2,Below 1 year,0.43434903,169.30925199389458,Medium Risk,Promote security service
Male,Yes,No,No,Yes,Yes,Fiber optic,No,No,No,No,No,No,Month-to-month,Yes,Bank transfer (automatic),72.95,3829.75,No,1,1,0,0,0,0,0,0,2,Below 5 years,0.46926224,1797.1570725142956,Medium Risk,Promote security service
Male,No,Yes,No,Yes,No,No,No internet service,No internet service,No internet service,No internet service,No internet service,No internet service,Two year,No,Mailed check,19.65,973.1,No,1,0,0,0,0,0,0,0,1,Below 5 years,0.048368245,47.06713956296444,Low Risk,Standard engagement
Male,No,Yes,No,Yes,No,DSL,No,No,No,No,No,No,Month-to-month,Yes,Bank transfer (automatic),44.35,768.05,No,1,0,0,0,0,0,0,0,1,Below 3 years,0.40871742,313.9154172554612,Medium Risk,Promote security service
Female,No,Yes,No,Yes,Yes,Fiber optic,No,Yes,No,No,No,No,Month-to-month,No,Bank transfer (automatic),79.3,2015.8,No,1,1,0,1,0,0,0,0,3,Below 3 years,0.47836822,964.2946633458138,Medium Risk,Promote security service
Male,No,Yes,No,Yes,No,DSL,No,Yes,Yes,No,No,No,Month-to-month,Yes,Mailed check,54.75,445.85,No,1,0,0,1,1,0,0,0,3,Below 1 year,0.5297654,236.1959156781435,Medium Risk,Promote security service
Female,Yes,No,No,Yes,Yes,Fiber optic,Yes,Yes,No,No,Yes,Yes,Month-to-month,Yes,Bank transfer (automatic),106.75,4056.75,Yes,1,1,1,1,0,0,1,1,6,Below 5 years,0.65964395,2676.0105863660574,Medium Risk,Offer technical support
Female,Yes,No,No,Yes,Yes,Fiber optic,No,Yes,No,No,Yes,No,Month-to-month,Yes,Electronic check,89.15,2277.65,Yes,1,1,0,1,0,0,1,0,4,Below 3 years,0.79629403,1813.6791054636242,High Risk - High Value,Priority retention offer
Female,No,Yes,No,Yes,No,Fiber optic,No,Yes,Yes,No,No,No,Month-to-month,No,Bank transfer (automatic),79.7,165.0,Yes,1,0,0,1,1,0,0,0,3,Below 1 year,0.8033138,132.54677563905716,High Risk - High Value,Priority retention offer
Male,No,No,No,Yes,No,No,No internet service,No internet service,No internet service,No internet service,No internet service,No internet service,Month-to-month,Yes,Credit card (automatic),19.9,33.7,No,1,0,0,0,0,0,0,0,1,Below 1 year,0.43507752,14.662112364172936,Medium Risk,Promote long-term contract
Male,No,Yes,No,Yes,Yes,Fiber optic,Yes,Yes,Yes,Yes,Yes,Yes,Two year,Yes,Bank transfer (automatic),115.8,8424.9,No,1,1,1,1,1,1,1,1,8,oldest Customers,0.10776439,907.9042353540658,Low Risk,Standard engagement
Male,Yes,No,No,Yes,Yes,Fiber optic,No,No,Yes,No,Yes,Yes,Month-to-month,Yes,Electronic check,101.4,3496.3,Yes,1,1,0,0,1,0,1,1,5,Below 3 years,0.8062519,2818.8984603047375,High Risk - High Value,Priority retention offer
Male,No,Yes,No,Yes,No,Fiber optic,No,No,Yes,No,No,No,Month-to-month,No,Electronic check,76.4,151.8,Yes,1,0,0,0,1,0,0,0,2,Below 1 year,0.8758118,132.94823355674745,High Risk - High Value,Priority retention offer
Male,No,No,No,Yes,No,No,No internet service,No internet service,No internet service,No internet service,No internet service,No internet service,Month-to-month,No,Mailed check,19.75,78.3,No,1,0,0,0,0,0,0,0,1,Below 1 year,0.3186007,24.94643592238426,Low Risk,Promote long-term contract
Male,No,No,No,Yes,No,Fiber optic,Yes,Yes,No,Yes,No,Yes,Month-to-month,Yes,Mailed check,94.9,360.55,No,1,0,1,1,0,1,0,1,5,Below 1 year,0.65930265,237.711571136117,Medium Risk,Promote long-term contract
Male,No,Yes,Yes,Yes,No,No,No internet service,No internet service,No internet service,No internet service,No internet service,No internet service,Two year,No,Credit card (automatic),20.05,1263.9,No,1,0,0,0,0,0,0,0,1,oldest Customers,0.045062557,56.95456561893225,Low Risk,Standard engagement
Male,No,Yes,No,Yes,Yes,Fiber optic,Yes,Yes,Yes,Yes,Yes,Yes,Two year,No,Credit card (automatic),114.3,8244.3,No,1,1,1,1,1,1,1,1,8,oldest Customers,0.1568958,1293.496055687964,Low Risk,Standard engagement
Female,Yes,Yes,No,Yes,Yes,Fiber optic,No,Yes,Yes,No,Yes,Yes,One year,Yes,Electronic check,106.25,6979.8,Yes,1,1,0,1,1,0,1,1,6,oldest Customers,0.58235455,4064.7182573318482,Medium Risk,Promote security service
Male,No,No,No,Yes,No,Fiber optic,No,Yes,No,No,Yes,Yes,Month-to-month,Yes,Electronic check,94.5,2979.2,No,1,0,0,1,0,0,1,1,4,Below 3 years,0.7620648,2270.343495559692,High Risk - High Value,Priority retention offer
Male,Yes,Yes,No,Yes,Yes,Fiber optic,No,No,Yes,No,Yes,Yes,Month-to-month,Yes,Electronic check,99.8,4259.3,Yes,1,1,0,0,1,0,1,1,5,Below 5 years,0.81516135,3472.01672693491,High Risk - High Value,Priority retention offer
Female,No,No,No,Yes,No,DSL,No,No,No,Yes,No,No,Month-to-month,Yes,Electronic check,50.8,50.8,Yes,1,0,0,0,0,1,0,0,2,Below 1 year,0.80173784,40.72828252315521,High Risk - New Customer,Onboarding intervention
Male,No,No,Yes,Yes,No,DSL,Yes,Yes,Yes,Yes,No,Yes,Two year,No,Bank transfer (automatic),76.1,1054.8,No,1,0,1,1,1,1,0,1,6,Below 3 years,0.06924776,73.04253711998463,Low Risk,Standard engagement
Female,No,Yes,Yes,Yes,No,No,No internet service,No internet service,No internet service,No internet service,No internet service,No internet service,Two year,No,Bank transfer (automatic),20.5,1500.95,No,1,0,0,0,0,0,0,0,1,oldest Customers,0.042690873,64.07686604857444,Low Risk,Standard engagement
Female,No,Yes,Yes,Yes,Yes,DSL,No,Yes,No,Yes,No,No,Month-to-month,Yes,Electronic check,60.05,1616.15,Yes,1,1,0,1,0,1,0,0,4,Below 3 years,0.37580386,607.3554051741958,Low Risk,Promote security service
Female,Yes,Yes,No,Yes,Yes,Fiber optic,Yes,Yes,Yes,Yes,No,No,Two year,Yes,Credit card (automatic),96.35,6766.95,No,1,1,1,1,1,1,0,0,6,oldest Customers,0.11117647,752.3256030555814,Low Risk,Standard engagement
Female,No,No,No,Yes,No,DSL,No,No,No,No,No,No,Month-to-month,Yes,Mailed check,44.45,44.45,Yes,1,0,0,0,0,0,0,0,1,Below 1 year,0.81199294,36.09308632910252,High Risk - New Customer,Onboarding intervention
Male,No,No,No,Yes,No,DSL,No,Yes,No,Yes,Yes,Yes,One year,Yes,Bank transfer (automatic),75.75,4284.65,No,1,0,0,1,0,1,1,1,5,Below 5 years,0.29321834,1256.3379795476794,Low Risk,Promote security service
Male,No,No,Yes,Yes,No,DSL,No,Yes,No,No,No,No,Month-to-month,Yes,Electronic check,50.1,484.05,No,1,0,0,1,0,0,0,0,2,Below 1 year,0.62128013,300.73064872920514,Medium Risk,Promote security service
Male,No,Yes,Yes,No,No phone service,DSL,Yes,Yes,Yes,No,Yes,Yes,Two year,No,Electronic check,59.0,3707.6,No,0,0,1,1,1,0,1,1,5,oldest Customers,0.12058047,447.064158180356,Low Risk,Offer technical support
Female,Yes,No,No,Yes,No,Fiber optic,No,No,No,No,No,Yes,Month-to-month,Yes,Electronic check,81.45,1671.6,No,1,0,0,0,0,0,0,1,2,Below 3 years,0.7607516,1271.6723829746245,High Risk - High Value,Priority retention offer
Female,No,Yes,Yes,Yes,No,No,No internet service,No internet service,No internet service,No internet service,No internet service,No internet service,Two year,No,Mailed check,19.1,52.0,No,1,0,0,0,0,0,0,0,1,Below 1 year,0.09783551,5.087446570396423,Low Risk,Standard engagement
Female,Yes,Yes,No,Yes,Yes,Fiber optic,No,Yes,Yes,No,No,Yes,Month-to-month,No,Credit card (automatic),94.0,5438.95,No,1,1,0,1,1,0,0,1,5,Below 5 years,0.46947598,2553.4564062952995,Medium Risk,Promote security service
Female,Yes,Yes,No,Yes,No,Fiber optic,No,No,No,No,No,No,Month-to-month,Yes,Electronic check,70.15,916.75,Yes,1,0,0,0,0,0,0,0,1,Below 3 years,0.8083305,741.0369641333818,High Risk - General,Promote security service
Female,No,No,No,Yes,No,DSL,Yes,Yes,No,Yes,Yes,No,Two year,No,Credit card (automatic),71.05,1524.85,No,1,0,1,1,0,1,1,0,5,Below 3 years,0.076358855,116.4357996970415,Low Risk,Standard engagement
Male,No,No,No,Yes,No,DSL,Yes,No,Yes,Yes,Yes,No,One year,No,Credit card (automatic),69.35,1927.3,No,1,0,1,0,1,1,1,0,5,Below 3 years,0.1558543,300.3779917433858,Low Risk,Standard engagement
Female,No,No,No,Yes,No,DSL,Yes,Yes,No,Yes,No,Yes,One year,Yes,Mailed check,67.7,2882.25,No,1,0,1,1,0,1,0,1,5,Below 5 years,0.2181064,628.6371827758849,Low Risk,Standard engagement
Female,No,No,No,Yes,Yes,Fiber optic,Yes,Yes,Yes,Yes,Yes,Yes,Two year,Yes,Credit card (automatic),113.15,7993.3,No,1,1,1,1,1,1,1,1,8,oldest Customers,0.08683301,694.0822799183428,Low Risk,Standard engagement
Female,No,Yes,No,Yes,Yes,Fiber optic,Yes,No,No,Yes,Yes,No,Month-to-month,Yes,Credit card (automatic),96.2,1222.05,Yes,1,1,1,0,0,1,1,0,5,Below 1 year,0.7242709,885.0952291756868,High Risk - High Value,Priority retention offer
Male,No,No,No,Yes,No,DSL,Yes,No,Yes,No,No,No,Month-to-month,Yes,Mailed check,55.8,274.35,No,1,0,1,0,1,0,0,0,3,Below 1 year,0.5080913,139.39484017789366,Medium Risk,Offer technical support
Male,No,Yes,Yes,Yes,No,No,No internet service,No internet service,No internet service,No internet service,No internet service,No internet service,Two year,Yes,Mailed check,20.2,917.45,No,1,0,0,0,0,0,0,0,1,Below 5 years,0.04812834,44.15534589383751,Low Risk,Standard engagement
Male,Yes,Yes,No,Yes,Yes,Fiber optic,No,Yes,Yes,No,Yes,Yes,Month-to-month,Yes,Electronic check,105.9,334.65,Yes,1,1,0,1,1,0,1,1,6,Below 1 year,0.88108456,294.85494845509527,High Risk - High Value,Priority retention offer
Male,No,No,No,Yes,No,DSL,No,Yes,No,No,Yes,No,Month-to-month,No,Electronic check,59.45,357.6,No,1,0,0,1,0,0,1,0,3,Below 1 year,0.5945485,212.6105519771576,Medium Risk,Promote security service
Female,No,No,No,Yes,No,Fiber optic,No,Yes,Yes,No,Yes,Yes,Two year,Yes,Electronic check,99.65,5941.05,No,1,0,0,1,1,0,1,1,5,oldest Customers,0.2990076,1776.4190698117018,Low Risk,Promote security service
Female,No,No,No,Yes,Yes,DSL,Yes,Yes,Yes,No,No,No,Month-to-month,Yes,Bank transfer (automatic),66.15,2522.4,No,1,1,1,1,1,0,0,0,5,Below 5 years,0.3467401,874.6172201871872,Low Risk,Offer technical support
Female,No,Yes,No,No,No phone service,DSL,No,Yes,Yes,No,No,No,One year,No,Mailed check,34.7,1604.5,Yes,0,0,0,1,1,0,0,0,2,Below 5 years,0.22596605,362.5625291839242,Low Risk,Promote security service
Female,No,Yes,No,Yes,Yes,DSL,Yes,Yes,No,Yes,Yes,Yes,Two year,No,Credit card (automatic),86.45,3574.5,No,1,1,1,1,0,1,1,1,7,Below 5 years,0.070494674,251.9832127355039,Low Risk,Standard engagement
Female,No,No,Yes,Yes,Yes,DSL,Yes,No,Yes,Yes,No,Yes,One year,No,Credit card (automatic),73.55,693.3,No,1,1,1,0,1,1,0,1,6,Below 1 year,0.23341577,161.82715164273975,Low Risk,Standard engagement
Female,No,No,No,Yes,Yes,Fiber optic,No,No,No,No,No,No,Month-to-month,Yes,Electronic check,76.5,837.95,Yes,1,1,0,0,0,0,0,0,2,Below 1 year,0.826925,692.9217867285014,High Risk - High Value,Priority retention offer
Female,Yes,No,No,Yes,Yes,Fiber optic,No,No,No,Yes,Yes,Yes,Month-to-month,No,Electronic check,98.65,2862.75,Yes,1,1,0,0,0,1,1,1,5,Below 3 years,0.71035105,2033.5574681013823,High Risk - High Value,Priority retention offer
Male,No,No,No,Yes,No,Fiber optic,No,No,No,No,No,No,Month-to-month,No,Mailed check,70.95,1767.35,Yes,1,0,0,0,0,0,0,0,1,Below 3 years,0.45806256,809.5568642958998,Medium Risk,Promote security service
Female,No,No,No,Yes,No,No,No internet service,No internet service,No internet service,No internet service,No internet service,No internet service,Month-to-month,No,Mailed check,20.5,20.5,Yes,1,0,0,0,0,0,0,0,1,Below 1 year,0.5922333,12.140782654285431,Medium Risk,Promote long-term contract
Female,No,No,No,Yes,Yes,Fiber optic,No,No,Yes,No,No,No,Month-to-month,Yes,Mailed check,79.55,79.55,Yes,1,1,0,0,1,0,0,0,3,Below 1 year,0.87986606,69.99334535896777,High Risk - High Value,Priority retention offer
Male,No,No,No,Yes,No,No,No internet service,No internet service,No internet service,No internet service,No internet service,No internet service,Month-to-month,No,Electronic check,20.55,20.55,Yes,1,0,0,0,0,0,0,0,1,Below 1 year,0.60585374,12.450294283032418,Medium Risk,Promote long-term contract
Female,Yes,No,No,Yes,No,Fiber optic,No,No,No,No,Yes,No,Month-to-month,Yes,Electronic check,78.85,292.8,Yes,1,0,0,0,0,0,1,0,2,Below 1 year,0.87908024,257.3946930885315,High Risk - High Value,Priority retention offer
Female,No,Yes,Yes,Yes,Yes,No,No internet service,No internet service,No internet service,No internet service,No internet service,No internet service,Two year,Yes,Credit card (automatic),25.6,514.75,No,1,1,0,0,0,0,0,0,2,Below 3 years,0.06559854,33.76684846915305,Low Risk,Standard engagement
Female,No,Yes,Yes,Yes,No,DSL,No,Yes,No,Yes,No,No,Month-to-month,No,Mailed check,56.5,235.1,Yes,1,0,0,1,0,1,0,0,3,Below 1 year,0.44124544,103.7368021607399,Medium Risk,Promote security service
Female,No,No,No,Yes,No,Fiber optic,No,No,No,No,No,No,Month-to-month,Yes,Electronic check,69.6,69.6,Yes,1,0,0,0,0,0,0,0,1,Below 1 year,0.9050672,62.99267749786377,High Risk - New Customer,Onboarding intervention
Male,No,No,No,Yes,No,DSL,No,No,Yes,No,No,Yes,One year,Yes,Electronic check,61.1,3357.9,No,1,0,0,0,1,0,0,1,3,Below 5 years,0.28700337,963.7286098748446,Low Risk,Promote security service
Male,No,No,No,Yes,No,DSL,No,No,No,No,No,No,Month-to-month,No,Electronic check,45.3,45.3,Yes,1,0,0,0,0,0,0,0,1,Below 1 year,0.8321113,37.69464184641838,High Risk - New Customer,Onboarding intervention
Female,No,No,No,Yes,Yes,Fiber optic,No,No,No,No,Yes,Yes,Month-to-month,Yes,Bank transfer (automatic),95.6,2595.25,No,1,1,0,0,0,0,1,1,4,Below 3 years,0.7045246,1828.4174075871706,High Risk - High Value,Priority retention offer
Male,Yes,Yes,No,Yes,No,DSL,No,Yes,No,No,No,No,Month-to-month,Yes,Bank transfer (automatic),50.4,1527.5,Yes,1,0,0,1,0,0,0,0,2,Below 3 years,0.44705907,682.8827219456434,Medium Risk,Promote security service
Male,No,Yes,No,Yes,Yes,Fiber optic,No,Yes,No,No,Yes,Yes,Month-to-month,Yes,Bank transfer (automatic),99.05,4853.75,Yes,1,1,0,1,0,0,1,1,5,Below 5 years,0.6641172,3223.458942323923,Medium Risk,Promote security service
Male,No,Yes,Yes,Yes,No,No,No internet service,No internet service,No internet service,No internet service,No internet service,No internet service,Two year,No,Mailed check,19.2,1054.75,No,1,0,0,0,0,0,0,0,1,Below 5 years,0.057682373,60.84048253111541,Low Risk,Standard engagement
Male,No,Yes,No,Yes,Yes,Fiber optic,No,Yes,Yes,Yes,Yes,Yes,Two year,Yes,Credit card (automatic),108.6,7690.9,Yes,1,1,0,1,1,1,1,1,7,oldest Customers,0.22935475,1763.9444782331584,Low Risk,Promote security service
Male,No,Yes,No,Yes,No,Fiber optic,No,No,Yes,Yes,No,Yes,Month-to-month,Yes,Electronic check,90.35,3419.3,No,1,0,0,0,1,1,0,1,4,Below 5 years,0.5755052,1967.8249202668667,Medium Risk,Promote security service
Female,Yes,No,No,Yes,No,Fiber optic,Yes,Yes,No,No,No,No,Month-to-month,No,Electronic check,80.7,374.8,No,1,0,1,1,0,0,0,0,3,Below 1 year,0.67251295,252.05785310268402,Medium Risk,Offer technical support
Male,No,No,No,Yes,No,DSL,No,No,Yes,Yes,Yes,Yes,Month-to-month,Yes,Electronic check,75.5,75.5,No,1,0,0,0,1,1,1,1,5,Below 1 year,0.81035614,61.181888580322266,High Risk - High Value,Priority retention offer
Female,No,Yes,No,Yes,No,Fiber optic,No,No,No,No,Yes,No,Month-to-month,Yes,Bank transfer (automatic),79.35,79.35,Yes,1,0,0,0,0,0,1,0,2,Below 1 year,0.8905671,70.66650128066539,High Risk - High Value,Priority retention offer
Female,No,No,No,Yes,No,DSL,No,No,No,No,Yes,Yes,Month-to-month,Yes,Electronic check,64.75,2345.2,Yes,1,0,0,0,0,0,1,1,3,Below 5 years,0.63159883,1481.2255766391752,Medium Risk,Promote security service
Male,No,Yes,Yes,Yes,No,Fiber optic,No,No,No,No,No,No,Month-to-month,Yes,Mailed check,69.55,284.9,No,1,0,0,0,0,0,0,0,1,Below 1 year,0.7295334,207.84405834078788,High Risk - New Customer,Onboarding intervention
Female,No,No,No,Yes,Yes,Fiber optic,No,No,No,No,Yes,Yes,Month-to-month,Yes,Electronic check,97.35,2119.5,Yes,1,1,0,0,0,0,1,1,4,Below 3 years,0.8417124,1784.0094640552998,High Risk - High Value,Priority retention offer
Male,No,No,No,Yes,No,Fiber optic,No,Yes,No,No,Yes,Yes,Month-to-month,Yes,Credit card (automatic),96.1,3646.8,No,1,0,0,1,0,0,1,1,4,Below 5 years,0.6310673,2301.3761421203612,Medium Risk,Promote security service
Female,No,Yes,No,Yes,Yes,Fiber optic,No,No,Yes,Yes,Yes,Yes,Month-to-month,Yes,Bank transfer (automatic),104.95,2566.5,Yes,1,1,0,0,1,1,1,1,6,Below 3 years,0.62614477,1607.0005440115929,Medium Risk,Promote security service
Male,No,No,No,No,No phone service,DSL,Yes,No,No,Yes,Yes,Yes,One year,No,Credit card (automatic),54.55,1362.85,No,0,0,1,0,0,1,1,1,4,Below 3 years,0.17768443,242.15722039341924,Low Risk,Standard engagement
Female,Yes,No,No,Yes,No,Fiber optic,Yes,Yes,No,No,No,No,Month-to-month,No,Electronic check,81.7,1820.9,No,1,0,1,1,0,0,0,0,3,Below 3 years,0.6046126,1100.9390630960465,Medium Risk,Offer technical support
Male,No,Yes,Yes,Yes,No,Fiber optic,No,No,No,No,No,No,Month-to-month,No,Mailed check,69.95,143.9,No,1,0,0,0,0,0,0,0,1,Below 1 year,0.74737453,107.54719552993775,High Risk - New Customer,Onboarding intervention
Male,Yes,Yes,Yes,Yes,No,No,No internet service,No internet service,No internet service,No internet service,No internet service,No internet service,One year,No,Bank transfer (automatic),19.5,1193.55,No,1,0,0,0,0,0,0,0,1,oldest Customers,0.087750696,104.73484278805553,Low Risk,Standard engagement
Female,No,No,No,Yes,Yes,Fiber optic,No,No,No,No,No,No,Month-to-month,Yes,Electronic check,73.85,511.25,Yes,1,1,0,0,0,0,0,0,2,Below 1 year,0.8455115,432.26775236427784,High Risk - New Customer,Onboarding intervention
Male,No,Yes,No,Yes,No,DSL,No,Yes,Yes,Yes,Yes,No,One year,Yes,Electronic check,70.95,3250.45,No,1,0,0,1,1,1,1,0,5,Below 5 years,0.2683635,872.3021567836404,Low Risk,Promote security service
Male,Yes,Yes,No,Yes,Yes,Fiber optic,No,No,No,No,No,Yes,Month-to-month,Yes,Credit card (automatic),85.25,3132.75,Yes,1,1,0,0,0,0,0,1,3,Below 5 years,0.66655403,2088.1471492499113,Medium Risk,Promote security service
Male,No,Yes,Yes,Yes,Yes,DSL,No,Yes,Yes,No,Yes,Yes,One year,No,Credit card (automatic),78.75,3600.65,No,1,1,0,1,1,0,1,1,6,Below 5 years,0.23367232,841.3722420424223,Low Risk,Promote security service
Female,No,No,No,No,No phone service,DSL,Yes,No,No,Yes,No,No,Month-to-month,No,Mailed check,34.25,139.35,Yes,0,0,1,0,0,1,0,0,2,Below 1 year,0.50620496,70.53966155648232,Medium Risk,Promote long-term contract
Female,No,No,No,Yes,No,DSL,Yes,No,Yes,No,No,Yes,Month-to-month,No,Bank transfer (automatic),64.05,733.95,No,1,0,1,0,1,0,0,1,4,Below 1 year,0.47464144,348.36308657526973,Medium Risk,Offer technical support
Female,No,Yes,No,Yes,Yes,DSL,Yes,No,No,Yes,No,No,One year,Yes,Bank transfer (automatic),61.05,3478.75,No,1,1,1,0,0,1,0,0,4,Below 5 years,0.120693825,419.8636443633586,Low Risk,Standard engagement
Male,No,No,No,Yes,Yes,DSL,No,No,No,No,No,No,Month-to-month,No,Electronic check,47.15,223.15,Yes,1,1,0,0,0,0,0,0,2,Below 1 year,0.7449683,166.2396750509739,High Risk - New Customer,Onboarding intervention
Female,No,Yes,No,Yes,Yes,Fiber optic,No,No,No,No,Yes,Yes,Month-to-month,Yes,Electronic check,96.1,4364.1,Yes,1,1,0,0,0,0,1,1,4,Below 5 years,0.7606915,3319.7338779330257,High Risk - High Value,Priority retention offer
Male,No,Yes,Yes,No,No phone service,DSL,Yes,Yes,Yes,No,Yes,Yes,One year,No,Electronic check,59.3,3014.65,Yes,0,0,1,1,1,0,1,1,5,Below 5 years,0.23243302,700.7042069643736,Low Risk,Offer technical support
Female,No,No,Yes,Yes,Yes,No,No internet service,No internet service,No internet service,No internet service,No internet service,No internet service,Two year,No,Credit card (automatic),25.3,454.65,No,1,1,0,0,0,0,0,0,2,Below 3 years,0.06722682,30.564673573896286,Low Risk,Standard engagement
Female,No,Yes,Yes,Yes,Yes,Fiber optic,No,Yes,No,No,Yes,Yes,Month-to-month,Yes,Electronic check,100.6,5611.7,No,1,1,0,1,0,0,1,1,5,Below 5 years,0.6659144,3736.911930024624,Medium Risk,Promote security service
Male,No,Yes,No,Yes,No,No,No internet service,No internet service,No internet service,No internet service,No internet service,No internet service,Two year,No,Mailed check,19.25,855.1,No,1,0,0,0,0,0,0,0,1,Below 5 years,0.05981655,51.14913230128587,Low Risk,Standard engagement
Female,No,Yes,Yes,Yes,Yes,Fiber optic,No,Yes,Yes,No,Yes,No,Month-to-month,Yes,Bank transfer (automatic),97.35,3457.9,Yes,1,1,0,1,1,0,1,0,5,Below 5 years,0.59521955,2058.2096906483175,Medium Risk,Promote security service
Female,No,Yes,Yes,Yes,No,DSL,Yes,No,No,No,No,No,One year,No,Mailed check,48.6,422.3,No,1,0,1,0,0,0,0,0,2,Below 1 year,0.15351416,64.82903048843146,Low Risk,Offer technical support
Male,Yes,Yes,No,Yes,Yes,Fiber optic,No,Yes,Yes,Yes,Yes,Yes,One year,Yes,Electronic check,110.85,7491.75,Yes,1,1,0,1,1,1,1,1,7,oldest Customers,0.5969288,4472.041152432561,Medium Risk,Promote security service
Female,No,Yes,Yes,Yes,Yes,DSL,Yes,Yes,Yes,Yes,No,Yes,Two year,Yes,Bank transfer (automatic),79.5,5661.7,No,1,1,1,1,1,1,0,1,7,oldest Customers,0.05844004,330.8699789803475,Low Risk,Standard engagement
Male,No,No,No,Yes,No,Fiber optic,Yes,No,No,No,No,No,Month-to-month,No,Mailed check,74.35,533.6,No,1,0,1,0,0,0,0,0,2,Below 1 year,0.55906427,298.31669397354125,Medium Risk,Offer technical support
Male,No,Yes,Yes,Yes,Yes,DSL,Yes,Yes,Yes,Yes,Yes,Yes,Two year,Yes,Credit card (automatic),88.85,6132.7,No,1,1,1,1,1,1,1,1,8,oldest Customers,0.07938878,486.8675857141614,Low Risk,Standard engagement
Female,No,Yes,No,Yes,No,DSL,No,No,Yes,No,No,No,Month-to-month,Yes,Credit card (automatic),50.25,2221.55,No,1,0,0,0,1,0,0,0,2,Below 5 years,0.35039875,778.4283410921694,Low Risk,Promote security service
Male,No,Yes,No,Yes,Yes,Fiber optic,No,Yes,Yes,Yes,Yes,Yes,Two year,Yes,Electronic check,108.2,7840.6,No,1,1,0,1,1,1,1,1,7,oldest Customers,0.32887647,2578.5888158619405,Low Risk,Promote security service
Male,No,No,No,Yes,No,Fiber optic,No,No,No,No,Yes,No,Month-to-month,No,Electronic check,77.85,299.2,Yes,1,0,0,0,0,0,1,0,2,Below 1 year,0.8550339,255.82613525390624,High Risk - High Value,Priority retention offer
Female,No,No,No,Yes,Yes,Fiber optic,Yes,No,No,No,No,No,Month-to-month,Yes,Mailed check,79.65,604.7,Yes,1,1,1,0,0,0,0,0,3,Below 1 year,0.6661156,402.8000924289227,Medium Risk,Offer technical support
Male,Yes,Yes,No,Yes,Yes,No,No internet service,No internet service,No internet service,No internet service,No internet service,No internet service,Two year,No,Bank transfer (automatic),23.95,1756.2,No,1,1,0,0,0,0,0,0,2,oldest Customers,0.058101982,102.03870057463647,Low Risk,Standard engagement
Male,No,No,No,Yes,No,DSL,No,No,No,Yes,Yes,Yes,Month-to-month,Yes,Electronic check,69.35,191.35,Yes,1,0,0,0,0,1,1,1,4,Below 1 year,0.73865175,141.34101283550262,High Risk - New Customer,Onboarding intervention
Female,No,Yes,Yes,Yes,Yes,Fiber optic,No,No,No,No,Yes,No,Month-to-month,Yes,Bank transfer (automatic),84.4,4116.15,Yes,1,1,0,0,0,0,1,0,3,Below 5 years,0.4716363,1941.3257369756698,Medium Risk,Promote security service
Female,No,No,No,Yes,No,Fiber optic,Yes,Yes,No,No,No,No,Month-to-month,Yes,Bank transfer (automatic),79.85,2015.35,Yes,1,0,1,1,0,0,0,0,3,Below 3 years,0.5214568,1050.9179176419973,Medium Risk,Offer technical support
Female,No,No,No,Yes,Yes,Fiber optic,No,Yes,Yes,Yes,Yes,Yes,Month-to-month,Yes,Credit card (automatic),109.85,7002.95,No,1,1,0,1,1,1,1,1,7,oldest Customers,0.51573884,3611.693343693018,Medium Risk,Promote security service
Male,No,No,No,Yes,No,DSL,Yes,No,Yes,No,No,No,One year,No,Electronic check,53.75,2790.65,No,1,0,1,0,1,0,0,0,3,Below 5 years,0.16776718,468.17948642745614,Low Risk,Offer technical support
Male,No,No,No,Yes,No,DSL,Yes,No,No,No,No,No,Month-to-month,Yes,Bank transfer (automatic),49.55,1210.4,Yes,1,0,1,0,0,0,0,0,2,Below 3 years,0.37196043,450.22090609073643,Low Risk,Offer technical support
Female,No,No,No,Yes,No,Fiber optic,No,No,No,No,No,Yes,Month-to-month,Yes,Electronic check,79.55,723.4,Yes,1,0,0,0,0,0,0,1,2,Below 1 year,0.83322895,602.7578193426132,High Risk - High Value,Priority retention offer
Male,No,Yes,Yes,Yes,No,No,No internet service,No internet service,No internet service,No internet service,No internet service,No internet service,Month-to-month,No,Bank transfer (automatic),19.95,19.95,Yes,1,0,0,0,0,0,0,0,1,Below 1 year,0.5134474,10.243275707960128,Medium Risk,Promote long-term contract
Male,No,Yes,No,Yes,Yes,Fiber optic,No,No,No,No,Yes,Yes,Month-to-month,Yes,Electronic check,93.0,2248.05,No,1,1,0,0,0,0,1,1,4,Below 3 years,0.81000894,1820.9406044930222,High Risk - High Value,Priority retention offer
Female,No,No,No,No,No phone service,DSL,No,Yes,Yes,No,Yes,Yes,One year,Yes,Credit card (automatic),56.4,2928.5,No,0,0,0,1,1,0,1,1,4,Below 5 years,0.2917882,854.5017161816359,Low Risk,Promote security service
Male,No,Yes,Yes,Yes,Yes,Fiber optic,No,Yes,Yes,Yes,Yes,Yes,Two year,Yes,Bank transfer (automatic),112.25,8041.65,No,1,1,0,1,1,1,1,1,7,oldest Customers,0.20187014,1623.3690387815236,Low Risk,Promote security service
Male,No,Yes,Yes,Yes,No,Fiber optic,No,No,Yes,No,Yes,No,One year,Yes,Electronic check,85.05,3355.65,No,1,0,0,0,1,0,1,0,3,Below 5 years,0.34391916,1154.0723224818707,Low Risk,Promote security service
Female,No,No,No,Yes,Yes,Fiber optic,No,No,No,No,Yes,Yes,Month-to-month,No,Bank transfer (automatic),95.65,778.1,Yes,1,1,0,0,0,0,1,1,4,Below 1 year,0.8008973,623.1781893193722,High Risk - High Value,Priority retention offer
Female,No,Yes,No,Yes,Yes,Fiber optic,No,Yes,Yes,Yes,Yes,Yes,Two year,Yes,Electronic check,110.15,7998.8,No,1,1,0,1,1,1,1,1,7,oldest Customers,0.20240729,1619.0153958261014,Low Risk,Promote security service
Male,No,No,No,Yes,Yes,Fiber optic,No,Yes,Yes,No,Yes,Yes,Month-to-month,Yes,Electronic check,106.7,1253.9,Yes,1,1,0,1,1,0,1,1,6,Below 3 years,0.8538331,1070.6212981820108,High Risk - High Value,Priority retention offer
Male,No,Yes,Yes,Yes,Yes,Fiber optic,No,Yes,Yes,No,Yes,Yes,Month-to-month,Yes,Bank transfer (automatic),103.85,5017.9,Yes,1,1,0,1,1,0,1,1,6,Below 5 years,0.64326143,3227.821542882919,Medium Risk,Promote security service
Male,No,No,No,Yes,Yes,Fiber optic,Yes,Yes,Yes,Yes,Yes,Yes,One year,Yes,Credit card (automatic),117.2,8035.95,No,1,1,1,1,1,1,1,1,8,oldest Customers,0.42797518,3439.1871297597886,Medium Risk,Standard engagement
Male,No,Yes,No,Yes,No,DSL,Yes,Yes,No,No,Yes,Yes,One year,Yes,Mailed check,75.4,3865.45,No,1,0,1,1,0,0,1,1,5,Below 5 years,0.19817945,766.0527689620852,Low Risk,Offer technical support
Male,No,Yes,Yes,Yes,Yes,No,No internet service,No internet service,No internet service,No internet service,No internet service,No internet service,Two year,Yes,Mailed check,23.8,903.8,No,1,1,0,0,0,0,0,0,2,Below 5 years,0.0567246,51.26769392639398,Low Risk,Standard engagement
Female,No,Yes,Yes,Yes,Yes,DSL,Yes,Yes,Yes,Yes,Yes,No,Two year,No,Bank transfer (automatic),80.2,5714.2,No,1,1,1,1,1,1,1,0,7,oldest Customers,0.066863745,382.07281425595284,Low Risk,Standard engagement
Male,Yes,Yes,No,Yes,No,DSL,Yes,Yes,No,Yes,Yes,No,One year,Yes,Bank transfer (automatic),71.0,5012.1,No,1,0,1,1,0,1,1,0,5,oldest Customers,0.1287459,645.2873183950783,Low Risk,Standard engagement
Female,Yes,Yes,No,Yes,Yes,Fiber optic,Yes,Yes,Yes,Yes,Yes,Yes,Month-to-month,No,Electronic check,117.45,5438.9,Yes,1,1,1,1,1,1,1,1,8,Below 5 years,0.52253836,2842.033907598257,Medium Risk,Promote long-term contract
Male,No,No,No,Yes,Yes,Fiber optic,No,No,Yes,No,Yes,No,Month-to-month,Yes,Electronic check,92.5,452.7,Yes,1,1,0,0,1,0,1,0,4,Below 1 year,0.88784385,401.926909661293,High Risk - High Value,Priority retention offer
Male,No,Yes,No,Yes,Yes,Fiber optic,No,Yes,No,Yes,No,No,Month-to-month,Yes,Electronic check,85.4,401.1,Yes,1,1,0,1,0,1,0,0,4,Below 1 year,0.79750234,319.8781881272793,High Risk - High Value,Priority retention offer
Male,No,No,No,Yes,No,Fiber optic,No,Yes,No,No,Yes,Yes,Month-to-month,No,Electronic check,95.65,167.3,Yes,1,0,0,1,0,0,1,1,4,Below 1 year,0.84383124,141.17296664118768,High Risk - High Value,Priority retention offer
Female,No,Yes,Yes,Yes,Yes,DSL,No,Yes,No,Yes,Yes,Yes,Two year,No,Electronic check,79.65,3870.3,No,1,1,0,1,0,1,1,1,6,Below 5 years,0.1500786,580.8491850078107,Low Risk,Promote security service
Male,No,No,No,Yes,Yes,Fiber optic,No,No,Yes,No,Yes,Yes,Month-to-month,Yes,Electronic check,101.45,101.45,Yes,1,1,0,0,1,0,1,1,5,Below 1 year,0.92681754,94.0256390631199,High Risk - High Value,Priority retention offer
Male,No,Yes,Yes,Yes,No,No,No internet service,No internet service,No internet service,No internet service,No internet service,No internet service,Two year,No,Credit card (automatic),19.5,96.85,No,1,0,0,0,0,0,0,0,1,Below 1 year,0.06557037,6.350490272790193,Low Risk,Standard engagement
Male,No,No,No,Yes,Yes,No,No internet service,No internet service,No internet service,No internet service,No internet service,No internet service,Month-to-month,Yes,Mailed check,25.0,25.0,No,1,1,0,0,0,0,0,0,2,Below 1 year,0.6138209,15.34552276134491,Medium Risk,Promote long-term contract
Female,No,No,No,Yes,No,Fiber optic,No,No,No,Yes,No,Yes,Month-to-month,Yes,Credit card (automatic),85.4,425.9,Yes,1,0,0,0,0,1,0,1,3,Below 1 year,0.76114196,324.1703589975834,High Risk - High Value,Priority retention offer
Female,Yes,Yes,No,Yes,Yes,Fiber optic,Yes,Yes,Yes,Yes,Yes,Yes,Two year,Yes,Bank transfer (automatic),114.65,8333.95,No,1,1,1,1,1,1,1,1,8,oldest Customers,0.09369056,780.8124364115298,Low Risk,Standard engagement
Female,No,Yes,No,Yes,No,DSL,No,Yes,No,Yes,Yes,No,Two year,Yes,Credit card (automatic),64.2,3009.5,No,1,0,0,1,0,1,1,0,4,Below 5 years,0.0992069,298.5631718300283,Low Risk,Promote security service
Female,No,No,No,No,No phone service,DSL,No,No,No,Yes,No,No,Two year,Yes,Mailed check,29.6,299.05,No,0,0,0,0,0,1,0,0,1,Below 1 year,0.14102077,42.17226271629334,Low Risk,Promote security service
Female,No,No,No,Yes,Yes,DSL,Yes,Yes,No,No,No,No,Two year,No,Bank transfer (automatic),59.75,4265.0,No,1,1,1,1,0,0,0,0,4,oldest Customers,0.059534952,253.91657046973705,Low Risk,Offer technical support
Female,No,No,Yes,Yes,No,Fiber optic,Yes,Yes,No,Yes,Yes,Yes,One year,Yes,Bank transfer (automatic),105.2,4822.85,Yes,1,0,1,1,0,1,1,1,6,Below 5 years,0.4262856,2055.911480407417,Medium Risk,Standard engagement
Female,No,No,No,No,No phone service,DSL,No,No,No,No,Yes,Yes,Month-to-month,No,Credit card (automatic),45.0,298.7,No,0,0,0,0,0,0,1,1,2,Below 1 year,0.66515785,198.68265115618706,Medium Risk,Promote security service
Male,No,No,No,Yes,No,DSL,No,No,Yes,Yes,No,Yes,One year,Yes,Mailed check,62.3,2354.8,Yes,1,0,0,0,1,1,0,1,4,Below 5 years,0.31726274,747.0902976632119,Low Risk,Promote security service
Female,No,Yes,Yes,Yes,Yes,DSL,No,Yes,No,Yes,Yes,No,Month-to-month,Yes,Credit card (automatic),69.5,1652.1,No,1,1,0,1,0,1,1,0,5,Below 3 years,0.2551972,421.61128949224945,Low Risk,Promote security service
Male,No,No,No,Yes,No,Fiber optic,No,Yes,Yes,Yes,Yes,Yes,One year,Yes,Bank transfer (automatic),104.05,7262.0,Yes,1,0,0,1,1,1,1,1,6,oldest Customers,0.5646294,4100.338528037071,Medium Risk,Promote security service
Male,No,Yes,Yes,Yes,Yes,DSL,Yes,No,Yes,Yes,Yes,Yes,One year,Yes,Mailed check,84.8,1990.5,No,1,1,1,0,1,1,1,1,7,Below 3 years,0.24046268,478.6409559622407,Low Risk,Standard engagement
Female,Yes,No,No,Yes,No,Fiber optic,No,No,No,No,No,No,Month-to-month,Yes,Electronic check,69.6,69.6,Yes,1,0,0,0,0,0,0,0,1,Below 1 year,0.9076254,63.17072625160217,High Risk - New Customer,Onboarding intervention
Female,No,No,No,Yes,Yes,No,No internet service,No internet service,No internet service,No internet service,No internet service,No internet service,One year,No,Electronic check,25.2,245.15,No,1,1,0,0,0,0,0,0,2,Below 1 year,0.16046627,39.338305761665104,Low Risk,Standard engagement
Female,Yes,Yes,No,Yes,Yes,Fiber optic,No,No,No,No,No,No,Month-to-month,Yes,Bank transfer (automatic),74.95,2869.85,Yes,1,1,0,0,0,0,0,0,2,Below 5 years,0.5891457,1690.7598445564508,Medium Risk,Promote security service
Female,No,No,No,Yes,No,Fiber optic,No,No,No,No,Yes,No,Month-to-month,Yes,Electronic check,79.4,244.65,Yes,1,0,0,0,0,0,1,0,2,Below 1 year,0.8856518,216.67471944093705,High Risk - High Value,Priority retention offer
Male,No,No,No,Yes,No,DSL,Yes,No,No,No,No,No,Month-to-month,Yes,Mailed check,51.0,354.05,Yes,1,0,1,0,0,0,0,0,2,Below 1 year,0.49369496,174.79270096719264,Medium Risk,Offer technical support
Male,Yes,Yes,Yes,Yes,Yes,Fiber optic,No,Yes,Yes,Yes,Yes,Yes,Month-to-month,Yes,Bank transfer (automatic),110.75,4687.9,Yes,1,1,0,1,1,1,1,1,7,Below 5 years,0.5837359,2736.4954470217226,Medium Risk,Promote security service
Female,Yes,No,No,Yes,Yes,Fiber optic,No,Yes,Yes,Yes,Yes,Yes,One year,Yes,Electronic check,111.95,6418.9,Yes,1,1,0,1,1,1,1,1,7,Below 5 years,0.53640544,3443.132905423641,Medium Risk,Promote security service
Male,No,Yes,No,No,No phone service,DSL,No,No,Yes,No,Yes,Yes,Month-to-month,Yes,Electronic check,50.35,50.35,Yes,0,0,0,0,1,0,1,1,3,Below 1 year,0.8811564,44.36622398197651,High Risk - New Customer,Onboarding intervention
Male,No,No,No,Yes,No,DSL,No,No,Yes,No,No,No,Month-to-month,Yes,Electronic check,50.5,50.5,Yes,1,0,0,0,1,0,0,0,2,Below 1 year,0.8674135,43.80438280105591,High Risk - New Customer,Onboarding intervention
Female,No,No,Yes,Yes,Yes,DSL,No,Yes,No,No,Yes,Yes,One year,Yes,Mailed check,77.55,3471.1,No,1,1,0,1,0,0,1,1,5,Below 5 years,0.31704414,1100.4919105648994,Low Risk,Promote security service
Female,No,Yes,Yes,Yes,No,No,No internet service,No internet service,No internet service,No internet service,No internet service,No internet service,Month-to-month,No,Mailed check,20.55,20.55,Yes,1,0,0,0,0,0,0,0,1,Below 1 year,0.5671215,11.654346942901611,Medium Risk,Promote long-term contract
Male,No,No,No,No,No phone service,DSL,Yes,No,Yes,Yes,No,No,Month-to-month,No,Mailed check,41.35,107.25,No,0,0,1,0,1,1,0,0,3,Below 1 year,0.49201918,52.7690566778183,Medium Risk,Promote long-term contract
Male,Yes,No,No,Yes,No,DSL,No,No,No,No,No,No,Month-to-month,No,Bank transfer (automatic),45.25,45.25,No,1,0,0,0,0,0,0,0,1,Below 1 year,0.7959672,36.017516762018204,High Risk - New Customer,Onboarding intervention
Male,No,Yes,No,Yes,Yes,Fiber optic,No,No,No,No,Yes,Yes,Month-to-month,Yes,Electronic check,94.7,1687.95,Yes,1,1,0,0,0,0,1,1,4,Below 3 years,0.81193775,1370.510324075818,High Risk - High Value,Priority retention offer
Male,No,No,No,Yes,Yes,Fiber optic,No,No,No,Yes,No,No,Month-to-month,Yes,Electronic check,80.5,2088.8,Yes,1,1,0,0,0,1,0,0,3,Below 3 years,0.63061935,1317.2376922130586,Medium Risk,Promote security service
Male,Yes,Yes,No,No,No phone service,DSL,Yes,Yes,Yes,Yes,Yes,Yes,Two year,Yes,Credit card (automatic),64.95,4546.0,No,0,0,1,1,1,1,1,1,6,oldest Customers,0.077888995,354.0833731293678,Low Risk,Standard engagement
Male,No,Yes,Yes,Yes,Yes,No,No internet service,No internet service,No internet service,No internet service,No internet service,No internet service,One year,Yes,Mailed check,23.95,1216.35,No,1,1,0,0,0,0,0,0,2,Below 5 years,0.08714838,106.00293597802519,Low Risk,Standard engagement
Female,No,No,No,Yes,No,No,No internet service,No internet service,No internet service,No internet service,No internet service,No internet service,One year,No,Bank transfer (automatic),20.1,318.6,No,1,0,0,0,0,0,0,0,1,Below 3 years,0.1190626,37.933345162868505,Low Risk,Standard engagement
Female,No,No,No,Yes,No,Fiber optic,No,Yes,No,Yes,No,No,One year,Yes,Bank transfer (automatic),79.95,2684.85,No,1,0,0,1,0,1,0,0,3,Below 3 years,0.28882122,775.441653585434,Low Risk,Promote security service
Female,No,No,No,Yes,No,No,No internet service,No internet service,No internet service,No internet service,No internet service,No internet service,Month-to-month,No,Mailed check,20.65,38.7,Yes,1,0,0,0,0,0,0,0,1,Below 1 year,0.42816994,16.570176520943644,Medium Risk,Promote long-term contract
Male,No,No,Yes,Yes,No,DSL,Yes,No,No,No,No,No,Month-to-month,No,Electronic check,49.35,219.65,Yes,1,0,1,0,0,0,0,0,2,Below 1 year,0.6112012,134.25034944713116,Medium Risk,Offer technical support
Female,Yes,No,No,Yes,No,Fiber optic,No,No,No,No,No,No,Month-to-month,Yes,Electronic check,69.65,69.65,Yes,1,0,0,0,0,0,0,0,1,Below 1 year,0.90862423,63.28567774593831,High Risk - New Customer,Onboarding intervention
Female,No,Yes,Yes,Yes,No,No,No internet service,No internet service,No internet service,No internet service,No internet service,No internet service,Two year,No,Credit card (automatic),19.5,1222.65,No,1,0,0,0,0,0,0,0,1,Below 5 years,0.047254305,57.77547641526908,Low Risk,Standard engagement
Male,No,Yes,No,Yes,No,No,No internet service,No internet service,No internet service,No internet service,No internet service,No internet service,Two year,Yes,Bank transfer (automatic),20.5,1198.8,No,1,0,0,0,0,0,0,0,1,oldest Customers,0.047690514,57.1713887527585,Low Risk,Standard engagement
Male,No,No,No,Yes,No,Fiber optic,No,No,Yes,No,No,No,Month-to-month,Yes,Electronic check,76.65,1313.55,Yes,1,0,0,0,1,0,0,0,2,Below 3 years,0.72096777,947.0272137880326,High Risk - High Value,Priority retention offer
Male,Yes,No,No,Yes,No,Fiber optic,No,No,No,No,No,Yes,Month-to-month,Yes,Electronic check,79.25,793.55,Yes,1,0,0,0,0,0,0,1,2,Below 1 year,0.83741844,664.5334006845951,High Risk - High Value,Priority retention offer
Female,Yes,No,No,Yes,No,Fiber optic,No,No,No,No,No,No,Month-to-month,No,Electronic check,70.75,154.85,Yes,1,0,0,0,0,0,0,0,1,Below 1 year,0.8679354,134.39979964494705,High Risk - New Customer,Onboarding intervention
Male,No,Yes,No,Yes,Yes,Fiber optic,No,No,Yes,No,Yes,Yes,Month-to-month,Yes,Electronic check,100.05,3480.0,Yes,1,1,0,0,1,0,1,1,5,Below 3 years,0.79641294,2771.51704788208,High Risk - High Value,Priority retention offer
Female,No,No,No,Yes,No,Fiber optic,Yes,No,Yes,Yes,No,No,Month-to-month,No,Electronic check,87.6,2724.25,No,1,0,1,0,1,1,0,0,4,Below 3 years,0.49383882,1345.340396888554,Medium Risk,Promote long-term contract
Female,Yes,No,No,Yes,No,Fiber optic,No,No,No,No,No,No,Month-to-month,Yes,Electronic check,70.4,204.7,Yes,1,0,0,0,0,0,0,0,1,Below 1 year,0.862472,176.54801793694494,High Risk - New Customer,Onboarding intervention
Female,No,Yes,No,Yes,Yes,Fiber optic,Yes,Yes,Yes,Yes,Yes,Yes,Two year,Yes,Bank transfer (automatic),113.65,8182.75,No,1,1,1,1,1,1,1,1,8,oldest Customers,0.09008582,737.1497383974493,Low Risk,Standard engagement
Male,No,No,No,Yes,No,DSL,Yes,Yes,No,Yes,Yes,No,One year,No,Mailed check,70.6,2708.2,No,1,0,1,1,0,1,1,0,5,Below 5 years,0.16771847,454.21516071557994,Low Risk,Standard engagement
Female,No,No,No,Yes,No,No,No internet service,No internet service,No internet service,No internet service,No internet service,No internet service,One year,No,Mailed check,20.1,296.15,No,1,0,0,0,0,0,0,0,1,Below 3 years,0.10672489,31.60657560676336,Low Risk,Standard engagement
Male,No,Yes,No,Yes,No,DSL,No,No,No,Yes,No,No,Month-to-month,No,Mailed check,50.05,179.35,Yes,1,0,0,0,0,1,0,0,2,Below 1 year,0.5334801,95.67965733110904,Medium Risk,Promote security service
Female,Yes,No,No,Yes,Yes,Fiber optic,No,Yes,No,Yes,Yes,No,Month-to-month,Yes,Electronic check,95.05,4504.55,Yes,1,1,0,1,0,1,1,0,5,Below 5 years,0.619356,2789.919964310527,Medium Risk,Promote security service
Male,Yes,Yes,No,Yes,Yes,Fiber optic,No,Yes,No,No,No,Yes,One year,No,Mailed check,88.4,3912.9,Yes,1,1,0,1,0,0,0,1,4,Below 5 years,0.36566648,1430.8163651794196,Low Risk,Promote security service
Male,No,No,No,Yes,Yes,DSL,No,No,Yes,No,No,Yes,One year,No,Mailed check,65.0,2531.8,No,1,1,0,0,1,0,0,1,4,Below 5 years,0.28811052,729.4382257163525,Low Risk,Promote security service
Male,Yes,No,No,Yes,Yes,Fiber optic,No,No,No,No,Yes,Yes,Month-to-month,Yes,Electronic check,96.7,2082.95,Yes,1,1,0,0,0,0,1,1,4,Below 3 years,0.85197043,1774.61181589365,High Risk - High Value,Priority retention offer
Male,No,No,No,Yes,No,No,No internet service,No internet service,No internet service,No internet service,No internet service,No internet service,Month-to-month,Yes,Mailed check,19.6,19.6,Yes,1,0,0,0,0,0,0,0,1,Below 1 year,0.6038735,11.835920429229738,Medium Risk,Promote long-term contract
Female,No,Yes,Yes,Yes,No,DSL,Yes,Yes,Yes,Yes,Yes,Yes,Two year,No,Bank transfer (automatic),85.3,6129.2,No,1,0,1,1,1,1,1,1,7,oldest Customers,0.056195337,344.4324615344405,Low Risk,Standard engagement
Female,No,Yes,Yes,Yes,No,No,No internet service,No internet service,No internet service,No internet service,No internet service,No internet service,Month-to-month,No,Mailed check,20.35,442.6,No,1,0,0,0,0,0,0,0,1,Below 3 years,0.18712159,82.82001352608204,Low Risk,Promote long-term contract
Male,Yes,No,No,Yes,Yes,Fiber optic,No,Yes,Yes,Yes,Yes,Yes,One year,No,Credit card (automatic),110.9,7432.05,Yes,1,1,0,1,1,1,1,1,7,oldest Customers,0.42637822,3168.8642523273825,Medium Risk,Promote security service
Female,No,No,No,Yes,No,No,No internet service,No internet service,No internet service,No internet service,No internet service,No internet service,Two year,Yes,Mailed check,20.4,261.3,No,1,0,0,0,0,0,0,0,1,Below 3 years,0.05863256,15.320687947422266,Low Risk,Standard engagement
Female,No,No,No,Yes,Yes,Fiber optic,No,No,No,No,No,Yes,Month-to-month,Yes,Electronic check,85.7,169.8,Yes,1,1,0,0,0,0,0,1,3,Below 1 year,0.9122173,154.89450076818468,High Risk - High Value,Priority retention offer
Female,No,No,No,Yes,No,No,No internet service,No internet service,No internet service,No internet service,No internet service,No internet service,Month-to-month,Yes,Mailed check,20.2,20.2,Yes,1,0,0,0,0,0,0,0,1,Below 1 year,0.67439693,13.622818028926849,Medium Risk,Promote long-term contract
Female,No,No,No,Yes,Yes,DSL,Yes,Yes,Yes,Yes,No,Yes,Two year,Yes,Credit card (automatic),80.3,4995.35,No,1,1,1,1,1,1,0,1,7,oldest Customers,0.07532858,376.29262727387254,Low Risk,Standard engagement
Male,No,No,No,Yes,Yes,Fiber optic,No,No,No,No,Yes,No,Month-to-month,No,Bank transfer (automatic),85.45,4517.25,Yes,1,1,0,0,0,0,1,0,3,Below 5 years,0.46754843,2112.033145263791,Medium Risk,Promote security service
Male,No,No,No,Yes,No,DSL,No,No,No,No,No,No,Month-to-month,No,Electronic check,45.75,45.75,Yes,1,0,0,0,0,0,0,0,1,Below 1 year,0.83490396,38.19685596227646,High Risk - New Customer,Onboarding intervention
Male,No,No,No,Yes,Yes,Fiber optic,No,No,No,No,No,Yes,Month-to-month,Yes,Electronic check,86.8,620.35,Yes,1,1,0,0,0,0,0,1,3,Below 1 year,0.8772077,544.1757944852114,High Risk - High Value,Priority retention offer
Male,No,Yes,Yes,Yes,No,No,No internet service,No internet service,No internet service,No internet service,No internet service,No internet service,Two year,Yes,Mailed check,19.4,1110.35,No,1,0,0,0,0,0,0,0,1,Below 5 years,0.052592773,58.39638548996299,Low Risk,Standard engagement
Male,No,Yes,Yes,Yes,Yes,Fiber optic,No,Yes,No,Yes,Yes,No,Month-to-month,Yes,Credit card (automatic),96.95,5432.2,No,1,1,0,1,0,1,1,0,5,Below 5 years,0.41280016,2242.413045614958,Medium Risk,Promote security service
Male,No,No,Yes,Yes,No,No,No internet service,No internet service,No internet service,No internet service,No internet service,No internet service,Month-to-month,No,Mailed check,19.55,19.55,No,1,0,0,0,0,0,0,0,1,Below 1 year,0.4749214,9.284713473916055,Medium Risk,Promote long-term contract
Male,Yes,No,No,Yes,No,Fiber optic,No,No,No,No,No,Yes,Month-to-month,Yes,Electronic check,78.5,874.2,No,1,0,0,0,0,0,0,1,2,Below 1 year,0.8345118,729.530229985714,High Risk - High Value,Priority retention offer
Female,No,Yes,Yes,No,No phone service,DSL,No,Yes,Yes,Yes,No,Yes,Two year,No,Electronic check,49.85,3210.35,No,0,0,0,1,1,1,0,1,4,oldest Customers,0.13570122,435.6484251357615,Low Risk,Promote security service
Female,No,Yes,Yes,Yes,No,Fiber optic,No,Yes,Yes,Yes,No,No,Month-to-month,No,Electronic check,83.8,1900.25,Yes,1,0,0,1,1,1,0,0,4,Below 3 years,0.5266437,1000.7546784728765,Medium Risk,Promote security service
Male,No,No,No,Yes,No,Fiber optic,No,Yes,No,No,Yes,No,Month-to-month,Yes,Electronic check,84.85,523.5,Yes,1,0,0,1,0,0,1,0,3,Below 1 year,0.858785,449.57393369078636,High Risk - High Value,Priority retention offer
Female,No,No,No,Yes,No,No,No internet service,No internet service,No internet service,No internet service,No internet service,No internet service,Month-to-month,No,Credit card (automatic),19.8,19.8,No,1,0,0,0,0,0,0,0,1,Below 1 year,0.5284212,10.462740218639373,Medium Risk,Promote long-term contract
Male,No,No,No,Yes,No,Fiber optic,No,No,Yes,No,Yes,Yes,Month-to-month,Yes,Electronic check,94.9,1048.85,Yes,1,0,0,0,1,0,1,1,4,Below 1 year,0.85840714,900.3403285562991,High Risk - High Value,Priority retention offer
Male,No,Yes,Yes,Yes,No,Fiber optic,No,Yes,Yes,Yes,Yes,Yes,One year,No,Credit card (automatic),105.75,7322.5,No,1,0,0,1,1,1,1,1,6,oldest Customers,0.36910543,2702.7744998782873,Low Risk,Promote security service
Female,No,Yes,No,No,No phone service,DSL,No,No,Yes,No,Yes,Yes,Month-to-month,Yes,Bank transfer (automatic),48.75,633.4,Yes,0,0,0,0,1,0,1,1,3,Below 3 years,0.58949965,373.38907982110976,Medium Risk,Promote security service
Male,No,No,No,Yes,No,Fiber optic,No,No,Yes,Yes,Yes,Yes,Month-to-month,Yes,Electronic check,98.7,293.65,Yes,1,0,0,0,1,1,1,1,5,Below 1 year,0.8525178,250.341847166419,High Risk - High Value,Priority retention offer
Female,No,Yes,Yes,No,No phone service,DSL,No,Yes,No,No,Yes,No,Month-to-month,No,Electronic check,39.2,849.9,No,0,0,0,1,0,0,1,0,2,Below 3 years,0.5010807,425.86847997307774,Medium Risk,Promote security service
Male,No,No,No,No,No phone service,DSL,No,No,No,No,No,No,One year,Yes,Credit card (automatic),24.35,150.85,No,0,0,0,0,0,0,0,0,0,Below 1 year,0.272935,41.172245208919044,Low Risk,Promote security service
Female,Yes,No,No,Yes,Yes,Fiber optic,No,No,No,No,No,No,Month-to-month,Yes,Mailed check,74.45,74.45,Yes,1,1,0,0,0,0,0,0,2,Below 1 year,0.8735399,65.03504738807679,High Risk - New Customer,Onboarding intervention
Female,No,No,No,Yes,No,Fiber optic,No,No,No,No,No,Yes,Month-to-month,Yes,Electronic check,80.6,2244.95,No,1,0,0,0,0,0,0,1,2,Below 3 years,0.73448336,1648.8784218251703,High Risk - High Value,Priority retention offer
Female,No,No,No,Yes,No,Fiber optic,No,No,No,No,No,No,Month-to-month,No,Bank transfer (automatic),69.75,144.55,Yes,1,0,0,0,0,0,0,0,1,Below 1 year,0.7954984,114.98928954601288,High Risk - New Customer,Onboarding intervention
Female,No,Yes,Yes,Yes,No,No,No internet service,No internet service,No internet service,No internet service,No internet service,No internet service,Two year,No,Mailed check,19.5,162.15,No,1,0,0,0,0,0,0,0,1,Below 1 year,0.06264029,10.157122534140944,Low Risk,Standard engagement
Male,No,No,Yes,Yes,No,No,No internet service,No internet service,No internet service,No internet service,No internet service,No internet service,Month-to-month,Yes,Mailed check,21.05,21.05,No,1,0,0,0,0,0,0,0,1,Below 1 year,0.6009659,12.650332555174828,Medium Risk,Promote long-term contract
Male,Yes,No,No,Yes,Yes,Fiber optic,No,No,Yes,No,Yes,Yes,Month-to-month,Yes,Electronic check,99.45,1200.15,Yes,1,1,0,0,1,0,1,1,5,Below 3 years,0.8871236,1064.6813702344896,High Risk - High Value,Priority retention offer
Male,No,Yes,No,Yes,Yes,Fiber optic,No,No,No,No,No,Yes,Month-to-month,Yes,Electronic check,85.15,1139.2,Yes,1,1,0,0,0,0,0,1,3,Below 3 years,0.8547284,973.7065940856934,High Risk - High Value,Priority retention offer
Female,No,Yes,No,Yes,Yes,Fiber optic,No,Yes,No,No,Yes,Yes,Month-to-month,Yes,Electronic check,102.0,1145.35,Yes,1,1,0,1,0,0,1,1,5,Below 1 year,0.87063,997.1761001229286,High Risk - High Value,Priority retention offer
Female,No,No,No,Yes,No,DSL,No,No,No,Yes,No,No,Month-to-month,Yes,Bank transfer (automatic),49.65,267.35,Yes,1,0,0,0,0,1,0,0,2,Below 1 year,0.544415,145.54934947490693,Medium Risk,Promote security service
Male,No,No,No,Yes,Yes,Fiber optic,Yes,No,No,Yes,No,Yes,One year,No,Credit card (automatic),97.65,6687.85,No,1,1,1,0,0,1,0,1,5,oldest Customers,0.20606914,1378.1595088258387,Low Risk,Standard engagement
Female,Yes,No,No,Yes,No,Fiber optic,Yes,No,No,No,No,No,Month-to-month,Yes,Credit card (automatic),73.55,2094.65,No,1,0,1,0,0,0,0,0,2,Below 3 years,0.5517273,1155.6755783081055,Medium Risk,Offer technical support
Female,No,Yes,Yes,Yes,No,No,No internet service,No internet service,No internet service,No internet service,No internet service,No internet service,Month-to-month,Yes,Mailed check,19.25,180.3,Yes,1,0,0,0,0,0,0,0,1,Below 1 year,0.2612316,47.10005770325661,Low Risk,Promote long-term contract
Female,Yes,Yes,No,Yes,Yes,Fiber optic,Yes,No,Yes,Yes,Yes,Yes,One year,Yes,Mailed check,109.55,4830.25,Yes,1,1,1,0,1,1,1,1,7,Below 5 years,0.4570232,2207.5363280922174,Medium Risk,Standard engagement
Female,No,Yes,No,Yes,Yes,DSL,Yes,Yes,Yes,No,No,Yes,One year,No,Mailed check,75.1,5064.45,No,1,1,1,1,1,0,0,1,6,oldest Customers,0.17724335,897.6400937139988,Low Risk,Offer technical support
Female,Yes,No,No,Yes,Yes,Fiber optic,No,No,No,No,No,No,Month-to-month,Yes,Electronic check,74.55,622.9,Yes,1,1,0,0,0,0,0,0,2,Below 1 year,0.8418211,524.3703472971916,High Risk - New Customer,Onboarding intervention
Female,No,No,No,Yes,No,DSL,Yes,Yes,No,Yes,No,No,Month-to-month,Yes,Mailed check,60.4,272.15,Yes,1,0,1,1,0,1,0,0,4,Below 1 year,0.42122126,114.63536489009856,Medium Risk,Promote long-term contract
Female,No,Yes,Yes,Yes,No,DSL,Yes,No,No,No,Yes,Yes,One year,Yes,Bank transfer (automatic),70.1,3913.3,Yes,1,0,1,0,0,0,1,1,4,Below 5 years,0.20929724,819.0428884327412,Low Risk,Offer technical support
Female,Yes,No,No,Yes,Yes,DSL,Yes,No,No,No,No,No,Month-to-month,Yes,Electronic check,55.6,580.8,No,1,1,1,0,0,0,0,0,3,Below 1 year,0.6237292,362.26193618774414,Medium Risk,Offer technical support
Male,No,No,Yes,Yes,Yes,Fiber optic,Yes,Yes,No,No,No,No,One year,Yes,Credit card (automatic),85.45,6028.95,No,1,1,1,1,0,0,0,0,4,oldest Customers,0.14279425,860.899402230978,Low Risk,Offer technical support
Male,Yes,Yes,No,Yes,Yes,Fiber optic,No,No,No,No,Yes,Yes,Month-to-month,Yes,Electronic check,94.45,2653.65,Yes,1,1,0,0,0,0,1,1,4,Below 3 years,0.8070816,2141.7120351970198,High Risk - High Value,Priority retention offer
Female,No,No,No,Yes,Yes,Fiber optic,No,No,No,No,No,No,Month-to-month,Yes,Electronic check,74.5,74.5,Yes,1,1,0,0,0,0,0,0,2,Below 1 year,0.9098592,67.78450894355774,High Risk - New Customer,Onboarding intervention
Male,Yes,Yes,No,Yes,Yes,Fiber optic,No,Yes,No,No,Yes,No,Month-to-month,Yes,Electronic check,89.95,6143.15,Yes,1,1,0,1,0,0,1,0,4,oldest Customers,0.58930874,3620.211978197098,Medium Risk,Promote security service
Female,No,No,No,No,No phone service,DSL,Yes,Yes,Yes,Yes,Yes,Yes,Two year,Yes,Bank transfer (automatic),62.5,4136.4,No,0,0,1,1,1,1,1,1,6,oldest Customers,0.05924383,245.05618578940627,Low Risk,Standard engagement
Female,Yes,Yes,No,Yes,Yes,Fiber optic,No,No,Yes,No,Yes,Yes,Month-to-month,Yes,Bank transfer (automatic),99.05,2952.85,Yes,1,1,0,0,1,0,1,1,5,Below 3 years,0.766194,2262.4559113800524,High Risk - High Value,Priority retention offer
Male,No,No,No,No,No phone service,DSL,No,No,Yes,No,Yes,No,One year,Yes,Electronic check,41.6,470.6,Yes,0,0,0,0,1,0,1,0,2,Below 1 year,0.3958332,186.27910121679307,Low Risk,Promote security service
Male,No,No,No,Yes,Yes,Fiber optic,No,Yes,No,No,Yes,Yes,Month-to-month,Yes,Electronic check,100.55,1415.55,Yes,1,1,0,1,0,0,1,1,5,Below 3 years,0.8665988,1226.713909998536,High Risk - High Value,Priority retention offer
Female,No,No,No,No,No phone service,DSL,Yes,No,Yes,Yes,Yes,Yes,Two year,No,Credit card (automatic),59.95,3921.1,No,0,0,1,0,1,1,1,1,5,oldest Customers,0.057750855,226.44687613360583,Low Risk,Standard engagement
Female,Yes,Yes,No,Yes,Yes,Fiber optic,No,Yes,No,No,No,No,Month-to-month,Yes,Electronic check,81.0,371.65,Yes,1,1,0,1,0,0,0,0,3,Below 1 year,0.85944414,319.4124151468277,High Risk - High Value,Priority retention offer
Female,Yes,No,No,Yes,Yes,Fiber optic,No,No,No,No,No,No,Month-to-month,Yes,Credit card (automatic),75.05,256.25,Yes,1,1,0,0,0,0,0,0,2,Below 1 year,0.8290339,212.4399397522211,High Risk - High Value,Priority retention offer
Male,Yes,Yes,No,No,No phone service,DSL,Yes,Yes,Yes,Yes,No,No,Two year,No,Credit card (automatic),46.35,3353.4,No,0,0,1,1,1,1,0,0,4,oldest Customers,0.07955182,266.7690847143531,Low Risk,Standard engagement
Female,No,No,Yes,No,No phone service,DSL,Yes,No,No,Yes,No,No,Two year,No,Bank transfer (automatic),35.05,844.45,No,0,0,1,0,0,1,0,0,2,Below 3 years,0.07063555,59.648189964517954,Low Risk,Standard engagement
Female,No,No,No,Yes,No,Fiber optic,No,No,Yes,No,No,No,Month-to-month,Yes,Credit card (automatic),74.8,3548.3,No,1,0,0,0,1,0,0,0,2,Below 5 years,0.40370247,1432.457466068864,Medium Risk,Promote security service
Female,No,Yes,Yes,Yes,Yes,Fiber optic,No,Yes,No,No,Yes,Yes,Month-to-month,Yes,Electronic check,97.95,384.5,Yes,1,1,0,1,0,0,1,1,5,Below 1 year,0.89039236,342.3558636009693,High Risk - High Value,Priority retention offer
Male,Yes,Yes,No,Yes,Yes,Fiber optic,No,No,No,No,Yes,Yes,Month-to-month,Yes,Electronic check,94.55,1899.65,Yes,1,1,0,0,0,0,1,1,4,Below 3 years,0.8287239,1574.2853708267212,High Risk - High Value,Priority retention offer
Female,No,Yes,Yes,Yes,No,Fiber optic,No,Yes,No,Yes,No,Yes,Month-to-month,Yes,Credit card (automatic),89.65,1208.35,Yes,1,0,0,1,0,1,0,1,4,Below 3 years,0.666241,805.0523004621267,Medium Risk,Promote security service
Male,No,No,No,Yes,No,Fiber optic,No,Yes,Yes,No,No,No,Month-to-month,Yes,Electronic check,78.25,1490.95,Yes,1,0,0,1,1,0,0,0,3,Below 3 years,0.7062056,1052.9172489523887,High Risk - High Value,Priority retention offer
Female,No,No,No,Yes,Yes,DSL,Yes,No,No,No,No,No,Month-to-month,Yes,Mailed check,55.7,899.8,Yes,1,1,1,0,0,0,0,0,3,Below 3 years,0.42704242,384.25277372598646,Medium Risk,Offer technical support
Male,No,No,No,Yes,No,Fiber optic,No,Yes,No,No,Yes,No,Month-to-month,Yes,Electronic check,85.35,489.45,Yes,1,0,0,1,0,0,1,0,3,Below 1 year,0.8607163,421.2775848716497,High Risk - High Value,Priority retention offer
Female,No,Yes,Yes,Yes,No,No,No internet service,No internet service,No internet service,No internet service,No internet service,No internet service,Two year,No,Electronic check,19.35,1263.85,No,1,0,0,0,0,0,0,0,1,oldest Customers,0.08681963,109.72698481418192,Low Risk,Standard engagement
Female,No,No,No,Yes,Yes,Fiber optic,No,No,Yes,No,Yes,Yes,Month-to-month,No,Electronic check,100.45,3096.9,No,1,1,0,0,1,0,1,1,5,Below 3 years,0.7670267,2375.4050566971305,High Risk - High Value,Priority retention offer
Female,Yes,Yes,Yes,Yes,No,Fiber optic,No,No,No,No,No,No,Month-to-month,Yes,Electronic check,69.25,69.25,Yes,1,0,0,0,0,0,0,0,1,Below 1 year,0.9059322,62.73580402135849,High Risk - New Customer,Onboarding intervention
Male,No,No,No,Yes,Yes,Fiber optic,No,No,Yes,No,Yes,Yes,Month-to-month,Yes,Electronic check,98.35,2515.3,Yes,1,1,0,0,1,0,1,1,5,Below 3 years,0.8411506,2115.7460584938526,High Risk - High Value,Priority retention offer
Female,No,Yes,No,Yes,Yes,Fiber optic,No,Yes,No,No,No,Yes,Month-to-month,Yes,Electronic check,89.1,1620.8,No,1,1,0,1,0,0,0,1,4,Below 3 years,0.760735,1232.9992480278015,High Risk - High Value,Priority retention offer
Female,No,Yes,No,Yes,No,DSL,No,Yes,Yes,Yes,Yes,Yes,Two year,Yes,Credit card (automatic),80.7,5705.05,No,1,0,0,1,1,1,1,1,6,oldest Customers,0.08218518,468.8705554261804,Low Risk,Promote security service
Female,No,Yes,No,Yes,No,DSL,Yes,No,Yes,Yes,No,No,Two year,No,Credit card (automatic),58.9,3857.1,No,1,0,1,0,1,1,0,0,4,oldest Customers,0.06023185,232.32026690393687,Low Risk,Standard engagement
Male,No,Yes,Yes,Yes,Yes,Fiber optic,Yes,Yes,No,No,Yes,Yes,One year,No,Electronic check,106.1,2847.4,Yes,1,1,1,1,0,0,1,1,6,Below 3 years,0.52067083,1482.558124768734,Medium Risk,Offer technical support
Female,No,Yes,No,Yes,Yes,Fiber optic,Yes,Yes,Yes,No,Yes,No,Month-to-month,Yes,Electronic check,98.75,4533.7,Yes,1,1,1,1,1,0,1,0,6,Below 5 years,0.64503384,2924.3899039268495,Medium Risk,Offer technical support
Female,No,Yes,No,Yes,No,Fiber optic,Yes,No,No,No,Yes,Yes,Month-to-month,Yes,Mailed check,92.35,2602.9,Yes,1,0,1,0,0,0,1,1,4,Below 3 years,0.64198565,1671.0244609594345,Medium Risk,Offer technical support
Male,No,No,No,Yes,No,DSL,Yes,No,No,No,No,No,Month-to-month,No,Mailed check,50.35,1411.35,No,1,0,1,0,0,0,0,0,2,Below 3 years,0.30490556,430.3284671768546,Low Risk,Offer technical support
Female,Yes,No,No,Yes,Yes,Fiber optic,Yes,Yes,Yes,No,Yes,Yes,Month-to-month,Yes,Electronic check,113.2,4689.5,Yes,1,1,1,1,1,0,1,1,7,Below 5 years,0.7080291,3320.3024239242077,High Risk - High Value,Priority retention offer
Female,No,Yes,Yes,Yes,No,Fiber optic,No,Yes,No,No,Yes,No,Month-to-month,Yes,Electronic check,83.55,680.05,Yes,1,0,0,1,0,0,1,0,3,Below 1 year,0.8320649,565.8457533508539,High Risk - High Value,Priority retention offer
Female,No,No,No,Yes,No,No,No internet service,No internet service,No internet service,No internet service,No internet service,No internet service,One year,No,Mailed check,20.0,211.95,No,1,0,0,0,0,0,0,0,1,Below 1 year,0.107861266,22.861195231229065,Low Risk,Standard engagement
Male,No,No,No,Yes,Yes,Fiber optic,No,No,No,No,Yes,No,Month-to-month,Yes,Electronic check,84.45,1059.55,Yes,1,1,0,0,0,0,1,0,3,Below 3 years,0.85654557,907.5528560578823,High Risk - High Value,Priority retention offer
Female,Yes,No,No,Yes,Yes,Fiber optic,No,Yes,Yes,No,Yes,Yes,Month-to-month,Yes,Electronic check,104.1,3121.1,No,1,1,0,1,1,0,1,1,6,Below 3 years,0.811735,2533.506028550863,High Risk - High Value,Priority retention offer
Male,No,No,No,Yes,Yes,Fiber optic,No,No,No,No,No,Yes,Month-to-month,Yes,Bank transfer (automatic),86.0,1532.45,Yes,1,1,0,0,0,0,0,1,3,Below 3 years,0.66246617,1015.1962797701359,Medium Risk,Promote security service
Female,No,Yes,No,Yes,No,Fiber optic,Yes,Yes,Yes,Yes,Yes,Yes,One year,No,Electronic check,110.5,5835.5,No,1,0,1,1,1,1,1,1,7,Below 5 years,0.4351724,2539.4485916644335,Medium Risk,Standard engagement
Male,No,No,No,Yes,No,No,No internet service,No internet service,No internet service,No internet service,No internet service,No internet service,Two year,No,Mailed check,20.8,1212.25,No,1,0,0,0,0,0,0,0,1,Below 5 years,0.048584655,58.896747935563326,Low Risk,Standard engagement
Female,Yes,No,No,Yes,No,DSL,No,No,No,Yes,Yes,No,Month-to-month,No,Electronic check,59.4,1023.9,Yes,1,0,0,0,0,1,1,0,3,Below 3 years,0.5983898,612.6913206875324,Medium Risk,Promote security service
Male,No,No,No,Yes,No,DSL,Yes,No,No,Yes,No,No,Month-to-month,Yes,Electronic check,53.95,53.95,Yes,1,0,1,0,0,1,0,0,3,Below 1 year,0.73078084,39.42562631368637,High Risk - New Customer,Onboarding intervention
Male,No,No,No,Yes,No,DSL,No,No,Yes,No,No,No,Month-to-month,No,Bank transfer (automatic),48.95,1323.7,No,1,0,0,0,1,0,0,0,2,Below 3 years,0.33229962,439.86500687897205,Low Risk,Promote security service
Male,Yes,No,No,Yes,No,Fiber optic,No,No,No,No,Yes,Yes,Month-to-month,Yes,Electronic check,89.5,477.7,Yes,1,0,0,0,0,0,1,1,3,Below 1 year,0.8799161,420.3359075427055,High Risk - High Value,Priority retention offer
Male,Yes,Yes,No,Yes,Yes,Fiber optic,No,No,Yes,No,Yes,Yes,Month-to-month,Yes,Electronic check,99.25,665.45,Yes,1,1,0,0,1,0,1,1,5,Below 1 year,0.8965742,596.6253008574248,High Risk - High Value,Priority retention offer
Female,No,No,No,Yes,No,DSL,Yes,No,No,No,No,No,Month-to-month,No,Mailed check,50.95,123.05,No,1,0,1,0,0,0,0,0,2,Below 1 year,0.6072374,74.7205619007349,Medium Risk,Offer technical support
Female,No,No,No,Yes,No,Fiber optic,Yes,No,No,No,Yes,No,Month-to-month,Yes,Mailed check,84.7,832.05,Yes,1,0,1,0,0,0,1,0,3,Below 1 year,0.66402906,552.5053808659314,Medium Risk,Offer technical support
Male,No,Yes,No,Yes,Yes,Fiber optic,Yes,Yes,Yes,No,Yes,Yes,One year,No,Credit card (automatic),109.9,7332.4,No,1,1,1,1,1,0,1,1,7,oldest Customers,0.40856594,2995.768887257576,Medium Risk,Offer technical support
Female,Yes,Yes,No,Yes,Yes,Fiber optic,Yes,Yes,Yes,Yes,No,No,Two year,Yes,Bank transfer (automatic),96.6,6827.5,No,1,1,1,1,1,1,0,0,6,oldest Customers,0.11393055,777.860851958394,Low Risk,Standard engagement
Female,Yes,No,No,Yes,No,No,No internet service,No internet service,No internet service,No internet service,No internet service,No internet service,Month-to-month,Yes,Mailed check,20.3,459.95,No,1,0,0,0,0,0,0,0,1,Below 3 years,0.2439536,112.20645856186748,Low Risk,Promote long-term contract
Female,Yes,Yes,No,Yes,Yes,Fiber optic,No,Yes,Yes,No,No,Yes,Month-to-month,Yes,Electronic check,94.25,3217.55,Yes,1,1,0,1,1,0,0,1,5,Below 3 years,0.74992424,2412.918746444583,High Risk - High Value,Priority retention offer
Male,No,Yes,Yes,Yes,No,Fiber optic,No,No,No,No,No,No,Month-to-month,Yes,Bank transfer (automatic),69.75,2347.9,Yes,1,0,0,0,0,0,0,0,1,Below 3 years,0.5049909,1185.6680771052838,Medium Risk,Promote security service
Male,No,Yes,Yes,Yes,Yes,DSL,Yes,Yes,Yes,Yes,Yes,Yes,Two year,Yes,Credit card (automatic),92.2,6392.85,No,1,1,1,1,1,1,1,1,8,oldest Customers,0.10200879,652.1268917307258,Low Risk,Standard engagement
Male,No,Yes,Yes,Yes,Yes,Fiber optic,Yes,Yes,Yes,Yes,Yes,Yes,Two year,Yes,Bank transfer (automatic),114.0,8175.9,No,1,1,1,1,1,1,1,1,8,oldest Customers,0.11540728,943.5583856530487,Low Risk,Standard engagement
Female,No,No,Yes,Yes,No,No,No internet service,No internet service,No internet service,No internet service,No internet service,No internet service,One year,No,Mailed check,19.65,270.6,No,1,0,0,0,0,0,0,0,1,Below 3 years,0.10332461,27.959638658165932,Low Risk,Standard engagement
Female,Yes,No,No,Yes,Yes,Fiber optic,No,No,Yes,No,No,No,Month-to-month,Yes,Credit card (automatic),82.65,1470.05,No,1,1,0,0,1,0,0,0,3,Below 3 years,0.6131017,901.2901846766472,Medium Risk,Promote security service
Female,Yes,Yes,No,Yes,Yes,Fiber optic,Yes,Yes,Yes,Yes,Yes,Yes,Two year,Yes,Bank transfer (automatic),116.05,6925.9,No,1,1,1,1,1,1,1,1,8,oldest Customers,0.25257573,1749.3142159730196,Low Risk,Standard engagement
Female,No,No,No,Yes,Yes,Fiber optic,Yes,No,No,No,No,No,Month-to-month,Yes,Bank transfer (automatic),79.8,4526.85,No,1,1,1,0,0,0,0,0,3,Below 5 years,0.3332986,1508.7927391603591,Low Risk,Offer technical support
Female,Yes,No,No,Yes,Yes,Fiber optic,No,Yes,No,No,No,No,Month-to-month,Yes,Electronic check,79.4,205.05,Yes,1,1,0,1,0,0,0,0,3,Below 1 year,0.8795363,180.34891238808632,High Risk - High Value,Priority retention offer
Female,No,No,Yes,Yes,Yes,Fiber optic,No,No,Yes,No,Yes,Yes,One year,Yes,Electronic check,100.15,6413.65,Yes,1,1,0,0,1,0,1,1,5,oldest Customers,0.53256935,3415.713404008746,Medium Risk,Promote security service
Male,No,Yes,Yes,Yes,No,DSL,Yes,Yes,No,No,No,No,Two year,Yes,Bank transfer (automatic),54.2,3838.2,No,1,0,1,1,0,0,0,0,3,oldest Customers,0.066417985,254.92550873905418,Low Risk,Offer technical support
Male,No,Yes,Yes,No,No phone service,DSL,Yes,Yes,Yes,No,No,No,Month-to-month,No,Bank transfer (automatic),40.2,1448.8,Yes,0,0,1,1,1,0,0,0,3,Below 5 years,0.31458464,455.77023026943203,Low Risk,Offer technical support
Female,Yes,No,No,Yes,Yes,Fiber optic,No,No,Yes,Yes,Yes,Yes,One year,Yes,Electronic check,106.0,6441.4,Yes,1,1,0,0,1,1,1,1,6,oldest Customers,0.5493436,3538.541774654388,Medium Risk,Promote security service
Female,No,Yes,Yes,No,No phone service,DSL,Yes,No,No,Yes,No,No,Two year,No,Credit card (automatic),35.7,2545.7,No,0,0,1,0,0,1,0,0,2,oldest Customers,0.06080107,154.78128436617553,Low Risk,Standard engagement
Male,No,Yes,Yes,Yes,No,Fiber optic,No,No,No,Yes,Yes,Yes,Two year,Yes,Credit card (automatic),95.2,6671.7,No,1,0,0,0,0,1,1,1,4,oldest Customers,0.20965633,1398.7641232699154,Low Risk,Promote security service
Female,No,Yes,Yes,Yes,No,No,No internet service,No internet service,No internet service,No internet service,No internet service,No internet service,One year,No,Mailed check,19.55,294.5,No,1,0,0,0,0,0,0,0,1,Below 3 years,0.10332461,30.42909676581621,Low Risk,Standard engagement
Female,No,Yes,No,No,No phone service,DSL,Yes,No,Yes,Yes,No,Yes,Two year,Yes,Bank transfer (automatic),49.85,3370.2,No,0,0,1,0,1,1,0,1,4,oldest Customers,0.058787555,198.1258161842823,Low Risk,Standard engagement
Male,Yes,Yes,No,Yes,Yes,Fiber optic,Yes,Yes,Yes,No,Yes,Yes,One year,Yes,Electronic check,108.85,6287.25,Yes,1,1,1,1,1,0,1,1,7,Below 5 years,0.5171426,3251.404773250222,Medium Risk,Offer technical support
Male,No,No,No,Yes,No,DSL,No,No,Yes,No,No,No,Month-to-month,Yes,Electronic check,49.15,169.05,Yes,1,0,0,0,1,0,0,0,2,Below 1 year,0.81660706,138.04742316305638,High Risk - New Customer,Onboarding intervention
Female,No,No,No,Yes,Yes,No,No internet service,No internet service,No internet service,No internet service,No internet service,No internet service,Two year,No,Credit card (automatic),24.6,1678.05,No,1,1,0,0,0,0,0,0,2,oldest Customers,0.050613612,84.93217151015996,Low Risk,Standard engagement
Female,Yes,No,No,Yes,Yes,Fiber optic,No,No,No,No,Yes,Yes,Month-to-month,Yes,Electronic check,95.05,1290.0,Yes,1,1,0,0,0,0,1,1,4,Below 3 years,0.87555677,1129.4682294130325,High Risk - High Value,Priority retention offer
Male,No,Yes,Yes,Yes,No,DSL,No,Yes,No,Yes,Yes,Yes,Two year,Yes,Credit card (automatic),73.35,5154.5,No,1,0,0,1,0,1,1,1,5,oldest Customers,0.08579541,442.2324407286942,Low Risk,Promote security service
Male,No,Yes,Yes,Yes,Yes,No,No internet service,No internet service,No internet service,No internet service,No internet service,No internet service,Two year,Yes,Credit card (automatic),25.3,1672.35,No,1,1,0,0,0,0,0,0,2,oldest Customers,0.051961627,86.89802667517215,Low Risk,Standard engagement
Male,No,No,No,Yes,No,No,No internet service,No internet service,No internet service,No internet service,No internet service,No internet service,Two year,No,Credit card (automatic),19.85,470.0,No,1,0,0,0,0,0,0,0,1,Below 3 years,0.05269063,24.764595590531826,Low Risk,Standard engagement
Male,No,Yes,Yes,Yes,Yes,No,No internet service,No internet service,No internet service,No internet service,No internet service,No internet service,Two year,No,Mailed check,25.75,1686.15,No,1,1,0,0,0,0,0,0,2,oldest Customers,0.049349412,83.21051158681513,Low Risk,Standard engagement
Female,No,No,Yes,Yes,No,No,No internet service,No internet service,No internet service,No internet service,No internet service,No internet service,Two year,No,Mailed check,19.9,868.1,No,1,0,0,0,0,0,0,0,1,Below 5 years,0.047758948,41.459542809054255,Low Risk,Standard engagement
Male,No,Yes,Yes,Yes,Yes,Fiber optic,No,No,No,No,No,No,Month-to-month,Yes,Bank transfer (automatic),74.9,1107.25,Yes,1,1,0,0,0,0,0,0,2,Below 3 years,0.65455115,724.7517590820789,Medium Risk,Promote security service
Male,No,Yes,No,Yes,Yes,Fiber optic,Yes,Yes,Yes,Yes,Yes,Yes,Two year,Yes,Credit card (automatic),116.95,8594.4,No,1,1,1,1,1,1,1,1,8,oldest Customers,0.096856624,832.4245683431625,Low Risk,Standard engagement
Male,No,No,No,Yes,No,No,No internet service,No internet service,No internet service,No internet service,No internet service,No internet service,Month-to-month,Yes,Mailed check,19.75,19.75,No,1,0,0,0,0,0,0,0,1,Below 1 year,0.6063728,11.97586227953434,Medium Risk,Promote long-term contract
Female,Yes,Yes,No,Yes,No,DSL,Yes,No,No,No,No,No,Month-to-month,Yes,Electronic check,49.55,49.55,Yes,1,0,1,0,0,0,0,0,2,Below 1 year,0.81363887,40.315805807709694,High Risk - New Customer,Onboarding intervention
Male,Yes,Yes,No,Yes,Yes,Fiber optic,No,No,Yes,No,Yes,Yes,Month-to-month,Yes,Electronic check,98.75,1587.55,Yes,1,1,0,0,1,0,1,1,5,Below 3 years,0.86739254,1377.0290268421172,High Risk - High Value,Priority retention offer
Female,No,No,No,No,No phone service,DSL,No,No,No,No,Yes,Yes,Month-to-month,Yes,Credit card (automatic),44.85,2564.95,No,0,0,0,0,0,0,1,1,2,Below 5 years,0.45865214,1176.4198031842707,Medium Risk,Promote security service
Female,Yes,Yes,No,Yes,Yes,Fiber optic,No,No,No,No,No,Yes,Month-to-month,Yes,Electronic check,84.55,646.85,Yes,1,1,0,0,0,0,0,1,3,Below 1 year,0.8799633,569.2042468726635,High Risk - High Value,Priority retention offer
Female,No,No,No,Yes,No,Fiber optic,No,No,No,No,No,No,Month-to-month,Yes,Electronic check,70.3,70.3,Yes,1,0,0,0,0,0,0,0,1,Below 1 year,0.9074568,63.79421411156654,High Risk - New Customer,Onboarding intervention
Male,No,No,No,Yes,No,DSL,No,No,No,No,No,No,Month-to-month,No,Mailed check,45.85,81.0,Yes,1,0,0,0,0,0,0,0,1,Below 1 year,0.7222624,58.50325298309326,High Risk - New Customer,Onboarding intervention
Male,No,No,No,Yes,Yes,Fiber optic,No,Yes,Yes,No,Yes,Yes,Month-to-month,No,Mailed check,107.95,313.6,No,1,1,0,1,1,0,1,1,6,Below 1 year,0.7242095,227.11209526062012,High Risk - High Value,Priority retention offer
Female,No,Yes,No,Yes,Yes,Fiber optic,No,No,Yes,Yes,Yes,No,Month-to-month,No,Electronic check,93.35,5386.5,No,1,1,0,0,1,1,1,0,5,Below 5 years,0.38269758,2061.4005267620087,Low Risk,Promote security service
Female,No,No,No,Yes,Yes,Fiber optic,No,No,Yes,No,Yes,Yes,Month-to-month,Yes,Bank transfer (automatic),97.85,1105.4,Yes,1,1,0,0,1,0,1,1,5,Below 1 year,0.8262505,913.3372955441475,High Risk - High Value,Priority retention offer
Male,No,Yes,Yes,No,No phone service,DSL,Yes,Yes,Yes,Yes,Yes,Yes,Two year,Yes,Credit card (automatic),65.1,4754.3,No,0,0,1,1,1,1,1,1,6,oldest Customers,0.054067984,257.05541739314793,Low Risk,Standard engagement
Male,No,No,No,No,No phone service,DSL,No,No,No,No,No,No,Month-to-month,Yes,Mailed check,24.6,190.1,No,0,0,0,0,0,0,0,0,0,Below 1 year,0.56789833,107.95747311711311,Medium Risk,Promote security service
Female,Yes,No,No,Yes,Yes,DSL,Yes,No,Yes,Yes,No,Yes,Two year,No,Bank transfer (automatic),73.25,4054.2,No,1,1,1,0,1,1,0,1,6,Below 5 years,0.08514349,345.1887437492609,Low Risk,Standard engagement
Male,No,Yes,No,Yes,Yes,DSL,Yes,Yes,Yes,Yes,Yes,No,Two year,No,Mailed check,79.15,5536.5,No,1,1,1,1,1,1,1,0,7,oldest Customers,0.08253322,456.94516127184033,Low Risk,Standard engagement
Female,No,Yes,No,Yes,Yes,Fiber optic,Yes,Yes,No,Yes,Yes,Yes,One year,No,Electronic check,108.55,5610.7,Yes,1,1,1,1,0,1,1,1,7,Below 5 years,0.46497157,2608.815999922156,Medium Risk,Standard engagement
Female,Yes,No,No,Yes,No,DSL,Yes,Yes,No,No,No,No,Month-to-month,No,Mailed check,54.85,104.2,Yes,1,0,1,1,0,0,0,0,3,Below 1 year,0.62224317,64.83773789405824,Medium Risk,Offer technical support
Female,No,Yes,Yes,Yes,Yes,No,No internet service,No internet service,No internet service,No internet service,No internet service,No internet service,One year,No,Credit card (automatic),24.15,800.3,No,1,1,0,0,0,0,0,0,2,Below 3 years,0.10638973,85.14370185434818,Low Risk,Standard engagement
Female,No,No,No,Yes,Yes,Fiber optic,No,No,No,No,No,No,Month-to-month,No,Electronic check,75.35,338.1,Yes,1,1,0,0,0,0,0,0,2,Below 1 year,0.8434107,285.157147783041,High Risk - High Value,Priority retention offer
Male,No,No,No,Yes,No,DSL,No,Yes,No,Yes,Yes,No,Month-to-month,Yes,Bank transfer (automatic),63.75,226.2,No,1,0,0,1,0,1,1,0,4,Below 1 year,0.51818705,117.21390981674193,Medium Risk,Promote security service
Female,Yes,No,No,Yes,No,Fiber optic,No,No,No,No,Yes,Yes,Month-to-month,Yes,Electronic check,91.3,91.3,Yes,1,0,0,0,0,0,1,1,3,Below 1 year,0.9294727,84.86085612773896,High Risk - High Value,Priority retention offer
Female,No,No,No,Yes,No,DSL,No,Yes,No,No,No,No,Month-to-month,Yes,Mailed check,49.6,114.7,Yes,1,0,0,1,0,0,0,0,2,Below 1 year,0.7552362,86.62559310793877,High Risk - New Customer,Onboarding intervention
Female,Yes,No,No,Yes,Yes,Fiber optic,No,No,Yes,No,No,No,Month-to-month,Yes,Electronic check,78.05,2135.5,Yes,1,1,0,0,1,0,0,0,3,Below 3 years,0.75359213,1609.296001136303,High Risk - High Value,Priority retention offer
Female,No,Yes,No,Yes,Yes,Fiber optic,No,No,Yes,No,No,Yes,Month-to-month,No,Mailed check,89.65,1761.05,Yes,1,1,0,0,1,0,0,1,4,Below 3 years,0.5864592,1032.7840084224938,Medium Risk,Promote security service
Male,No,Yes,Yes,Yes,No,DSL,Yes,No,No,Yes,Yes,Yes,Two year,Yes,Bank transfer (automatic),74.8,4820.15,Yes,1,0,1,0,0,1,1,1,5,oldest Customers,0.07365434,355.02496076896784,Low Risk,Standard engagement
Male,No,Yes,Yes,Yes,Yes,Fiber optic,Yes,No,Yes,No,Yes,No,One year,No,Bank transfer (automatic),98.05,3082.1,No,1,1,1,0,1,0,1,0,5,Below 3 years,0.2792833,860.779013133049,Low Risk,Offer technical support
Female,No,No,No,Yes,No,Fiber optic,No,No,Yes,Yes,No,No,Month-to-month,No,Credit card (automatic),80.1,217.55,Yes,1,0,0,0,1,1,0,0,3,Below 1 year,0.75097704,163.37505490779878,High Risk - High Value,Priority retention offer
Female,No,Yes,Yes,Yes,Yes,Fiber optic,No,Yes,Yes,No,Yes,Yes,Month-to-month,Yes,Bank transfer (automatic),105.85,2239.65,Yes,1,1,0,1,1,0,1,1,6,Below 3 years,0.7251375,1624.054139506817,High Risk - High Value,Priority retention offer
Female,No,No,No,Yes,Yes,Fiber optic,No,Yes,Yes,No,Yes,Yes,Month-to-month,Yes,Electronic check,105.9,6396.45,Yes,1,1,0,1,1,0,1,1,6,oldest Customers,0.6960619,4452.3251990944145,Medium Risk,Promote security service
Male,No,Yes,Yes,Yes,No,Fiber optic,No,Yes,Yes,No,Yes,Yes,One year,Yes,Credit card (automatic),97.55,5598.0,No,1,0,0,1,1,0,1,1,5,Below 5 years,0.32285258,1807.3287525773048,Low Risk,Promote security service
Male,No,Yes,Yes,Yes,No,No,No internet service,No internet service,No internet service,No internet service,No internet service,No internet service,Two year,No,Bank transfer (automatic),19.95,1377.7,No,1,0,0,0,0,0,0,0,1,oldest Customers,0.044513457,61.326189052313566,Low Risk,Standard engagement
Male,No,Yes,No,Yes,No,No,No internet service,No internet service,No internet service,No internet service,No internet service,No internet service,Two year,No,Credit card (automatic),20.05,679.0,No,1,0,0,0,0,0,0,0,1,Below 3 years,0.052506976,35.652236588299274,Low Risk,Standard engagement
Female,No,Yes,No,Yes,Yes,Fiber optic,Yes,No,No,No,No,No,Month-to-month,No,Electronic check,78.9,1348.95,No,1,1,1,0,0,0,0,0,3,Below 3 years,0.63248765,853.1942217886448,Medium Risk,Offer technical support
Male,No,No,No,Yes,Yes,Fiber optic,Yes,Yes,No,No,Yes,Yes,Month-to-month,Yes,Electronic check,106.4,4040.65,No,1,1,1,1,0,0,1,1,6,Below 5 years,0.6896055,2786.4543604254723,Medium Risk,Offer technical support
Female,No,No,No,Yes,No,DSL,No,No,Yes,No,No,No,Month-to-month,Yes,Credit card (automatic),49.3,1233.25,No,1,0,0,0,1,0,0,0,2,Below 3 years,0.3771832,465.1611800789833,Low Risk,Promote security service
Male,Yes,Yes,No,No,No phone service,DSL,No,Yes,Yes,Yes,Yes,Yes,One year,Yes,Bank transfer (automatic),59.9,2816.65,Yes,0,0,0,1,1,1,1,1,5,Below 5 years,0.35180902,990.9228897333145,Low Risk,Promote security service
Male,No,No,No,Yes,Yes,Fiber optic,No,No,No,No,Yes,Yes,Month-to-month,No,Mailed check,95.0,655.5,Yes,1,1,0,0,0,0,1,1,4,Below 1 year,0.7830247,513.2727093994617,High Risk - High Value,Priority retention offer
Female,Yes,Yes,No,Yes,No,Fiber optic,Yes,No,No,No,Yes,Yes,Month-to-month,Yes,Electronic check,95.1,2326.05,No,1,0,1,0,0,0,1,1,4,Below 3 years,0.78904825,1835.365692356229,High Risk - High Value,Priority retention offer
Male,No,Yes,Yes,Yes,No,DSL,Yes,No,No,No,No,No,One year,Yes,Electronic check,49.75,331.3,Yes,1,0,1,0,0,0,0,0,2,Below 1 year,0.21237485,70.359788171947,Low Risk,Offer technical support
Male,No,No,No,Yes,No,Fiber optic,No,No,No,No,No,No,Month-to-month,Yes,Electronic check,69.8,69.8,Yes,1,0,0,0,0,0,0,0,1,Below 1 year,0.90464145,63.14397317171097,High Risk - New Customer,Onboarding intervention
Male,No,No,No,Yes,Yes,DSL,No,No,No,No,No,No,One year,Yes,Credit card (automatic),51.55,1295.4,No,1,1,0,0,0,0,0,0,2,Below 3 years,0.20802256,269.4724302470684,Low Risk,Promote security service
Female,No,No,No,Yes,No,Fiber optic,No,No,Yes,No,No,No,Month-to-month,No,Electronic check,76.35,76.35,Yes,1,0,0,0,1,0,0,0,2,Below 1 year,0.89862686,68.61016106307505,High Risk - High Value,Priority retention offer
Male,No,No,No,Yes,Yes,Fiber optic,No,Yes,Yes,No,Yes,Yes,Month-to-month,Yes,Electronic check,103.05,5364.8,No,1,1,0,1,1,0,1,1,6,Below 5 years,0.7497996,4022.5249433517456,High Risk - High Value,Priority retention offer
Male,No,Yes,Yes,Yes,No,No,No internet service,No internet service,No internet service,No internet service,No internet service,No internet service,Two year,No,Mailed check,19.35,867.3,No,1,0,0,0,0,0,0,0,1,Below 5 years,0.060551826,52.51659861244261,Low Risk,Standard engagement
Female,No,No,No,Yes,No,Fiber optic,Yes,No,Yes,No,Yes,No,Month-to-month,Yes,Bank transfer (automatic),89.4,1871.15,No,1,0,1,0,1,0,1,0,4,Below 3 years,0.60926443,1140.0251445263625,Medium Risk,Offer technical support
Female,No,Yes,No,No,No phone service,DSL,Yes,No,Yes,Yes,Yes,Yes,Two year,No,Bank transfer (automatic),59.55,2016.3,No,0,0,1,0,1,1,1,1,5,Below 3 years,0.06473221,130.51955270022154,Low Risk,Standard engagement
Female,Yes,No,No,Yes,No,Fiber optic,Yes,No,No,No,No,No,Month-to-month,No,Bank transfer (automatic),76.45,503.6,Yes,1,0,1,0,0,0,0,0,2,Below 1 year,0.68011594,342.50638647079467,Medium Risk,Offer technical support
Male,No,Yes,No,Yes,No,Fiber optic,No,No,Yes,No,Yes,Yes,Month-to-month,Yes,Electronic check,94.65,6747.35,No,1,0,0,0,1,0,1,1,4,oldest Customers,0.524349,3537.966051256657,Medium Risk,Promote security service
Female,Yes,No,No,Yes,Yes,Fiber optic,No,No,Yes,No,Yes,No,Month-to-month,Yes,Electronic check,89.2,346.2,Yes,1,1,0,0,1,0,1,0,4,Below 1 year,0.8949521,309.832423388958,High Risk - High Value,Priority retention offer
Female,No,Yes,Yes,Yes,No,No,No internet service,No internet service,No internet service,No internet service,No internet service,No internet service,Two year,No,Credit card (automatic),20.3,1160.75,No,1,0,0,0,0,0,0,0,1,Below 5 years,0.047237393,54.83080336172134,Low Risk,Standard engagement
Male,No,No,No,Yes,No,Fiber optic,No,No,Yes,No,No,Yes,Month-to-month,No,Electronic check,86.05,308.1,No,1,0,0,0,1,0,0,1,3,Below 1 year,0.85900205,264.658532756567,High Risk - High Value,Priority retention offer
Female,No,Yes,Yes,Yes,No,No,No internet service,No internet service,No internet service,No internet service,No internet service,No internet service,Month-to-month,Yes,Credit card (automatic),20.15,20.15,Yes,1,0,0,0,0,0,0,0,1,Below 1 year,0.6397345,12.890650308132171,Medium Risk,Promote long-term contract
Male,No,Yes,Yes,No,No phone service,DSL,No,No,Yes,Yes,Yes,Yes,Two year,No,Bank transfer (automatic),54.65,3632.0,No,0,0,0,0,1,1,1,1,4,oldest Customers,0.08299012,301.42010629177094,Low Risk,Promote security service
Female,No,No,No,Yes,No,Fiber optic,No,Yes,No,No,No,No,Month-to-month,Yes,Electronic check,74.7,74.7,Yes,1,0,0,1,0,0,0,0,2,Below 1 year,0.90245664,67.41351109743118,High Risk - New Customer,Onboarding intervention
Female,No,No,No,Yes,Yes,Fiber optic,No,No,Yes,No,No,No,Month-to-month,No,Mailed check,80.6,155.8,Yes,1,1,0,0,1,0,0,0,3,Below 1 year,0.81073046,126.31180524826051,High Risk - High Value,Priority retention offer
Female,No,No,No,Yes,No,DSL,Yes,No,No,No,No,No,One year,Yes,Electronic check,47.85,1886.4,No,1,0,1,0,0,0,0,0,2,Below 5 years,0.17088957,322.36608731746674,Low Risk,Offer technical support
Female,No,No,No,Yes,No,Fiber optic,No,No,Yes,No,No,Yes,Month-to-month,Yes,Credit card (automatic),82.85,319.6,No,1,0,0,0,1,0,0,1,3,Below 1 year,0.8196802,261.96979637146,High Risk - High Value,Priority retention offer
Female,No,No,No,Yes,No,No,No internet service,No internet service,No internet service,No internet service,No internet service,No internet service,Two year,No,Credit card (automatic),19.4,1023.95,No,1,0,0,0,0,0,0,0,1,Below 5 years,0.053922135,55.213570525310935,Low Risk,Standard engagement
Male,No,No,No,Yes,No,Fiber optic,No,No,No,No,Yes,Yes,Month-to-month,Yes,Electronic check,89.1,89.1,Yes,1,0,0,0,0,0,1,1,3,Below 1 year,0.9247921,82.39897708296775,High Risk - High Value,Priority retention offer
Female,Yes,No,No,Yes,No,DSL,No,No,No,No,No,No,Month-to-month,No,Electronic check,45.0,127.1,Yes,1,0,0,0,0,0,0,0,1,Below 1 year,0.8126596,103.28903785943984,High Risk - New Customer,Onboarding intervention
Male,No,No,No,Yes,Yes,Fiber optic,No,No,No,No,No,Yes,Month-to-month,Yes,Electronic check,84.75,3050.15,Yes,1,1,0,0,0,0,0,1,3,Below 5 years,0.7514145,2291.9268695384267,High Risk - High Value,Priority retention offer
Male,No,No,No,Yes,No,Fiber optic,No,No,Yes,No,Yes,Yes,Month-to-month,No,Electronic check,94.95,178.1,Yes,1,0,0,0,1,0,1,1,4,Below 1 year,0.8888766,158.3089254796505,High Risk - High Value,Priority retention offer
Female,Yes,No,No,Yes,No,Fiber optic,No,No,No,No,No,Yes,Month-to-month,No,Electronic check,78.95,378.4,Yes,1,0,0,0,0,0,0,1,2,Below 1 year,0.8447901,319.66857423782346,High Risk - High Value,Priority retention offer
Female,Yes,No,No,Yes,Yes,Fiber optic,No,Yes,No,No,Yes,Yes,Month-to-month,Yes,Electronic check,98.25,560.6,Yes,1,1,0,1,0,0,1,1,5,Below 1 year,0.89443564,501.4206221103668,High Risk - High Value,Priority retention offer
Male,No,Yes,No,Yes,Yes,Fiber optic,Yes,Yes,No,No,No,Yes,Month-to-month,Yes,Credit card (automatic),94.4,4914.9,No,1,1,1,1,0,0,0,1,5,Below 5 years,0.44156015,2170.223977267742,Medium Risk,Offer technical support
Male,Yes,Yes,Yes,Yes,Yes,Fiber optic,No,No,Yes,No,Yes,Yes,Month-to-month,Yes,Credit card (automatic),99.5,6822.15,Yes,1,1,0,0,1,0,1,1,5,oldest Customers,0.67940086,4634.9745856672525,Medium Risk,Promote security service
Male,No,No,No,Yes,Yes,Fiber optic,No,No,No,No,No,No,Month-to-month,Yes,Electronic check,74.4,229.55,Yes,1,1,0,0,0,0,0,0,2,Below 1 year,0.8768622,201.28372441828253,High Risk - New Customer,Onboarding intervention
Female,Yes,No,No,Yes,No,Fiber optic,No,No,No,No,No,No,Month-to-month,Yes,Electronic check,69.6,69.6,Yes,1,0,0,0,0,0,0,0,1,Below 1 year,0.9076254,63.17072625160217,High Risk - New Customer,Onboarding intervention
Male,No,No,No,Yes,No,No,No internet service,No internet service,No internet service,No internet service,No internet service,No internet service,Two year,No,Credit card (automatic),19.85,916.0,No,1,0,0,0,0,0,0,0,1,Below 5 years,0.04937617,45.228572711348534,Low Risk,Standard engagement
Female,No,Yes,Yes,Yes,No,Fiber optic,No,No,No,No,No,Yes,Month-to-month,No,Electronic check,80.85,302.75,Yes,1,0,0,0,0,0,0,1,2,Below 1 year,0.8638845,261.5410349816084,High Risk - High Value,Priority retention offer
Male,No,No,No,Yes,No,Fiber optic,No,No,No,Yes,Yes,Yes,Month-to-month,Yes,Electronic check,96.0,2122.45,Yes,1,0,0,0,0,1,1,1,4,Below 3 years,0.7184393,1524.8514519304035,High Risk - High Value,Priority retention offer
Male,No,No,No,Yes,Yes,Fiber optic,No,No,No,No,Yes,No,Month-to-month,No,Electronic check,84.5,84.5,Yes,1,1,0,0,0,0,1,0,3,Below 1 year,0.90533435,76.50075286626816,High Risk - High Value,Priority retention offer
Male,No,Yes,Yes,Yes,No,Fiber optic,No,No,Yes,No,Yes,Yes,Month-to-month,No,Mailed check,95.15,1779.95,Yes,1,0,0,0,1,0,1,1,4,Below 3 years,0.59886676,1065.9528907626868,Medium Risk,Promote security service
Male,No,No,No,Yes,No,Fiber optic,No,No,No,No,Yes,No,Month-to-month,Yes,Electronic check,79.55,79.55,Yes,1,0,0,0,0,0,1,0,2,Below 1 year,0.91723704,72.96620680093766,High Risk - High Value,Priority retention offer
Female,No,Yes,Yes,Yes,No,Fiber optic,No,No,No,Yes,Yes,No,Month-to-month,Yes,Electronic check,85.75,470.95,Yes,1,0,0,0,0,1,1,0,3,Below 1 year,0.815996,384.29331206977366,High Risk - High Value,Priority retention offer
Male,No,No,No,Yes,No,DSL,No,No,Yes,No,Yes,No,Month-to-month,No,Mailed check,60.9,414.1,No,1,0,0,0,1,0,1,0,3,Below 1 year,0.5429255,224.82544003725053,Medium Risk,Promote security service
Male,No,Yes,Yes,Yes,Yes,Fiber optic,Yes,Yes,Yes,Yes,No,No,Two year,No,Credit card (automatic),94.55,6078.75,No,1,1,1,1,1,1,0,0,6,oldest Customers,0.1374015,835.2294064499438,Low Risk,Standard engagement
Female,No,No,No,Yes,No,Fiber optic,No,No,No,No,No,No,Month-to-month,Yes,Electronic check,69.85,199.85,No,1,0,0,0,0,0,0,0,1,Below 1 year,0.8542589,170.72364014983177,High Risk - New Customer,Onboarding intervention
Female,No,Yes,Yes,Yes,Yes,Fiber optic,Yes,No,Yes,Yes,Yes,Yes,Month-to-month,Yes,Electronic check,112.95,1882.55,No,1,1,1,0,1,1,1,1,7,Below 3 years,0.68511724,1289.7674690485,Medium Risk,Promote long-term contract
Female,No,No,No,Yes,Yes,DSL,Yes,No,No,Yes,No,No,Month-to-month,Yes,Mailed check,59.05,1253.5,No,1,1,1,0,0,1,0,0,4,Below 3 years,0.26408222,331.02706675231457,Low Risk,Promote long-term contract
Male,No,No,No,No,No phone service,DSL,No,Yes,No,Yes,No,No,Month-to-month,No,Mailed check,34.0,442.45,No,0,0,0,1,0,1,0,0,2,Below 3 years,0.32356197,143.15999204218386,Low Risk,Promote security service
Female,No,No,No,Yes,Yes,DSL,No,No,Yes,Yes,No,Yes,One year,Yes,Electronic check,68.6,2877.05,No,1,1,0,0,1,1,0,1,5,Below 5 years,0.32060874,922.4073612749577,Low Risk,Promote security service
Male,Yes,Yes,No,Yes,Yes,Fiber optic,Yes,No,Yes,No,No,No,One year,Yes,Electronic check,85.9,2220.1,No,1,1,1,0,1,0,0,0,4,Below 3 years,0.28052956,622.8036731779575,Low Risk,Offer technical support
Female,No,Yes,Yes,Yes,No,No,No internet service,No internet service,No internet service,No internet service,No internet service,No internet service,Two year,No,Mailed check,19.75,210.65,No,1,0,0,0,0,0,0,0,1,Below 1 year,0.061873857,13.033727962709964,Low Risk,Standard engagement
Female,Yes,No,No,Yes,No,Fiber optic,No,No,Yes,Yes,Yes,Yes,One year,Yes,Bank transfer (automatic),101.1,4016.2,No,1,0,0,0,1,1,1,1,5,Below 5 years,0.46821514,1880.4456361114978,Medium Risk,Promote security service
Male,No,No,No,Yes,No,No,No internet service,No internet service,No internet service,No internet service,No internet service,No internet service,Month-to-month,No,Mailed check,18.95,110.15,No,1,0,0,0,0,0,0,0,1,Below 1 year,0.31180888,34.3457485884428,Low Risk,Promote long-term contract
Female,No,No,No,Yes,No,Fiber optic,No,No,Yes,No,No,No,Month-to-month,Yes,Mailed check,74.75,238.1,No,1,0,0,0,1,0,0,0,2,Below 1 year,0.79726875,189.82968896627426,High Risk - High Value,Priority retention offer
Female,Yes,Yes,No,Yes,Yes,Fiber optic,No,No,No,Yes,Yes,Yes,One year,No,Electronic check,100.25,4753.85,No,1,1,0,0,0,1,1,1,5,Below 5 years,0.4419973,2101.1888154387475,Medium Risk,Promote security service
Male,No,No,No,No,No phone service,DSL,Yes,No,Yes,No,No,No,One year,Yes,Credit card (automatic),35.2,1463.7,No,0,0,1,0,1,0,0,0,2,Below 5 years,0.15044275,220.20305209457874,Low Risk,Offer technical support
Female,No,Yes,No,Yes,No,No,No internet service,No internet service,No internet service,No internet service,No internet service,No internet service,Month-to-month,No,Bank transfer (automatic),20.15,156.25,Yes,1,0,0,0,0,0,0,0,1,Below 1 year,0.3558342,55.599091574549675,Low Risk,Promote long-term contract
Male,Yes,Yes,No,Yes,Yes,Fiber optic,No,No,No,No,Yes,No,Month-to-month,Yes,Electronic check,85.7,3171.15,Yes,1,1,0,0,0,0,1,0,3,Below 5 years,0.7689436,2438.435521897674,High Risk - High Value,Priority retention offer
Male,No,Yes,No,Yes,No,Fiber optic,No,No,No,No,Yes,Yes,Month-to-month,No,Mailed check,89.7,4952.95,No,1,0,0,0,0,0,1,1,3,Below 5 years,0.45084327,2233.004196897149,Medium Risk,Promote security service
Male,Yes,Yes,No,No,No phone service,DSL,Yes,No,No,No,No,Yes,Month-to-month,No,Bank transfer (automatic),39.1,971.3,Yes,0,0,1,0,0,0,0,1,2,Below 3 years,0.542491,526.9215265333652,Medium Risk,Offer technical support
Male,No,No,No,Yes,Yes,Fiber optic,No,No,Yes,No,No,No,Month-to-month,No,Credit card (automatic),80.0,4242.35,Yes,1,1,0,0,1,0,0,0,3,Below 5 years,0.39667827,1682.8480541080237,Low Risk,Promote security service
Male,No,No,No,Yes,No,Fiber optic,No,No,No,Yes,No,No,Month-to-month,Yes,Electronic check,73.85,926.25,Yes,1,0,0,0,0,1,0,0,2,Below 1 year,0.7461219,691.0953944921494,High Risk - New Customer,Onboarding intervention
Female,No,No,No,Yes,No,Fiber optic,No,No,No,No,Yes,Yes,Month-to-month,No,Electronic check,90.55,90.55,Yes,1,0,0,0,0,0,1,1,3,Below 1 year,0.9137602,82.74098477363586,High Risk - High Value,Priority retention offer
Male,No,No,No,Yes,No,No,No internet service,No internet service,No internet service,No internet service,No internet service,No internet service,Month-to-month,No,Mailed check,20.5,20.5,Yes,1,0,0,0,0,0,0,0,1,Below 1 year,0.5819113,11.929182171821594,Medium Risk,Promote long-term contract
Female,No,No,No,Yes,No,Fiber optic,No,Yes,Yes,No,No,No,One year,No,Electronic check,80.05,3019.1,No,1,0,0,1,1,0,0,0,3,Below 5 years,0.30235445,912.8383350729943,Low Risk,Promote security service
Male,Yes,No,No,Yes,No,Fiber optic,No,No,No,No,No,No,Month-to-month,No,Credit card (automatic),71.3,1389.2,Yes,1,0,0,0,0,0,0,0,1,Below 3 years,0.5417944,752.6608072757721,Medium Risk,Promote security service
Male,Yes,Yes,No,Yes,Yes,Fiber optic,No,Yes,No,No,Yes,Yes,Month-to-month,Yes,Electronic check,101.35,1218.55,Yes,1,1,0,1,0,0,1,1,5,Below 3 years,0.8746604,1065.8173971951007,High Risk - High Value,Priority retention offer
Female,No,No,No,Yes,Yes,DSL,Yes,No,Yes,Yes,No,No,Two year,Yes,Mailed check,65.0,2879.9,No,1,1,1,0,1,1,0,0,5,Below 5 years,0.06941101,199.89676640331746,Low Risk,Standard engagement
Female,No,Yes,Yes,Yes,Yes,No,No internet service,No internet service,No internet service,No internet service,No internet service,No internet service,Two year,No,Mailed check,24.9,1859.2,No,1,1,0,0,0,0,0,0,2,oldest Customers,0.04535681,84.32738132476807,Low Risk,Standard engagement
Female,No,Yes,Yes,Yes,Yes,Fiber optic,No,No,Yes,No,Yes,No,Month-to-month,No,Electronic check,88.25,1460.65,Yes,1,1,0,0,1,0,1,0,4,Below 3 years,0.75057656,1096.3296461254358,High Risk - High Value,Priority retention offer
Male,No,No,No,Yes,No,Fiber optic,No,No,No,No,No,No,Month-to-month,Yes,Credit card (automatic),69.8,134.7,Yes,1,0,0,0,0,0,0,0,1,Below 1 year,0.8000137,107.76184821724891,High Risk - New Customer,Onboarding intervention
Male,No,No,No,Yes,Yes,Fiber optic,No,No,No,No,No,No,Month-to-month,Yes,Electronic check,74.35,265.35,Yes,1,1,0,0,0,0,0,0,2,Below 1 year,0.8675396,230.20162878334523,High Risk - New Customer,Onboarding intervention
Male,No,No,No,Yes,No,Fiber optic,No,No,No,No,No,No,Month-to-month,Yes,Electronic check,69.85,69.85,Yes,1,0,0,0,0,0,0,0,1,Below 1 year,0.90464145,63.18920524418353,High Risk - New Customer,Onboarding intervention
Female,No,No,No,Yes,No,DSL,Yes,Yes,Yes,Yes,Yes,Yes,One year,No,Bank transfer (automatic),85.35,2530.4,Yes,1,0,1,1,1,1,1,1,7,Below 3 years,0.25556573,646.6835300683975,Low Risk,Standard engagement
Male,No,Yes,Yes,Yes,Yes,DSL,No,No,No,No,Yes,No,Month-to-month,No,Electronic check,60.35,1404.65,No,1,1,0,0,0,0,1,0,3,Below 3 years,0.58615524,823.3429519206286,Medium Risk,Promote security service
Female,No,No,No,Yes,No,Fiber optic,No,No,No,No,No,No,Month-to-month,Yes,Credit card (automatic),69.05,1815.65,No,1,0,0,0,0,0,0,0,1,Below 3 years,0.5004878,908.7106820821763,Medium Risk,Promote security service
Male,No,No,No,Yes,No,No,No internet service,No internet service,No internet service,No internet service,No internet service,No internet service,Two year,No,Credit card (automatic),19.45,369.05,No,1,0,0,0,0,0,0,0,1,Below 3 years,0.057945944,21.38495076932013,Low Risk,Standard engagement
Female,No,Yes,No,Yes,No,DSL,Yes,No,Yes,Yes,Yes,Yes,Two year,Yes,Electronic check,78.8,3460.3,No,1,0,1,0,1,1,1,1,6,Below 5 years,0.11957875,413.77834496200086,Low Risk,Standard engagement
Male,No,Yes,No,Yes,Yes,Fiber optic,No,Yes,No,No,No,Yes,Month-to-month,Yes,Electronic check,90.65,5931.0,No,1,1,0,1,0,0,0,1,4,oldest Customers,0.5353131,3174.9421706199646,Medium Risk,Promote security service
Female,Yes,No,No,Yes,Yes,Fiber optic,Yes,Yes,Yes,No,Yes,Yes,Month-to-month,No,Credit card (automatic),108.1,5839.3,No,1,1,1,1,1,0,1,1,7,Below 5 years,0.5226077,3051.6630499720573,Medium Risk,Offer technical support
Female,No,No,Yes,Yes,No,No,No internet service,No internet service,No internet service,No internet service,No internet service,No internet service,Month-to-month,Yes,Electronic check,19.6,35.85,Yes,1,0,0,0,0,0,0,0,1,Below 1 year,0.46646947,16.72293038070202,Medium Risk,Promote long-term contract
Female,No,No,No,Yes,Yes,DSL,No,No,No,No,No,Yes,Month-to-month,Yes,Electronic check,60.15,60.15,Yes,1,1,0,0,0,0,0,1,3,Below 1 year,0.8666389,52.12832976579666,High Risk - New Customer,Onboarding intervention
Female,No,No,No,Yes,No,DSL,No,No,No,No,No,Yes,Month-to-month,Yes,Electronic check,56.25,56.25,Yes,1,0,0,0,0,0,0,1,2,Below 1 year,0.87146574,49.01994802057743,High Risk - New Customer,Onboarding intervention
Male,Yes,No,No,Yes,No,Fiber optic,No,Yes,Yes,No,Yes,Yes,Month-to-month,Yes,Electronic check,101.8,1752.45,No,1,0,0,1,1,0,1,1,5,Below 3 years,0.82559896,1446.8208889603616,High Risk - High Value,Priority retention offer
Female,No,Yes,Yes,Yes,No,No,No internet service,No internet service,No internet service,No internet service,No internet service,No internet service,Two year,No,Bank transfer (automatic),20.3,224.5,No,1,0,0,0,0,0,0,0,1,Below 3 years,0.06254051,14.040344227105379,Low Risk,Standard engagement
Male,No,No,No,Yes,Yes,Fiber optic,No,Yes,Yes,No,Yes,Yes,Month-to-month,Yes,Bank transfer (automatic),103.7,5036.3,Yes,1,1,0,1,1,0,1,1,6,Below 5 years,0.65935856,3320.7275209605696,Medium Risk,Promote security service
Female,No,Yes,No,Yes,Yes,DSL,Yes,Yes,Yes,No,No,No,Two year,No,Mailed check,65.65,4322.85,No,1,1,1,1,1,0,0,0,5,oldest Customers,0.06866962,296.8484546095133,Low Risk,Offer technical support
Male,No,No,No,Yes,Yes,Fiber optic,No,Yes,No,No,Yes,No,Month-to-month,Yes,Bank transfer (automatic),89.9,5450.7,No,1,1,0,1,0,0,1,0,4,oldest Customers,0.46278647,2522.510189589858,Medium Risk,Promote security service
Female,Yes,No,No,Yes,Yes,Fiber optic,No,No,No,No,Yes,No,Month-to-month,Yes,Electronic check,85.7,85.7,Yes,1,1,0,0,0,0,1,0,3,Below 1 year,0.92667717,79.41623324751855,High Risk - High Value,Priority retention offer
Male,No,No,No,Yes,Yes,DSL,Yes,Yes,Yes,No,No,Yes,One year,No,Credit card (automatic),76.75,5233.25,No,1,1,1,1,1,0,0,1,6,oldest Customers,0.18953444,991.8811114616692,Low Risk,Offer technical support
Male,No,No,No,Yes,No,Fiber optic,No,No,No,No,Yes,Yes,Month-to-month,Yes,Electronic check,92.9,1337.45,No,1,0,0,0,0,0,1,1,3,Below 3 years,0.8497965,1136.560294124484,High Risk - High Value,Priority retention offer
Female,No,Yes,No,Yes,Yes,No,No internet service,No internet service,No internet service,No internet service,No internet service,No internet service,Two year,Yes,Credit card (automatic),24.4,1725.4,No,1,1,0,0,0,0,0,0,2,oldest Customers,0.04794242,82.71984906122088,Low Risk,Standard engagement
Female,No,Yes,Yes,Yes,No,DSL,No,No,Yes,Yes,No,No,Month-to-month,No,Credit card (automatic),55.2,528.35,Yes,1,0,0,0,1,1,0,0,3,Below 1 year,0.39219862,207.21814205348494,Low Risk,Promote security service
Female,No,No,No,Yes,No,No,No internet service,No internet service,No internet service,No internet service,No internet service,No internet service,Month-to-month,No,Credit card (automatic),19.85,108.05,Yes,1,0,0,0,0,0,0,0,1,Below 1 year,0.35648638,38.518353369832035,Low Risk,Promote long-term contract
Male,No,Yes,Yes,Yes,No,Fiber optic,No,No,No,No,Yes,Yes,One year,Yes,Electronic check,90.4,2178.6,Yes,1,0,0,0,0,0,1,1,3,Below 3 years,0.5109129,1113.0748334884643,Medium Risk,Promote security service
Female,No,Yes,No,Yes,Yes,Fiber optic,No,No,No,Yes,Yes,No,Month-to-month,Yes,Electronic check,88.85,1594.75,No,1,1,0,0,0,1,1,0,4,Below 3 years,0.7016809,1119.0056131482124,High Risk - High Value,Priority retention offer
Male,Yes,Yes,No,Yes,No,Fiber optic,No,Yes,No,No,No,No,Month-to-month,Yes,Credit card (automatic),74.3,1178.25,Yes,1,0,0,1,0,0,0,0,2,Below 3 years,0.62348574,734.6220778673887,Medium Risk,Promote security service
Female,No,No,No,Yes,Yes,DSL,No,No,No,No,No,No,Month-to-month,Yes,Electronic check,49.4,106.55,Yes,1,1,0,0,0,0,0,0,2,Below 1 year,0.83997405,89.49923457503319,High Risk - New Customer,Onboarding intervention
Male,No,No,No,Yes,Yes,Fiber optic,No,Yes,No,No,No,No,Month-to-month,No,Electronic check,78.45,330.05,Yes,1,1,0,1,0,0,0,0,3,Below 1 year,0.80030966,264.1422026395798,High Risk - High Value,Priority retention offer
Female,Yes,No,No,Yes,Yes,Fiber optic,No,No,Yes,No,No,No,Month-to-month,Yes,Bank transfer (automatic),80.35,1058.1,No,1,1,0,0,1,0,0,0,3,Below 3 years,0.7291201,771.4819521009921,High Risk - High Value,Priority retention offer
Female,No,No,No,Yes,No,No,No internet service,No internet service,No internet service,No internet service,No internet service,No internet service,Two year,Yes,Bank transfer (automatic),21.15,1419.4,No,1,0,0,0,0,0,0,0,1,oldest Customers,0.0449818,63.847166948020465,Low Risk,Standard engagement
Female,No,No,No,No,No phone service,DSL,Yes,Yes,Yes,Yes,Yes,No,One year,Yes,Electronic check,53.6,2879.2,No,0,0,1,1,1,1,1,0,5,Below 5 years,0.18534382,533.6419175505638,Low Risk,Standard engagement
Female,Yes,No,No,Yes,No,Fiber optic,No,No,No,No,Yes,No,Month-to-month,Yes,Electronic check,79.2,79.2,Yes,1,0,0,0,0,0,1,0,2,Below 1 year,0.92200583,73.02286190986634,High Risk - High Value,Priority retention offer
Female,No,Yes,Yes,Yes,Yes,Fiber optic,No,No,No,No,Yes,Yes,Month-to-month,Yes,Electronic check,95.25,3314.15,No,1,1,0,0,0,0,1,1,4,Below 5 years,0.7326537,2428.124185165763,High Risk - High Value,Priority retention offer
Female,No,No,No,Yes,No,Fiber optic,No,Yes,No,No,Yes,Yes,Month-to-month,Yes,Electronic check,96.25,512.45,Yes,1,0,0,1,0,0,1,1,4,Below 1 year,0.88508004,453.559266242385,High Risk - High Value,Priority retention offer
Male,No,Yes,Yes,No,No phone service,DSL,No,Yes,No,Yes,No,No,Month-to-month,No,Mailed check,35.5,432.25,No,0,0,0,1,0,1,0,0,2,Below 3 years,0.2914988,126.0003606453538,Low Risk,Promote security service
Male,No,No,No,Yes,Yes,Fiber optic,No,No,Yes,No,No,Yes,Month-to-month,Yes,Credit card (automatic),90.7,1597.25,Yes,1,1,0,0,1,0,0,1,4,Below 3 years,0.6632748,1059.415713623166,Medium Risk,Promote security service
Female,No,Yes,Yes,No,No phone service,DSL,Yes,Yes,Yes,Yes,No,Yes,Two year,Yes,Mailed check,52.5,1208.15,No,0,0,1,1,1,1,0,1,5,Below 3 years,0.0638441,77.1332489810884,Low Risk,Standard engagement
Male,No,No,No,Yes,No,Fiber optic,Yes,No,No,No,Yes,Yes,Month-to-month,No,Electronic check,93.85,1625.65,Yes,1,0,1,0,0,0,1,1,4,Below 3 years,0.7439053,1209.329660475254,High Risk - High Value,Priority retention offer
Male,No,No,No,Yes,No,No,No internet service,No internet service,No internet service,No internet service,No internet service,No internet service,Month-to-month,No,Electronic check,19.0,348.8,No,1,0,0,0,0,0,0,0,1,Below 3 years,0.29659608,103.45271272659302,Low Risk,Promote long-term contract
Male,No,No,No,Yes,Yes,DSL,Yes,No,No,No,No,No,Month-to-month,Yes,Credit card (automatic),54.5,568.2,No,1,1,1,0,0,0,0,0,3,Below 1 year,0.44481784,252.74549728631976,Medium Risk,Offer technical support
Female,No,Yes,Yes,Yes,No,No,No internet service,No internet service,No internet service,No internet service,No internet service,No internet service,One year,No,Bank transfer (automatic),20.75,452.35,No,1,0,0,0,0,0,0,0,1,Below 3 years,0.10766117,48.70053149238229,Low Risk,Standard engagement
Female,No,No,No,Yes,Yes,Fiber optic,No,No,No,No,No,Yes,Month-to-month,Yes,Electronic check,85.0,85.0,Yes,1,1,0,0,0,0,0,1,3,Below 1 year,0.9256959,78.68415117263794,High Risk - High Value,Priority retention offer
Male,No,Yes,No,Yes,Yes,Fiber optic,No,Yes,Yes,No,Yes,No,Month-to-month,No,Electronic check,93.8,3019.5,Yes,1,1,0,1,1,0,1,0,5,Below 3 years,0.68945223,2081.8010112941265,Medium Risk,Promote security service
Female,No,No,No,Yes,No,Fiber optic,No,No,No,No,No,No,Month-to-month,Yes,Bank transfer (automatic),69.55,222.3,Yes,1,0,0,0,0,0,0,0,1,Below 1 year,0.7924887,176.17023671865465,High Risk - New Customer,Onboarding intervention
Male,No,No,No,No,No phone service,DSL,No,No,No,No,No,Yes,Month-to-month,Yes,Electronic check,35.55,35.55,Yes,0,0,0,0,0,0,0,1,1,Below 1 year,0.8628675,30.674938720464706,High Risk - New Customer,Onboarding intervention
Male,No,No,No,Yes,Yes,Fiber optic,Yes,Yes,No,No,No,Yes,Month-to-month,Yes,Credit card (automatic),94.5,2659.4,Yes,1,1,1,1,0,0,0,1,5,Below 3 years,0.6565187,1745.9458247661591,Medium Risk,Offer technical support
Female,Yes,No,No,Yes,No,Fiber optic,No,No,No,No,No,No,Month-to-month,Yes,Electronic check,71.15,71.15,Yes,1,0,0,0,0,0,0,0,1,Below 1 year,0.90812826,64.61332581043244,High Risk - New Customer,Onboarding intervention
Male,No,No,No,Yes,No,Fiber optic,No,No,No,No,Yes,Yes,Month-to-month,Yes,Electronic check,90.55,90.55,Yes,1,0,0,0,0,0,1,1,3,Below 1 year,0.92517126,83.77425723671912,High Risk - High Value,Priority retention offer
Female,Yes,Yes,No,Yes,No,Fiber optic,No,No,No,No,No,No,Month-to-month,Yes,Electronic check,69.3,1813.1,No,1,0,0,0,0,0,0,0,1,Below 3 years,0.7308471,1325.0989137887955,High Risk - General,Promote security service
Male,No,Yes,No,Yes,Yes,Fiber optic,No,Yes,No,No,Yes,Yes,One year,No,Credit card (automatic),100.3,5614.45,Yes,1,1,0,1,0,0,1,1,5,Below 5 years,0.40144333,2253.88351778239,Medium Risk,Promote security service
Male,No,No,No,Yes,No,Fiber optic,No,No,No,Yes,No,No,Month-to-month,Yes,Electronic check,75.9,75.9,Yes,1,0,0,0,0,1,0,0,2,Below 1 year,0.8676269,65.85288212299348,High Risk - High Value,Priority retention offer
Male,No,No,No,Yes,No,DSL,No,No,No,No,No,No,Month-to-month,Yes,Electronic check,45.6,45.6,Yes,1,0,0,0,0,0,0,0,1,Below 1 year,0.8578897,39.119770860672,High Risk - New Customer,Onboarding intervention
Male,No,Yes,No,Yes,No,Fiber optic,No,No,No,No,No,No,Month-to-month,No,Electronic check,70.0,70.0,Yes,1,0,0,0,0,0,0,0,1,Below 1 year,0.8877547,62.14282751083374,High Risk - New Customer,Onboarding intervention
Male,No,No,No,Yes,No,Fiber optic,No,No,No,No,No,No,Month-to-month,Yes,Electronic check,70.2,237.95,Yes,1,0,0,0,0,0,0,0,1,Below 1 year,0.8447538,201.00916714370248,High Risk - New Customer,Onboarding intervention
Male,No,Yes,Yes,Yes,No,No,No internet service,No internet service,No internet service,No internet service,No internet service,No internet service,One year,No,Bank transfer (automatic),19.8,342.3,No,1,0,0,0,0,0,0,0,1,Below 3 years,0.107855074,36.91879186704755,Low Risk,Standard engagement
Male,Yes,Yes,No,Yes,Yes,Fiber optic,No,No,No,No,No,Yes,Month-to-month,Yes,Electronic check,86.65,856.65,Yes,1,1,0,0,0,0,0,1,3,Below 1 year,0.8655294,741.4557759225369,High Risk - High Value,Priority retention offer
Male,No,Yes,No,Yes,Yes,Fiber optic,No,Yes,No,Yes,Yes,Yes,Two year,Yes,Credit card (automatic),104.15,7365.3,No,1,1,0,1,0,1,1,1,6,oldest Customers,0.19943531,1468.9008782520891,Low Risk,Promote security service
Female,No,Yes,No,Yes,Yes,Fiber optic,No,Yes,Yes,No,Yes,Yes,One year,Yes,Electronic check,101.35,7323.15,No,1,1,0,1,1,0,1,1,6,oldest Customers,0.42508918,3112.9918319553135,Medium Risk,Promote security service
Female,No,No,No,Yes,Yes,DSL,No,Yes,Yes,No,Yes,Yes,Two year,Yes,Electronic check,80.65,5330.2,No,1,1,0,1,1,0,1,1,6,oldest Customers,0.21307835,1135.7502202570438,Low Risk,Promote security service
Male,No,No,No,Yes,No,Fiber optic,No,No,No,No,No,No,Month-to-month,No,Electronic check,69.95,69.95,Yes,1,0,0,0,0,0,0,0,1,Below 1 year,0.88690096,62.038722249865536,High Risk - New Customer,Onboarding intervention
Male,No,No,Yes,Yes,Yes,DSL,Yes,Yes,No,Yes,No,No,One year,No,Bank transfer (automatic),64.95,4551.5,No,1,1,1,1,0,1,0,0,5,oldest Customers,0.11012685,501.24237138032913,Low Risk,Standard engagement
Male,Yes,Yes,No,Yes,No,Fiber optic,No,No,No,No,No,No,Month-to-month,Yes,Electronic check,69.1,1474.75,Yes,1,0,0,0,0,0,0,0,1,Below 3 years,0.7306823,1077.573741748929,High Risk - General,Promote security service
Female,No,Yes,Yes,Yes,Yes,Fiber optic,No,Yes,Yes,Yes,Yes,Yes,Two year,Yes,Bank transfer (automatic),107.95,5293.2,Yes,1,1,0,1,1,1,1,1,7,Below 5 years,0.28409186,1503.755033648014,Low Risk,Promote security service
Male,No,No,No,Yes,Yes,Fiber optic,No,No,Yes,No,Yes,No,Month-to-month,Yes,Electronic check,90.45,593.45,Yes,1,1,0,0,1,0,1,0,4,Below 1 year,0.88219476,523.5384788155557,High Risk - High Value,Priority retention offer
Male,No,Yes,Yes,Yes,No,DSL,No,No,Yes,Yes,Yes,Yes,Two year,No,Mailed check,75.55,2054.4,No,1,0,0,0,1,1,1,1,5,Below 3 years,0.09730695,199.9074019432068,Low Risk,Promote security service
Male,No,Yes,No,Yes,Yes,DSL,Yes,No,Yes,Yes,No,Yes,Two year,No,Credit card (automatic),75.35,4729.3,No,1,1,1,0,1,1,0,1,6,oldest Customers,0.07249164,342.8347053073347,Low Risk,Standard engagement
Female,No,Yes,Yes,Yes,No,DSL,No,Yes,Yes,Yes,Yes,Yes,Two year,Yes,Bank transfer (automatic),80.6,4946.7,No,1,0,0,1,1,1,1,1,6,oldest Customers,0.10118321,500.5230011992156,Low Risk,Promote security service
Male,No,Yes,Yes,Yes,Yes,Fiber optic,No,Yes,Yes,No,Yes,Yes,Two year,Yes,Electronic check,103.4,7372.65,Yes,1,1,0,1,1,0,1,1,6,oldest Customers,0.3227055,2379.1947582364082,Low Risk,Promote security service
Male,No,Yes,No,No,No phone service,DSL,No,No,No,No,Yes,No,Month-to-month,No,Mailed check,33.75,1009.25,No,0,0,0,0,0,0,1,0,1,Below 3 years,0.37428296,377.74507346749306,Low Risk,Promote security service
Male,Yes,Yes,No,Yes,Yes,Fiber optic,Yes,Yes,No,No,No,Yes,Month-to-month,Yes,Credit card (automatic),94.7,673.1,Yes,1,1,1,1,0,0,0,1,5,Below 1 year,0.7883212,530.6189977228642,High Risk - High Value,Priority retention offer
Male,No,No,No,Yes,No,Fiber optic,No,No,Yes,No,No,No,Month-to-month,Yes,Electronic check,73.9,280.85,Yes,1,0,0,0,1,0,0,0,2,Below 1 year,0.85402775,239.85369305610658,High Risk - New Customer,Onboarding intervention
Male,Yes,No,No,No,No phone service,DSL,No,No,Yes,Yes,No,Yes,Month-to-month,Yes,Electronic check,43.65,526.95,Yes,0,0,0,0,1,1,0,1,3,Below 3 years,0.61533886,324.2528133004904,Medium Risk,Promote security service
Male,No,Yes,Yes,Yes,Yes,Fiber optic,Yes,Yes,No,No,Yes,Yes,One year,Yes,Electronic check,106.0,6547.7,Yes,1,1,1,1,0,0,1,1,6,oldest Customers,0.5240473,3431.304605215788,Medium Risk,Offer technical support
Female,Yes,Yes,No,Yes,Yes,Fiber optic,No,Yes,Yes,No,Yes,No,Month-to-month,Yes,Electronic check,95.55,3930.6,No,1,1,0,1,1,0,1,0,5,Below 5 years,0.75748575,2977.3734784841536,High Risk - High Value,Priority retention offer
Male,No,Yes,Yes,Yes,No,No,No internet service,No internet service,No internet service,No internet service,No internet service,No internet service,Month-to-month,No,Mailed check,19.7,19.7,No,1,0,0,0,0,0,0,0,1,Below 1 year,0.47829553,9.422422036528587,Medium Risk,Promote long-term contract
Male,No,No,No,No,No phone service,DSL,Yes,Yes,No,No,No,No,Month-to-month,Yes,Mailed check,35.45,106.85,Yes,0,0,1,1,0,0,0,0,2,Below 1 year,0.63800377,68.17070245444775,Medium Risk,Offer technical support
Female,No,No,No,Yes,No,No,No internet service,No internet service,No internet service,No internet service,No internet service,No internet service,Month-to-month,No,Credit card (automatic),20.45,82.85,No,1,0,0,0,0,0,0,0,1,Below 1 year,0.3666476,30.37675375342369,Low Risk,Promote long-term contract
Male,No,No,No,Yes,Yes,Fiber optic,Yes,No,No,No,Yes,Yes,Month-to-month,Yes,Electronic check,99.7,1566.75,No,1,1,1,0,0,0,1,1,5,Below 3 years,0.82833725,1297.7973897904158,High Risk - High Value,Priority retention offer
Male,Yes,Yes,No,Yes,Yes,Fiber optic,No,No,No,No,No,No,Month-to-month,Yes,Electronic check,74.9,2303.35,Yes,1,1,0,0,0,0,0,0,2,Below 3 years,0.75683856,1743.2640974164008,High Risk - High Value,Priority retention offer
Female,No,Yes,Yes,Yes,Yes,No,No internet service,No internet service,No internet service,No internet service,No internet service,No internet service,Two year,Yes,Bank transfer (automatic),24.1,861.85,No,1,1,0,0,0,0,0,0,2,Below 5 years,0.060032878,51.73933596555144,Low Risk,Standard engagement
Male,No,No,Yes,Yes,Yes,No,No internet service,No internet service,No internet service,No internet service,No internet service,No internet service,Two year,Yes,Credit card (automatic),25.3,1673.8,No,1,1,0,0,0,0,0,0,2,oldest Customers,0.051961627,86.97337103411554,Low Risk,Standard engagement
Male,No,Yes,Yes,Yes,No,Fiber optic,Yes,Yes,Yes,No,Yes,Yes,Two year,Yes,Credit card (automatic),103.25,7074.4,No,1,0,1,1,1,0,1,1,6,oldest Customers,0.19899565,1407.7748250484465,Low Risk,Offer technical support
Female,No,Yes,Yes,Yes,No,No,No internet service,No internet service,No internet service,No internet service,No internet service,No internet service,Two year,Yes,Mailed check,19.7,263.65,No,1,0,0,0,0,0,0,0,1,Below 3 years,0.058439255,15.407509517669677,Low Risk,Standard engagement
Female,Yes,Yes,No,Yes,Yes,Fiber optic,Yes,No,No,Yes,Yes,Yes,Month-to-month,Yes,Bank transfer (automatic),104.3,2867.75,Yes,1,1,1,0,0,1,1,1,6,Below 3 years,0.65233797,1870.7422087341547,Medium Risk,Promote long-term contract
Male,Yes,No,No,Yes,No,Fiber optic,No,No,No,No,No,No,Month-to-month,Yes,Mailed check,70.25,331.9,Yes,1,0,0,0,0,0,0,0,1,Below 1 year,0.7402524,245.68976346254348,High Risk - New Customer,Onboarding intervention
Female,Yes,Yes,No,Yes,Yes,Fiber optic,No,No,Yes,No,Yes,Yes,Month-to-month,Yes,Electronic check,99.55,1131.2,Yes,1,1,0,0,1,0,1,1,5,Below 1 year,0.88698375,1003.3560205459595,High Risk - High Value,Priority retention offer
Male,No,No,No,Yes,Yes,DSL,Yes,Yes,Yes,Yes,No,Yes,One year,Yes,Credit card (automatic),78.6,5356.45,Yes,1,1,1,1,1,1,0,1,7,oldest Customers,0.18805002,1007.280512278527,Low Risk,Standard engagement
Male,Yes,Yes,No,Yes,Yes,Fiber optic,No,Yes,Yes,Yes,Yes,Yes,Two year,No,Credit card (automatic),109.7,7898.45,No,1,1,0,1,1,1,1,1,7,oldest Customers,0.17519614,1383.7779599174858,Low Risk,Promote security service
Male,No,No,Yes,Yes,No,Fiber optic,No,No,No,No,No,No,Month-to-month,Yes,Electronic check,71.65,71.65,Yes,1,0,0,0,0,0,0,0,1,Below 1 year,0.90336424,64.72604787647725,High Risk - New Customer,Onboarding intervention
Female,No,No,No,Yes,No,Fiber optic,No,No,No,No,No,No,Month-to-month,No,Bank transfer (automatic),70.0,153.05,Yes,1,0,0,0,0,0,0,0,1,Below 1 year,0.7961321,121.84801602363588,High Risk - New Customer,Onboarding intervention
Male,Yes,Yes,No,Yes,Yes,Fiber optic,No,No,No,No,No,No,Month-to-month,No,Electronic check,74.95,308.7,Yes,1,1,0,0,0,0,0,0,2,Below 1 year,0.85439104,263.7505135595798,High Risk - High Value,Priority retention offer
Male,Yes,No,No,Yes,No,Fiber optic,Yes,No,No,Yes,Yes,Yes,Month-to-month,No,Credit card (automatic),100.3,832.35,Yes,1,0,1,0,0,1,1,1,5,Below 1 year,0.7273774,605.4325911283494,High Risk - High Value,Priority retention offer
Male,No,Yes,No,Yes,Yes,Fiber optic,No,Yes,Yes,No,Yes,Yes,Month-to-month,Yes,Credit card (automatic),105.0,7133.25,Yes,1,1,0,1,1,0,1,1,6,oldest Customers,0.6543866,4667.903071716428,Medium Risk,Promote security service
Female,Yes,Yes,No,Yes,No,DSL,No,Yes,Yes,Yes,No,No,One year,Yes,Bank transfer (automatic),60.65,3975.9,No,1,0,0,1,1,1,0,0,4,oldest Customers,0.179649,714.266440808773,Low Risk,Promote security service
Male,No,No,No,Yes,No,DSL,Yes,No,Yes,Yes,Yes,Yes,Two year,Yes,Mailed check,80.25,493.4,No,1,0,1,0,1,1,1,1,6,Below 1 year,0.08777057,43.30599743425846,Low Risk,Standard engagement
Female,Yes,No,No,No,No phone service,DSL,Yes,Yes,No,No,Yes,Yes,Month-to-month,Yes,Electronic check,55.8,2109.35,Yes,0,0,1,1,0,0,1,1,4,Below 5 years,0.58433026,1232.5570355206728,Medium Risk,Offer technical support
Male,No,No,No,Yes,No,No,No internet service,No internet service,No internet service,No internet service,No internet service,No internet service,Month-to-month,Yes,Electronic check,20.05,299.3,No,1,0,0,0,0,0,0,0,1,Below 3 years,0.32959655,98.6482471972704,Low Risk,Promote long-term contract
Female,No,Yes,No,Yes,Yes,Fiber optic,No,Yes,Yes,Yes,Yes,Yes,Two year,Yes,Bank transfer (automatic),107.65,7082.85,No,1,1,0,1,1,1,1,1,7,oldest Customers,0.30493352,2159.798369179666,Low Risk,Promote security service
Male,No,No,No,Yes,Yes,Fiber optic,No,No,No,No,No,No,Month-to-month,Yes,Electronic check,75.1,75.1,No,1,1,0,0,0,0,0,0,2,Below 1 year,0.90601766,68.04192634820937,High Risk - High Value,Priority retention offer
Male,No,No,No,Yes,No,No,No internet service,No internet service,No internet service,No internet service,No internet service,No internet service,Month-to-month,No,Mailed check,19.4,19.4,Yes,1,0,0,0,0,0,0,0,1,Below 1 year,0.51412314,9.973988950252533,Medium Risk,Promote long-term contract
Female,No,Yes,Yes,No,No phone service,DSL,Yes,Yes,Yes,Yes,Yes,Yes,Two year,No,Bank transfer (automatic),64.45,4528.0,No,0,0,1,1,1,1,1,1,6,oldest Customers,0.05151605,233.26466810703278,Low Risk,Standard engagement
Male,Yes,Yes,No,Yes,Yes,Fiber optic,No,Yes,Yes,No,Yes,Yes,Two year,Yes,Bank transfer (automatic),104.15,7689.95,Yes,1,1,0,1,1,0,1,1,6,oldest Customers,0.30747348,2364.4556929200885,Low Risk,Promote security service
Male,No,No,Yes,Yes,No,DSL,No,No,No,No,Yes,No,Month-to-month,Yes,Credit card (automatic),54.7,169.45,Yes,1,0,0,0,0,0,1,0,2,Below 1 year,0.7152274,121.19528718292712,High Risk - New Customer,Onboarding intervention
Female,Yes,No,No,Yes,Yes,DSL,No,No,No,Yes,No,No,Month-to-month,No,Credit card (automatic),55.0,757.1,Yes,1,1,0,0,0,1,0,0,3,Below 3 years,0.47193867,357.3047668159008,Medium Risk,Promote security service
Female,No,No,No,Yes,No,No,No internet service,No internet service,No internet service,No internet service,No internet service,No internet service,Month-to-month,Yes,Mailed check,19.6,19.6,Yes,1,0,0,0,0,0,0,0,1,Below 1 year,0.61401284,12.034651613235475,Medium Risk,Promote long-term contract
Female,No,Yes,No,Yes,Yes,Fiber optic,No,No,Yes,No,Yes,Yes,Month-to-month,Yes,Electronic check,99.5,3762.0,Yes,1,1,0,0,1,0,1,1,5,Below 5 years,0.7852583,2954.1416988372803,High Risk - High Value,Priority retention offer
Male,Yes,Yes,No,No,No phone service,DSL,No,Yes,Yes,No,No,No,Month-to-month,Yes,Credit card (automatic),34.3,577.15,No,0,0,0,1,1,0,0,0,2,Below 3 years,0.4963584,286.4732474565506,Medium Risk,Promote security service
Female,No,No,No,Yes,No,DSL,Yes,No,Yes,Yes,No,No,One year,Yes,Electronic check,60.25,1258.35,No,1,0,1,0,1,1,0,0,4,Below 3 years,0.16958138,213.39273388534784,Low Risk,Standard engagement
Male,No,No,No,Yes,No,DSL,Yes,No,Yes,No,Yes,Yes,Month-to-month,Yes,Electronic check,75.95,3273.8,No,1,0,1,0,1,0,1,1,5,Below 5 years,0.46930993,1536.426835846901,Medium Risk,Offer technical support
Male,No,No,No,Yes,No,No,No internet service,No internet service,No internet service,No internet service,No internet service,No internet service,Month-to-month,Yes,Credit card (automatic),19.4,460.25,No,1,0,0,0,0,0,0,0,1,Below 3 years,0.20745555,95.48141489177942,Low Risk,Promote long-term contract
Female,No,No,No,Yes,No,Fiber optic,No,No,No,No,No,No,Month-to-month,Yes,Mailed check,70.15,70.15,Yes,1,0,0,0,0,0,0,0,1,Below 1 year,0.85909593,60.26557956337929,High Risk - New Customer,Onboarding intervention
Female,No,Yes,No,Yes,Yes,Fiber optic,No,No,Yes,Yes,No,Yes,Month-to-month,Yes,Credit card (automatic),95.0,3008.15,No,1,1,0,0,1,1,0,1,5,Below 3 years,0.52113134,1567.6412304610014,Medium Risk,Promote security service
Female,No,No,No,Yes,No,Fiber optic,No,No,No,No,No,No,Month-to-month,Yes,Electronic check,70.95,137.95,Yes,1,0,0,0,0,0,0,0,1,Below 1 year,0.8852663,122.12248663902281,High Risk - New Customer,Onboarding intervention
Male,Yes,No,No,Yes,Yes,Fiber optic,No,No,No,No,Yes,Yes,Month-to-month,Yes,Bank transfer (automatic),95.65,3759.05,Yes,1,1,0,0,0,0,1,1,4,Below 5 years,0.69210035,2601.6398059636354,Medium Risk,Promote security service
Female,No,No,Yes,Yes,No,No,No internet service,No internet service,No internet service,No internet service,No internet service,No internet service,One year,Yes,Credit card (automatic),20.1,644.5,No,1,0,0,0,0,0,0,0,1,Below 3 years,0.1000953,64.51142205297947,Low Risk,Standard engagement
Male,No,No,No,Yes,No,DSL,No,No,No,No,No,No,Month-to-month,Yes,Mailed check,45.7,45.7,Yes,1,0,0,0,0,0,0,0,1,Below 1 year,0.8123098,37.12255793213845,High Risk - New Customer,Onboarding intervention
Female,No,Yes,No,Yes,Yes,Fiber optic,Yes,Yes,Yes,Yes,Yes,No,Two year,Yes,Bank transfer (automatic),103.95,7556.9,No,1,1,1,1,1,1,1,0,7,oldest Customers,0.10655313,805.211346977204,Low Risk,Standard engagement
Female,No,No,No,Yes,No,No,No internet service,No internet service,No internet service,No internet service,No internet service,No internet service,Month-to-month,Yes,Mailed check,20.15,20.15,Yes,1,0,0,0,0,0,0,0,1,Below 1 year,0.67439693,13.589098182320594,Medium Risk,Promote long-term contract
Male,Yes,Yes,Yes,Yes,Yes,Fiber optic,No,Yes,Yes,No,Yes,Yes,Month-to-month,No,Electronic check,105.75,2710.25,Yes,1,1,0,1,1,0,1,1,6,Below 3 years,0.763862,2070.257022947073,High Risk - High Value,Priority retention offer
Male,No,No,No,No,No phone service,DSL,Yes,Yes,No,Yes,No,No,Month-to-month,No,Mailed check,42.4,146.4,No,0,0,1,1,0,1,0,0,3,Below 1 year,0.36987114,54.14913482666016,Low Risk,Promote long-term contract
Female,Yes,Yes,No,Yes,Yes,Fiber optic,Yes,Yes,Yes,Yes,No,No,One year,Yes,Electronic check,94.05,5483.9,No,1,1,1,1,1,1,0,0,6,Below 5 years,0.23230551,1273.9401963368057,Low Risk,Standard engagement
Male,No,Yes,No,Yes,No,Fiber optic,Yes,No,No,No,Yes,Yes,Month-to-month,Yes,Electronic check,95.0,95.0,Yes,1,0,1,0,0,0,1,1,4,Below 1 year,0.88412964,83.99231612682343,High Risk - High Value,Priority retention offer
Female,No,No,No,Yes,No,No,No internet service,No internet service,No internet service,No internet service,No internet service,No internet service,Month-to-month,No,Mailed check,20.35,77.5,Yes,1,0,0,0,0,0,0,0,1,Below 1 year,0.3385548,26.237996965646744,Low Risk,Promote long-term contract
Male,No,Yes,Yes,Yes,No,Fiber optic,No,Yes,No,Yes,No,No,Month-to-month,No,Electronic check,79.4,4238.45,No,1,0,0,1,0,1,0,0,3,Below 5 years,0.3980266,1687.0157816469668,Low Risk,Promote security service
Female,No,Yes,No,Yes,No,Fiber optic,No,No,No,No,No,No,Month-to-month,Yes,Mailed check,69.4,69.4,Yes,1,0,0,0,0,0,0,0,1,Below 1 year,0.8601381,59.69358540773392,High Risk - New Customer,Onboarding intervention
Female,No,Yes,Yes,Yes,Yes,Fiber optic,No,Yes,No,No,No,Yes,Month-to-month,Yes,Electronic check,91.15,2995.45,Yes,1,1,0,1,0,0,0,1,4,Below 3 years,0.7327237,2194.8372458696363,High Risk - High Value,Priority retention offer
Female,No,Yes,Yes,Yes,Yes,DSL,Yes,Yes,Yes,Yes,Yes,Yes,Two year,Yes,Mailed check,90.6,5817.45,No,1,1,1,1,1,1,1,1,8,oldest Customers,0.08044957,468.0113724958151,Low Risk,Standard engagement
Male,No,Yes,Yes,Yes,No,No,No internet service,No internet service,No internet service,No internet service,No internet service,No internet service,Two year,No,Mailed check,20.9,454.0,No,1,0,0,0,0,0,0,0,1,Below 3 years,0.05302889,24.075115606188774,Low Risk,Standard engagement
Male,No,No,No,Yes,No,DSL,No,No,No,No,No,No,Month-to-month,Yes,Credit card (automatic),45.8,436.2,No,1,0,0,0,0,0,0,0,1,Below 1 year,0.48754627,212.6676808476448,Medium Risk,Promote security service
Female,No,Yes,Yes,Yes,No,Fiber optic,No,No,Yes,Yes,Yes,Yes,One year,No,Bank transfer (automatic),98.6,1704.95,Yes,1,0,0,0,1,1,1,1,5,Below 3 years,0.3761825,641.3723474889994,Low Risk,Promote security service
Female,No,No,No,Yes,No,Fiber optic,Yes,No,Yes,Yes,No,Yes,Month-to-month,Yes,Bank transfer (automatic),94.4,387.2,Yes,1,0,1,0,1,1,0,1,5,Below 1 year,0.74014443,286.5839239120483,High Risk - High Value,Priority retention offer
Female,No,No,No,Yes,Yes,DSL,Yes,No,Yes,Yes,Yes,Yes,One year,Yes,Credit card (automatic),85.95,3110.1,Yes,1,1,1,0,1,1,1,1,7,Below 3 years,0.27052775,841.368356063962,Low Risk,Standard engagement
Male,No,No,No,Yes,No,DSL,No,No,No,No,No,Yes,Month-to-month,Yes,Mailed check,55.7,55.7,Yes,1,0,0,0,0,0,0,1,2,Below 1 year,0.8223089,45.80260561704636,High Risk - New Customer,Onboarding intervention
Male,No,No,No,No,No phone service,DSL,Yes,No,No,No,No,No,Month-to-month,No,Mailed check,29.7,29.7,Yes,0,0,1,0,0,0,0,0,1,Below 1 year,0.68692064,20.40154309272766,Medium Risk,Offer technical support
Male,No,No,No,Yes,Yes,No,No internet service,No internet service,No internet service,No internet service,No internet service,No internet service,Two year,No,Mailed check,25.25,566.5,No,1,1,0,0,0,0,0,0,2,Below 3 years,0.06519848,36.93493953347206,Low Risk,Standard engagement
Female,No,No,No,Yes,No,DSL,Yes,Yes,No,No,No,No,Month-to-month,Yes,Electronic check,54.9,54.9,Yes,1,0,1,1,0,0,0,0,3,Below 1 year,0.7831685,42.99595035910606,High Risk - New Customer,Onboarding intervention
Female,No,No,No,Yes,Yes,DSL,Yes,No,Yes,No,Yes,Yes,One year,Yes,Electronic check,78.55,1843.05,No,1,1,1,0,1,0,1,1,6,Below 3 years,0.27421674,505.39516509622337,Low Risk,Offer technical support
Female,No,No,No,Yes,No,No,No internet service,No internet service,No internet service,No internet service,No internet service,No internet service,Two year,Yes,Mailed check,19.6,561.15,No,1,0,0,0,0,0,0,0,1,Below 3 years,0.05384425,30.214701301977037,Low Risk,Standard engagement
Male,Yes,Yes,No,Yes,No,Fiber optic,Yes,No,No,No,No,No,Month-to-month,No,Electronic check,75.3,720.45,No,1,0,1,0,0,0,0,0,2,Below 1 year,0.7142881,514.6088728129864,High Risk - High Value,Priority retention offer
Male,No,No,No,Yes,No,Fiber optic,No,No,No,No,No,No,Month-to-month,Yes,Electronic check,69.55,69.55,Yes,1,0,0,0,0,0,0,0,1,Below 1 year,0.903495,62.83807820379734,High Risk - New Customer,Onboarding intervention
Female,No,No,No,Yes,Yes,Fiber optic,No,No,No,No,No,No,Month-to-month,Yes,Electronic check,74.75,706.6,Yes,1,1,0,0,0,0,0,0,2,Below 1 year,0.8321143,587.9719497323036,High Risk - High Value,Priority retention offer
Female,No,Yes,No,Yes,Yes,DSL,No,No,Yes,Yes,No,Yes,One year,Yes,Mailed check,69.55,3435.6,No,1,1,0,0,1,1,0,1,5,Below 5 years,0.25185803,865.2834334015846,Low Risk,Promote security service
Female,No,Yes,No,Yes,Yes,DSL,No,No,No,No,Yes,Yes,One year,Yes,Credit card (automatic),70.15,3715.65,Yes,1,1,0,0,0,0,1,1,4,Below 5 years,0.28961262,1076.0991354748608,Low Risk,Promote security service
Female,Yes,Yes,No,Yes,Yes,Fiber optic,No,Yes,Yes,No,No,Yes,Month-to-month,Yes,Electronic check,93.85,2381.55,Yes,1,1,0,1,1,0,0,1,5,Below 3 years,0.78654575,1873.1980391979218,High Risk - High Value,Priority retention offer
Male,Yes,Yes,No,Yes,Yes,Fiber optic,Yes,Yes,Yes,Yes,No,No,One year,Yes,Electronic check,92.0,6585.2,No,1,1,1,1,1,1,0,0,6,oldest Customers,0.17628439,1160.8679499328136,Low Risk,Standard engagement
Male,No,Yes,No,Yes,Yes,Fiber optic,No,Yes,Yes,No,No,Yes,Month-to-month,Yes,Bank transfer (automatic),93.25,6669.45,No,1,1,0,1,1,0,0,1,5,oldest Customers,0.4760999,3175.324533757567,Medium Risk,Promote security service
Female,No,Yes,Yes,No,No phone service,DSL,No,Yes,No,No,No,No,Month-to-month,No,Mailed check,29.2,309.1,Yes,0,0,0,1,0,0,0,0,1,Below 3 years,0.4178048,129.14346597492695,Medium Risk,Promote security service
Male,No,No,No,Yes,No,Fiber optic,No,Yes,No,Yes,No,No,Two year,No,Bank transfer (automatic),80.6,2651.1,No,1,0,0,1,0,1,0,0,3,Below 3 years,0.14373861,381.0654356852174,Low Risk,Promote security service
Female,No,No,No,Yes,No,DSL,No,No,No,No,No,No,Month-to-month,Yes,Mailed check,46.0,193.6,Yes,1,0,0,0,0,0,0,0,1,Below 1 year,0.66633976,129.00337657928466,Medium Risk,Promote security service
Male,No,Yes,Yes,Yes,Yes,Fiber optic,No,Yes,Yes,No,Yes,Yes,Month-to-month,No,Electronic check,104.4,2157.95,Yes,1,1,0,1,1,0,1,1,6,Below 3 years,0.75224465,1623.306345310807,High Risk - High Value,Priority retention offer
Male,No,Yes,Yes,No,No phone service,DSL,Yes,No,No,No,Yes,Yes,Two year,No,Credit card (automatic),50.9,3281.65,No,0,0,1,0,0,0,1,1,3,oldest Customers,0.07855389,257.786381887272,Low Risk,Offer technical support
Male,No,No,No,Yes,Yes,DSL,No,No,Yes,Yes,Yes,Yes,One year,Yes,Credit card (automatic),82.0,1425.45,Yes,1,1,0,0,1,1,1,1,6,Below 3 years,0.30080932,428.7886505931616,Low Risk,Promote security service
Male,No,No,No,No,No phone service,DSL,No,No,Yes,Yes,No,No,One year,Yes,Credit card (automatic),35.5,249.55,No,0,0,0,0,1,1,0,0,2,Below 1 year,0.26562962,66.28787151128054,Low Risk,Promote security service
Female,No,No,No,No,No phone service,DSL,No,No,No,No,No,No,Month-to-month,Yes,Electronic check,24.45,86.6,Yes,0,0,0,0,0,0,0,0,0,Below 1 year,0.77350897,66.98587645292281,High Risk - New Customer,Onboarding intervention
Male,No,No,No,Yes,No,Fiber optic,No,No,No,No,Yes,Yes,Month-to-month,Yes,Electronic check,90.25,2755.35,Yes,1,0,0,0,0,0,1,1,3,Below 3 years,0.77490187,2135.1258589982986,High Risk - High Value,Priority retention offer
Female,No,No,No,No,No phone service,DSL,No,Yes,No,Yes,No,Yes,Month-to-month,No,Electronic check,44.95,3085.35,No,0,0,0,1,0,1,0,1,3,oldest Customers,0.2962625,914.0735126137733,Low Risk,Promote security service
Female,Yes,Yes,No,No,No phone service,DSL,Yes,No,Yes,No,No,Yes,Month-to-month,Yes,Electronic check,45.0,1228.65,No,0,0,1,0,1,0,0,1,3,Below 3 years,0.5769388,708.8558664053679,Medium Risk,Offer technical support
Male,No,No,No,No,No phone service,DSL,No,No,No,Yes,No,No,Month-to-month,Yes,Electronic check,29.7,438.25,Yes,0,0,0,0,0,1,0,0,1,Below 3 years,0.56653714,248.2849023938179,Medium Risk,Promote security service
Female,No,Yes,Yes,Yes,Yes,Fiber optic,No,Yes,Yes,No,Yes,Yes,Month-to-month,Yes,Electronic check,105.5,6985.65,Yes,1,1,0,1,1,0,1,1,6,oldest Customers,0.6802433,4751.941701641678,Medium Risk,Promote security service
Male,No,Yes,No,Yes,Yes,Fiber optic,Yes,Yes,Yes,Yes,Yes,Yes,Two year,Yes,Electronic check,116.25,8564.75,No,1,1,1,1,1,1,1,1,8,oldest Customers,0.14523585,1243.9087583385408,Low Risk,Standard engagement
Female,No,No,No,Yes,No,Fiber optic,No,No,No,No,No,No,Month-to-month,No,Mailed check,70.9,70.9,Yes,1,0,0,0,0,0,0,0,1,Below 1 year,0.8207924,58.19417952895165,High Risk - New Customer,Onboarding intervention
Female,No,No,No,Yes,No,Fiber optic,Yes,No,Yes,No,Yes,Yes,Month-to-month,Yes,Credit card (automatic),99.0,287.4,Yes,1,0,1,0,1,0,1,1,5,Below 1 year,0.8286495,238.15387229919432,High Risk - High Value,Priority retention offer
Female,No,Yes,Yes,Yes,Yes,Fiber optic,No,Yes,Yes,No,Yes,Yes,Month-to-month,Yes,Electronic check,103.95,7446.9,Yes,1,1,0,1,1,0,1,1,6,oldest Customers,0.69035006,5140.967829751969,Medium Risk,Promote security service
Female,Yes,No,No,Yes,Yes,Fiber optic,Yes,Yes,No,No,No,Yes,Month-to-month,Yes,Electronic check,95.0,2497.2,Yes,1,1,1,1,0,0,0,1,5,Below 3 years,0.7533963,1881.3811720848082,High Risk - High Value,Priority retention offer
Female,No,Yes,No,Yes,Yes,DSL,Yes,No,Yes,Yes,Yes,Yes,Two year,Yes,Credit card (automatic),85.0,5484.4,No,1,1,1,0,1,1,1,1,7,oldest Customers,0.08071674,442.6828702896833,Low Risk,Standard engagement
Female,Yes,Yes,No,Yes,Yes,Fiber optic,No,No,Yes,No,Yes,Yes,One year,Yes,Credit card (automatic),100.5,6029.0,No,1,1,0,0,1,0,1,1,5,oldest Customers,0.4460066,2688.9737678170204,Medium Risk,Promote security service
Female,Yes,No,No,Yes,Yes,Fiber optic,No,No,No,No,No,Yes,Month-to-month,Yes,Electronic check,85.05,85.05,Yes,1,1,0,0,0,0,0,1,3,Below 1 year,0.9261974,78.77308968901635,High Risk - High Value,Priority retention offer
Male,No,No,No,Yes,No,No,No internet service,No internet service,No internet service,No internet service,No internet service,No internet service,Month-to-month,No,Mailed check,20.15,20.15,Yes,1,0,0,0,0,0,0,0,1,Below 1 year,0.5702775,11.491091868281364,Medium Risk,Promote long-term contract
Female,No,Yes,Yes,Yes,Yes,No,No internet service,No internet service,No internet service,No internet service,No internet service,No internet service,Month-to-month,No,Mailed check,26.45,911.6,No,1,1,0,0,0,0,0,0,2,Below 5 years,0.1897645,172.98931789398193,Low Risk,Promote long-term contract
Male,No,Yes,Yes,Yes,No,No,No internet service,No internet service,No internet service,No internet service,No internet service,No internet service,Month-to-month,No,Mailed check,20.3,40.25,No,1,0,0,0,0,0,0,0,1,Below 1 year,0.34642312,13.943530552089214,Low Risk,Promote long-term contract
Male,Yes,No,No,Yes,Yes,Fiber optic,Yes,Yes,No,No,Yes,Yes,Month-to-month,Yes,Bank transfer (automatic),103.5,6548.65,No,1,1,1,1,0,0,1,1,6,oldest Customers,0.5621939,3681.610890340805,Medium Risk,Offer technical support
Female,No,Yes,No,Yes,No,No,No internet service,No internet service,No internet service,No internet service,No internet service,No internet service,One year,No,Mailed check,19.2,459.6,No,1,0,0,0,0,0,0,0,1,Below 3 years,0.09603236,44.136472061276436,Low Risk,Standard engagement
Male,Yes,No,No,Yes,Yes,Fiber optic,Yes,Yes,Yes,Yes,Yes,Yes,Two year,Yes,Credit card (automatic),116.1,7839.85,No,1,1,1,1,1,1,1,1,8,oldest Customers,0.23248295,1822.6314936570825,Low Risk,Standard engagement
Male,No,No,Yes,Yes,No,DSL,Yes,No,No,No,No,No,Month-to-month,Yes,Credit card (automatic),52.1,670.65,No,1,0,1,0,0,0,0,0,2,Below 3 years,0.41533244,278.54269858002664,Medium Risk,Offer technical support
Male,No,No,No,Yes,No,Fiber optic,No,No,No,No,Yes,No,Month-to-month,Yes,Electronic check,78.95,78.95,Yes,1,0,0,0,0,0,1,0,2,Below 1 year,0.91723704,72.41586457490921,High Risk - High Value,Priority retention offer
Female,No,No,No,Yes,No,Fiber optic,No,Yes,No,No,No,No,Month-to-month,Yes,Credit card (automatic),74.3,74.3,Yes,1,0,0,1,0,0,0,0,2,Below 1 year,0.8631389,64.13122131824493,High Risk - New Customer,Onboarding intervention
Male,No,No,No,Yes,Yes,Fiber optic,No,No,No,No,Yes,Yes,Month-to-month,Yes,Electronic check,95.45,95.45,Yes,1,1,0,0,0,0,1,1,4,Below 1 year,0.9293167,88.70327896773816,High Risk - High Value,Priority retention offer
Female,No,No,No,Yes,No,Fiber optic,No,Yes,No,No,No,No,Month-to-month,Yes,Electronic check,75.7,75.7,Yes,1,0,0,1,0,0,0,0,2,Below 1 year,0.90172297,68.26042864918709,High Risk - High Value,Priority retention offer
Female,No,No,No,Yes,No,Fiber optic,No,No,Yes,No,No,No,Month-to-month,No,Electronic check,75.35,1025.95,Yes,1,0,0,0,1,0,0,0,2,Below 3 years,0.790383,810.8934196650982,High Risk - High Value,Priority retention offer
Male,No,No,No,Yes,No,Fiber optic,No,No,No,No,No,No,Month-to-month,No,Credit card (automatic),70.7,140.7,Yes,1,0,0,0,0,0,0,0,1,Below 1 year,0.78741133,110.78877443075179,High Risk - New Customer,Onboarding intervention
Female,No,Yes,No,Yes,No,No,No internet service,No internet service,No internet service,No internet service,No internet service,No internet service,One year,No,Credit card (automatic),19.05,990.45,No,1,0,0,0,0,0,0,0,1,Below 5 years,0.09889234,97.94791674055159,Low Risk,Standard engagement
Male,No,No,No,Yes,Yes,Fiber optic,No,Yes,No,No,Yes,No,Month-to-month,Yes,Credit card (automatic),90.55,2282.55,Yes,1,1,0,1,0,0,1,0,4,Below 3 years,0.6421244,1465.6810821890833,Medium Risk,Promote security service
Male,Yes,No,No,Yes,No,No,No internet service,No internet service,No internet service,No internet service,No internet service,No internet service,One year,No,Credit card (automatic),19.3,504.2,No,1,0,0,0,0,0,0,0,1,Below 3 years,0.104851685,52.86621981114149,Low Risk,Standard engagement
Female,No,No,No,Yes,No,Fiber optic,No,No,No,Yes,No,Yes,Month-to-month,No,Electronic check,85.8,272.2,Yes,1,0,0,0,0,1,0,1,3,Below 1 year,0.83325565,226.8121875524521,High Risk - High Value,Priority retention offer
Female,No,No,No,Yes,Yes,Fiber optic,No,No,No,No,No,No,Month-to-month,Yes,Electronic check,74.75,799.65,Yes,1,1,0,0,0,0,0,0,2,Below 1 year,0.82824177,662.3035277813673,High Risk - High Value,Priority retention offer
Female,No,Yes,Yes,No,No phone service,DSL,Yes,No,Yes,No,No,No,One year,No,Credit card (automatic),35.4,1412.4,No,0,0,1,0,1,0,0,0,2,Below 5 years,0.13790275,194.77384631037714,Low Risk,Offer technical support
Female,No,No,No,Yes,No,Fiber optic,No,Yes,No,Yes,No,Yes,Month-to-month,Yes,Electronic check,89.35,461.7,Yes,1,0,0,1,0,1,0,1,4,Below 1 year,0.818703,377.99517315030096,High Risk - High Value,Priority retention offer
Female,No,No,No,No,No phone service,DSL,No,Yes,No,No,Yes,Yes,Month-to-month,Yes,Electronic check,50.8,3027.4,Yes,0,0,0,1,0,0,1,1,3,oldest Customers,0.5507628,1667.3792176485063,Medium Risk,Promote security service
Female,No,Yes,Yes,Yes,No,DSL,No,No,Yes,Yes,No,No,One year,Yes,Credit card (automatic),54.4,957.1,No,1,0,0,0,1,1,0,0,3,Below 3 years,0.19212958,183.88722309172155,Low Risk,Promote security service
Female,Yes,No,No,Yes,Yes,Fiber optic,No,No,No,No,No,No,Month-to-month,Yes,Electronic check,73.9,2217.15,Yes,1,1,0,0,0,0,0,0,2,Below 3 years,0.74805415,1658.548251503706,High Risk - General,Promote security service
Female,Yes,Yes,No,Yes,Yes,Fiber optic,No,No,Yes,No,Yes,Yes,Month-to-month,Yes,Electronic check,100.8,100.8,Yes,1,1,0,0,1,0,1,1,5,Below 1 year,0.93019,93.76315469741822,High Risk - High Value,Priority retention offer
Female,No,Yes,No,Yes,Yes,DSL,Yes,Yes,Yes,No,No,No,Month-to-month,No,Mailed check,66.3,1559.45,No,1,1,1,1,1,0,0,0,5,Below 3 years,0.29247606,456.1017886579037,Low Risk,Offer technical support
Male,No,Yes,Yes,Yes,No,No,No internet service,No internet service,No internet service,No internet service,No internet service,No internet service,Month-to-month,No,Mailed check,19.9,19.9,Yes,1,0,0,0,0,0,0,0,1,Below 1 year,0.5076181,10.10160077214241,Medium Risk,Promote long-term contract
Male,No,No,Yes,Yes,No,DSL,No,No,No,No,No,No,Month-to-month,Yes,Electronic check,44.4,44.4,Yes,1,0,0,0,0,0,0,0,1,Below 1 year,0.8428114,37.420826411247255,High Risk - New Customer,Onboarding intervention
Female,No,No,No,Yes,No,No,No internet service,No internet service,No internet service,No internet service,No internet service,No internet service,Month-to-month,Yes,Mailed check,19.6,59.75,Yes,1,0,0,0,0,0,0,0,1,Below 1 year,0.4071991,24.330147095024586,Medium Risk,Promote long-term contract
Female,No,Yes,Yes,Yes,Yes,DSL,No,Yes,No,Yes,Yes,Yes,Month-to-month,No,Credit card (automatic),80.45,1137.05,No,1,1,0,1,0,1,1,1,6,Below 3 years,0.36265144,412.35281703323125,Low Risk,Promote security service
Male,Yes,Yes,No,No,No phone service,DSL,Yes,No,No,No,No,No,Month-to-month,No,Credit card (automatic),30.75,805.1,Yes,0,0,1,0,0,0,0,0,1,Below 3 years,0.4521445,364.02153984308245,Medium Risk,Offer technical support
Male,No,Yes,Yes,Yes,No,No,No internet service,No internet service,No internet service,No internet service,No internet service,No internet service,One year,No,Bank transfer (automatic),20.05,746.75,No,1,0,0,0,0,0,0,0,1,Below 3 years,0.095456354,71.2820325884968,Low Risk,Standard engagement
Male,No,No,No,Yes,Yes,Fiber optic,No,Yes,No,No,Yes,Yes,Month-to-month,Yes,Credit card (automatic),100.85,4740.0,Yes,1,1,0,1,0,0,1,1,5,Below 5 years,0.66831195,3167.798659801483,Medium Risk,Promote security service
Male,No,No,No,Yes,Yes,Fiber optic,No,No,No,Yes,Yes,No,Month-to-month,Yes,Electronic check,89.95,1178.4,Yes,1,1,0,0,0,1,1,0,4,Below 3 years,0.814242,959.5027791023255,High Risk - High Value,Priority retention offer
Male,No,No,No,Yes,No,Fiber optic,No,No,Yes,No,Yes,Yes,Month-to-month,Yes,Electronic check,94.05,811.65,No,1,0,0,0,1,0,1,1,4,Below 1 year,0.8574306,695.9335280478,High Risk - High Value,Priority retention offer
Female,No,No,No,Yes,Yes,No,No internet service,No internet service,No internet service,No internet service,No internet service,No internet service,Two year,No,Electronic check,24.45,1493.1,No,1,1,0,0,0,0,0,0,2,Below 5 years,0.09871581,147.3925788491964,Low Risk,Standard engagement
Female,No,Yes,Yes,Yes,No,No,No internet service,No internet service,No internet service,No internet service,No internet service,No internet service,Month-to-month,Yes,Mailed check,19.4,1182.55,Yes,1,0,0,0,0,0,0,0,1,oldest Customers,0.15194432,179.6817607887089,Low Risk,Promote long-term contract
Male,No,No,No,Yes,Yes,DSL,No,No,Yes,Yes,No,No,Month-to-month,No,Electronic check,59.55,1144.6,No,1,1,0,0,1,1,0,0,4,Below 3 years,0.4450209,509.37093825340264,Medium Risk,Promote security service
Male,No,No,No,Yes,No,Fiber optic,No,No,No,No,Yes,Yes,Month-to-month,Yes,Electronic check,89.5,863.1,Yes,1,0,0,0,0,0,1,1,3,Below 1 year,0.8571343,739.7925993025303,High Risk - High Value,Priority retention offer
Female,Yes,No,No,Yes,No,Fiber optic,No,Yes,No,No,Yes,Yes,Month-to-month,Yes,Electronic check,94.75,2293.6,Yes,1,0,0,1,0,0,1,1,4,Below 3 years,0.80373454,1843.4455430984497,High Risk - High Value,Priority retention offer
Female,No,Yes,Yes,Yes,Yes,DSL,Yes,No,No,Yes,No,No,Two year,No,Credit card (automatic),61.4,4059.85,No,1,1,1,0,0,1,0,0,4,oldest Customers,0.061893884,251.27988533321766,Low Risk,Standard engagement
Male,No,Yes,Yes,Yes,No,No,No internet service,No internet service,No internet service,No internet service,No internet service,No internet service,Two year,No,Credit card (automatic),19.45,754.5,No,1,0,0,0,0,0,0,0,1,Below 5 years,0.052769978,39.81494809873402,Low Risk,Standard engagement
Female,Yes,Yes,No,Yes,No,No,No internet service,No internet service,No internet service,No internet service,No internet service,No internet service,Two year,Yes,Bank transfer (automatic),20.05,1263.05,No,1,0,0,0,0,0,0,0,1,oldest Customers,0.059087373,74.63030686713755,Low Risk,Standard engagement
Male,No,No,No,Yes,No,Fiber optic,No,Yes,Yes,Yes,Yes,Yes,One year,Yes,Bank transfer (automatic),105.0,5426.85,Yes,1,0,0,1,1,1,1,1,6,Below 5 years,0.4953609,2688.249359276891,Medium Risk,Promote security service
Female,No,No,No,Yes,No,Fiber optic,No,No,Yes,Yes,Yes,Yes,Month-to-month,Yes,Electronic check,100.4,715.0,No,1,0,0,0,1,1,1,1,5,Below 1 year,0.8389599,599.8563089966774,High Risk - High Value,Priority retention offer
Female,No,Yes,Yes,Yes,Yes,Fiber optic,Yes,Yes,Yes,No,Yes,Yes,Two year,No,Credit card (automatic),109.55,7887.25,No,1,1,1,1,1,0,1,1,7,oldest Customers,0.08524902,672.3803460039198,Low Risk,Offer technical support
Female,No,No,No,Yes,Yes,Fiber optic,No,No,Yes,No,Yes,Yes,Month-to-month,Yes,Electronic check,98.75,2407.3,Yes,1,1,0,0,1,0,1,1,5,Below 3 years,0.8407868,2024.0260990023614,High Risk - High Value,Priority retention offer
Male,No,Yes,Yes,Yes,Yes,Fiber optic,Yes,No,Yes,No,Yes,Yes,One year,Yes,Bank transfer (automatic),106.1,7848.5,No,1,1,1,0,1,0,1,1,6,oldest Customers,0.33971494,2666.252740830183,Low Risk,Offer technical support
Male,Yes,Yes,No,No,No phone service,DSL,No,No,Yes,Yes,No,No,Month-to-month,No,Mailed check,34.25,828.2,No,0,0,0,0,1,1,0,0,2,Below 3 years,0.3021203,250.2160309255123,Low Risk,Promote security service
Male,No,No,No,Yes,No,DSL,Yes,No,No,No,No,No,Month-to-month,No,Electronic check,49.75,49.75,No,1,0,1,0,0,0,0,0,2,Below 1 year,0.72840464,36.238130897283554,High Risk - New Customer,Onboarding intervention
Male,No,No,No,Yes,No,Fiber optic,No,Yes,No,No,No,No,Month-to-month,Yes,Electronic check,74.55,824.75,Yes,1,0,0,1,0,0,0,0,2,Below 1 year,0.7934437,654.3926749229431,High Risk - New Customer,Onboarding intervention
Male,No,No,No,Yes,Yes,Fiber optic,Yes,No,No,No,Yes,Yes,Month-to-month,Yes,Bank transfer (automatic),101.35,2317.1,Yes,1,1,1,0,0,0,1,1,5,Below 3 years,0.73991966,1714.4678499221802,High Risk - High Value,Priority retention offer
Male,No,Yes,Yes,Yes,No,DSL,Yes,Yes,Yes,Yes,Yes,No,One year,Yes,Electronic check,75.1,5013.0,No,1,0,1,1,1,1,1,0,6,oldest Customers,0.16602996,832.3081890642643,Low Risk,Standard engagement
Female,No,No,No,Yes,Yes,Fiber optic,No,No,Yes,No,Yes,Yes,Month-to-month,Yes,Electronic check,99.65,820.5,Yes,1,1,0,0,1,0,1,1,5,Below 1 year,0.88906014,729.4738445878029,High Risk - High Value,Priority retention offer
Male,No,Yes,No,Yes,Yes,Fiber optic,Yes,No,Yes,Yes,Yes,Yes,One year,Yes,Electronic check,110.7,4428.6,No,1,1,1,0,1,1,1,1,7,Below 5 years,0.5038424,2231.3165120959284,Medium Risk,Standard engagement
Male,No,Yes,No,Yes,Yes,Fiber optic,Yes,Yes,Yes,No,No,No,One year,Yes,Electronic check,93.15,5253.95,No,1,1,1,1,1,0,0,0,5,Below 5 years,0.22598226,1187.2995142839848,Low Risk,Offer technical support
Male,No,Yes,Yes,Yes,Yes,No,No internet service,No internet service,No internet service,No internet service,No internet service,No internet service,Two year,No,Bank transfer (automatic),24.45,1718.2,No,1,1,0,0,0,0,0,0,2,oldest Customers,0.049113907,84.38751486986875,Low Risk,Standard engagement
Male,No,Yes,Yes,Yes,Yes,DSL,Yes,Yes,Yes,Yes,Yes,Yes,Two year,No,Electronic check,90.35,6325.25,No,1,1,1,1,1,1,1,1,8,oldest Customers,0.098921165,625.7010980956256,Low Risk,Standard engagement
Male,Yes,Yes,No,Yes,No,Fiber optic,No,No,No,No,No,No,Month-to-month,Yes,Electronic check,70.3,70.3,Yes,1,0,0,0,0,0,0,0,1,Below 1 year,0.90894836,63.899069839715956,High Risk - New Customer,Onboarding intervention
Male,Yes,No,No,Yes,Yes,Fiber optic,No,No,No,No,No,Yes,Month-to-month,Yes,Electronic check,85.05,746.5,Yes,1,1,0,0,0,0,0,1,3,Below 1 year,0.8667476,647.0270966291428,High Risk - High Value,Priority retention offer
Male,No,No,No,Yes,No,No,No internet service,No internet service,No internet service,No internet service,No internet service,No internet service,One year,Yes,Mailed check,20.15,163.7,No,1,0,0,0,0,0,0,0,1,Below 1 year,0.11661679,19.090169010311364,Low Risk,Standard engagement
Male,No,Yes,No,Yes,No,Fiber optic,Yes,Yes,No,No,No,Yes,One year,Yes,Credit card (automatic),90.6,6056.15,Yes,1,0,1,1,0,0,0,1,4,oldest Customers,0.28886583,1749.4148234531283,Low Risk,Offer technical support
Male,No,Yes,Yes,Yes,No,DSL,Yes,Yes,No,Yes,No,No,One year,No,Mailed check,60.05,3994.05,No,1,0,1,1,0,1,0,0,4,oldest Customers,0.10489885,418.9712424147874,Low Risk,Standard engagement
Female,No,No,No,Yes,No,DSL,No,No,No,No,No,No,Month-to-month,No,Mailed check,44.75,148.05,No,1,0,0,0,0,0,0,0,1,Below 1 year,0.67526525,99.97302064597608,Medium Risk,Promote security service
Female,No,No,Yes,Yes,No,DSL,No,No,No,No,No,No,Month-to-month,Yes,Electronic check,44.55,480.6,Yes,1,0,0,0,0,0,0,0,1,Below 3 years,0.61845315,297.2285815000534,Medium Risk,Promote security service
Male,No,Yes,Yes,No,No phone service,DSL,No,No,Yes,Yes,Yes,Yes,One year,Yes,Electronic check,54.3,2317.1,No,0,0,0,0,1,1,1,1,4,Below 5 years,0.31116223,720.9940109014511,Low Risk,Promote security service
Female,No,Yes,Yes,Yes,Yes,No,No internet service,No internet service,No internet service,No internet service,No internet service,No internet service,Two year,No,Bank transfer (automatic),24.7,1685.9,No,1,1,0,0,0,0,0,0,2,oldest Customers,0.049159378,82.87779505550861,Low Risk,Standard engagement
Female,No,No,No,No,No phone service,DSL,No,No,Yes,Yes,No,No,Month-to-month,No,Mailed check,35.9,35.9,No,0,0,0,0,1,1,0,0,2,Below 1 year,0.6641442,23.842777425050734,Medium Risk,Promote security service
Male,No,Yes,Yes,Yes,No,No,No internet service,No internet service,No internet service,No internet service,No internet service,No internet service,Month-to-month,Yes,Mailed check,19.35,152.6,No,1,0,0,0,0,0,0,0,1,Below 1 year,0.2749054,41.950566083192825,Low Risk,Promote long-term contract
Female,No,No,No,Yes,Yes,Fiber optic,No,No,Yes,No,Yes,Yes,One year,Yes,Credit card (automatic),100.05,6254.2,Yes,1,1,0,0,1,0,1,1,5,oldest Customers,0.44265884,2768.4769271969794,Medium Risk,Promote security service
Female,No,No,No,Yes,No,Fiber optic,No,No,No,No,No,Yes,Month-to-month,No,Electronic check,80.55,184.1,Yes,1,0,0,0,0,0,0,1,2,Below 1 year,0.8882846,163.53319920897482,High Risk - High Value,Priority retention offer
Female,No,Yes,Yes,Yes,No,DSL,Yes,No,Yes,No,No,No,One year,No,Credit card (automatic),54.75,3425.35,No,1,0,1,0,1,0,0,0,3,oldest Customers,0.11593344,397.1126108471304,Low Risk,Offer technical support
Female,No,No,No,Yes,No,No,No internet service,No internet service,No internet service,No internet service,No internet service,No internet service,One year,No,Bank transfer (automatic),20.55,654.55,No,1,0,0,0,0,0,0,0,1,Below 3 years,0.101133585,66.19698804616928,Low Risk,Standard engagement
Male,No,No,Yes,Yes,Yes,Fiber optic,Yes,No,No,No,No,No,Month-to-month,No,Electronic check,80.35,1747.2,No,1,1,1,0,0,0,0,0,3,Below 3 years,0.6351176,1109.677453994751,Medium Risk,Offer technical support
Female,No,No,No,Yes,No,DSL,No,No,No,No,Yes,No,Month-to-month,Yes,Credit card (automatic),55.0,55.0,Yes,1,0,0,0,0,0,1,0,2,Below 1 year,0.82340676,45.28737157583237,High Risk - New Customer,Onboarding intervention
Female,No,Yes,Yes,Yes,Yes,Fiber optic,No,Yes,Yes,No,Yes,Yes,One year,Yes,Credit card (automatic),102.45,6615.15,Yes,1,1,0,1,1,0,1,1,6,oldest Customers,0.44500992,2943.80735258013,Medium Risk,Promote security service
Male,No,No,Yes,Yes,No,No,No internet service,No internet service,No internet service,No internet service,No internet service,No internet service,Month-to-month,No,Bank transfer (automatic),20.2,50.6,No,1,0,0,0,0,0,0,0,1,Below 1 year,0.35789958,18.10971856713295,Low Risk,Promote long-term contract
Female,Yes,No,No,Yes,Yes,Fiber optic,Yes,No,No,No,No,No,Month-to-month,Yes,Electronic check,79.15,1520.9,Yes,1,1,1,0,0,0,0,0,3,Below 3 years,0.6844265,1040.9442433059216,Medium Risk,Offer technical support
Female,Yes,No,No,Yes,No,Fiber optic,No,No,No,No,Yes,No,Month-to-month,Yes,Electronic check,80.85,751.65,Yes,1,0,0,0,0,0,1,0,2,Below 1 year,0.8424846,633.2535446226597,High Risk - High Value,Priority retention offer
Female,No,Yes,No,Yes,No,Fiber optic,No,No,No,No,Yes,Yes,Month-to-month,No,Electronic check,89.45,853.1,Yes,1,0,0,0,0,0,1,1,3,Below 1 year,0.85128695,726.2328951060772,High Risk - High Value,Priority retention offer
Female,Yes,No,No,Yes,Yes,DSL,Yes,No,No,No,No,No,Month-to-month,Yes,Electronic check,54.1,889.0,No,1,1,1,0,0,0,0,0,3,Below 3 years,0.5893104,523.8969523906708,Medium Risk,Offer technical support
Male,No,Yes,No,No,No phone service,DSL,No,Yes,No,No,No,No,Month-to-month,No,Electronic check,30.4,1621.35,No,0,0,0,1,0,0,0,0,1,Below 5 years,0.47680712,773.0712198972701,Medium Risk,Promote security service
Female,No,No,No,Yes,No,Fiber optic,No,Yes,No,No,Yes,No,Month-to-month,No,Electronic check,83.75,247.25,Yes,1,0,0,1,0,0,1,0,3,Below 1 year,0.837491,207.0696437805891,High Risk - High Value,Priority retention offer
Male,No,Yes,Yes,Yes,No,No,No internet service,No internet service,No internet service,No internet service,No internet service,No internet service,One year,No,Mailed check,19.85,35.9,Yes,1,0,0,0,0,0,0,0,1,Below 1 year,0.18204091,6.535268844664096,Low Risk,Standard engagement
Female,No,Yes,No,Yes,Yes,Fiber optic,Yes,Yes,Yes,Yes,Yes,Yes,One year,No,Mailed check,113.3,5032.25,No,1,1,1,1,1,1,1,1,8,Below 5 years,0.34529424,1737.6069248318672,Low Risk,Standard engagement
Female,No,No,No,No,No phone service,DSL,Yes,No,Yes,Yes,Yes,Yes,Two year,Yes,Bank transfer (automatic),58.35,4214.25,No,0,0,1,0,1,1,1,1,5,oldest Customers,0.05752208,242.41242917440832,Low Risk,Standard engagement
Female,No,Yes,Yes,Yes,Yes,Fiber optic,Yes,No,No,No,Yes,Yes,Month-to-month,Yes,Electronic check,100.25,1064.65,Yes,1,1,1,0,0,0,1,1,5,Below 1 year,0.8106913,863.1024894088507,High Risk - High Value,Priority retention offer
Male,No,No,No,Yes,Yes,DSL,No,No,No,No,No,No,Month-to-month,Yes,Credit card (automatic),49.8,49.8,No,1,1,0,0,0,0,0,0,2,Below 1 year,0.8035427,40.01642514467239,High Risk - New Customer,Onboarding intervention
Female,Yes,Yes,Yes,Yes,Yes,Fiber optic,Yes,Yes,No,Yes,Yes,Yes,Month-to-month,Yes,Electronic check,110.2,4972.1,No,1,1,1,1,0,1,1,1,7,Below 5 years,0.5297715,2634.0769088923935,Medium Risk,Promote long-term contract
Female,No,No,No,Yes,Yes,Fiber optic,No,No,No,No,No,No,Month-to-month,No,Credit card (automatic),74.9,147.15,Yes,1,1,0,0,0,0,0,0,2,Below 1 year,0.810176,119.21740059256554,High Risk - High Value,Priority retention offer
Female,No,No,No,Yes,No,Fiber optic,No,No,Yes,No,Yes,No,Month-to-month,Yes,Credit card (automatic),85.55,85.55,Yes,1,0,0,0,1,0,1,0,3,Below 1 year,0.8963564,76.68329034745693,High Risk - High Value,Priority retention offer
Male,No,No,No,Yes,Yes,Fiber optic,No,Yes,No,No,No,No,Month-to-month,No,Bank transfer (automatic),81.0,4085.75,No,1,1,0,1,0,0,0,0,3,Below 5 years,0.36914945,1508.2523509860039,Low Risk,Promote security service
Female,No,No,No,Yes,Yes,Fiber optic,No,No,No,No,Yes,No,Month-to-month,Yes,Electronic check,85.2,1553.9,Yes,1,1,0,0,0,0,1,0,3,Below 3 years,0.7865529,1222.2245606899262,High Risk - High Value,Priority retention offer
Female,Yes,No,No,Yes,Yes,Fiber optic,No,No,No,No,Yes,No,Month-to-month,Yes,Credit card (automatic),83.15,446.05,Yes,1,1,0,0,0,0,1,0,3,Below 1 year,0.8233578,367.258755838871,High Risk - High Value,Priority retention offer
Male,No,No,No,No,No phone service,DSL,No,No,No,No,Yes,Yes,Month-to-month,Yes,Electronic check,44.55,174.3,Yes,0,0,0,0,0,0,1,1,2,Below 1 year,0.8177655,142.53652217388154,High Risk - New Customer,Onboarding intervention
Male,No,Yes,Yes,Yes,Yes,DSL,Yes,Yes,No,Yes,No,No,One year,No,Bank transfer (automatic),64.15,3491.55,No,1,1,1,1,0,1,0,0,5,Below 5 years,0.11770324,410.9667358886451,Low Risk,Standard engagement
Male,Yes,Yes,Yes,Yes,No,No,No internet service,No internet service,No internet service,No internet service,No internet service,No internet service,Two year,No,Credit card (automatic),19.8,1388.45,No,1,0,0,0,0,0,0,0,1,oldest Customers,0.055910468,77.62888943552971,Low Risk,Standard engagement
Female,No,Yes,No,Yes,No,Fiber optic,No,Yes,Yes,Yes,No,No,One year,Yes,Bank transfer (automatic),86.2,3339.05,No,1,0,0,1,1,1,0,0,4,Below 5 years,0.26133993,872.6271022155881,Low Risk,Promote security service
Female,No,No,No,Yes,Yes,Fiber optic,No,No,No,No,No,No,Month-to-month,Yes,Electronic check,75.1,75.1,Yes,1,1,0,0,0,0,0,0,2,Below 1 year,0.9082124,68.20675299167632,High Risk - High Value,Priority retention offer
Female,No,Yes,Yes,Yes,No,No,No internet service,No internet service,No internet service,No internet service,No internet service,No internet service,Two year,No,Mailed check,20.1,486.05,No,1,0,0,0,0,0,0,0,1,Below 3 years,0.053010333,25.765672514773907,Low Risk,Standard engagement
Female,No,No,No,Yes,Yes,Fiber optic,No,No,No,Yes,Yes,No,Month-to-month,No,Electronic check,90.15,987.95,Yes,1,1,0,0,0,1,1,0,4,Below 1 year,0.80618584,796.4713021695615,High Risk - High Value,Priority retention offer
Female,No,No,No,Yes,Yes,DSL,Yes,No,Yes,No,Yes,Yes,Two year,No,Mailed check,79.2,3593.8,No,1,1,1,0,1,0,1,1,6,Below 5 years,0.07301131,262.3880419552326,Low Risk,Offer technical support
Female,No,No,No,Yes,No,Fiber optic,No,No,No,No,No,Yes,Month-to-month,No,Credit card (automatic),80.15,80.15,Yes,1,0,0,0,0,0,0,1,2,Below 1 year,0.86204535,69.09293461740018,High Risk - High Value,Priority retention offer
Female,No,Yes,No,Yes,Yes,DSL,Yes,Yes,Yes,Yes,Yes,Yes,Two year,No,Bank transfer (automatic),87.95,6365.35,No,1,1,1,1,1,1,1,1,8,oldest Customers,0.061129224,389.1089031578973,Low Risk,Standard engagement
Female,No,No,No,Yes,No,Fiber optic,Yes,Yes,No,No,Yes,Yes,One year,Yes,Credit card (automatic),100.05,5299.65,No,1,0,1,1,0,0,1,1,5,Below 5 years,0.31329188,1660.3372986361383,Low Risk,Offer technical support
Female,No,No,No,No,No phone service,DSL,No,No,No,Yes,No,No,Month-to-month,Yes,Electronic check,31.2,926.2,No,0,0,0,0,0,1,0,0,1,Below 3 years,0.4302213,398.4709582388401,Medium Risk,Promote security service
Male,Yes,No,No,Yes,Yes,Fiber optic,No,Yes,Yes,No,Yes,Yes,Month-to-month,Yes,Credit card (automatic),102.95,2496.7,Yes,1,1,0,1,1,0,1,1,6,Below 3 years,0.7674703,1916.143098503351,High Risk - High Value,Priority retention offer
Male,No,No,No,Yes,No,Fiber optic,No,No,Yes,No,No,No,Month-to-month,No,Mailed check,74.65,544.55,Yes,1,0,0,0,1,0,0,0,2,Below 1 year,0.6731779,366.57902431786056,Medium Risk,Promote security service
Female,No,No,No,Yes,Yes,DSL,Yes,No,No,No,No,No,Month-to-month,Yes,Electronic check,53.65,404.35,No,1,1,1,0,0,0,0,0,3,Below 1 year,0.61154866,247.27970155477524,Medium Risk,Offer technical support
Male,Yes,No,No,Yes,Yes,Fiber optic,No,No,No,No,Yes,Yes,Month-to-month,Yes,Electronic check,95.7,4816.7,Yes,1,1,0,0,0,0,1,1,4,Below 5 years,0.7870917,3791.18445854783,High Risk - High Value,Priority retention offer
Male,No,Yes,Yes,Yes,Yes,No,No internet service,No internet service,No internet service,No internet service,No internet service,No internet service,Two year,No,Credit card (automatic),25.15,1790.15,No,1,1,0,0,0,0,0,0,2,oldest Customers,0.05002133,89.54568704534323,Low Risk,Standard engagement
Male,Yes,Yes,No,Yes,Yes,Fiber optic,No,No,Yes,No,Yes,Yes,Month-to-month,No,Electronic check,100.6,5746.15,Yes,1,1,0,0,1,0,1,1,5,Below 5 years,0.6771074,3890.7606505483386,Medium Risk,Promote security service
Male,No,Yes,No,Yes,Yes,Fiber optic,Yes,Yes,Yes,Yes,No,Yes,One year,Yes,Credit card (automatic),107.2,7317.1,No,1,1,1,1,1,1,0,1,7,oldest Customers,0.4062459,2972.5417818129063,Medium Risk,Standard engagement
Male,No,No,Yes,Yes,Yes,Fiber optic,No,No,No,Yes,No,No,Month-to-month,Yes,Electronic check,79.5,2180.55,Yes,1,1,0,0,0,1,0,0,3,Below 3 years,0.59843284,1304.9127268999816,Medium Risk,Promote security service
Male,No,No,No,Yes,Yes,No,No internet service,No internet service,No internet service,No internet service,No internet service,No internet service,Two year,Yes,Credit card (automatic),25.3,1474.35,No,1,1,0,0,0,0,0,0,2,Below 5 years,0.055057302,81.1737333767116,Low Risk,Standard engagement
Female,No,No,No,No,No phone service,DSL,Yes,Yes,No,No,No,No,Month-to-month,Yes,Electronic check,33.65,137.85,Yes,0,0,1,1,0,0,0,0,2,Below 1 year,0.63291854,87.24782027900218,Medium Risk,Offer technical support
Female,Yes,No,No,Yes,No,Fiber optic,No,No,Yes,No,Yes,Yes,Month-to-month,Yes,Credit card (automatic),94.45,742.95,Yes,1,0,0,0,1,0,1,1,4,Below 1 year,0.83331186,619.1090432614088,High Risk - High Value,Priority retention offer
Male,No,No,Yes,Yes,Yes,Fiber optic,No,No,Yes,No,Yes,Yes,Month-to-month,Yes,Electronic check,99.75,99.75,Yes,1,1,0,0,1,0,1,1,5,Below 1 year,0.92497,92.26575462520123,High Risk - High Value,Priority retention offer
Male,No,No,No,Yes,No,DSL,No,No,No,Yes,Yes,No,One year,Yes,Electronic check,59.8,727.8,Yes,1,0,0,0,0,1,1,0,3,Below 3 years,0.33450362,243.45173526406288,Low Risk,Promote security service
Female,No,Yes,Yes,Yes,Yes,Fiber optic,No,No,No,No,Yes,No,Month-to-month,Yes,Bank transfer (automatic),85.35,754.65,Yes,1,1,0,0,0,0,1,0,3,Below 1 year,0.785922,593.0960304111242,High Risk - High Value,Priority retention offer
Female,No,No,No,Yes,No,DSL,No,No,Yes,Yes,No,Yes,Month-to-month,No,Mailed check,64.1,504.05,No,1,0,0,0,1,1,0,1,4,Below 1 year,0.45405766,228.86776537746192,Medium Risk,Promote security service
Female,No,No,No,Yes,No,Fiber optic,No,No,Yes,No,No,Yes,Month-to-month,No,Electronic check,83.9,497.55,Yes,1,0,0,0,1,0,0,1,3,Below 1 year,0.85649306,426.1481199234724,High Risk - High Value,Priority retention offer
Female,No,No,No,Yes,No,DSL,No,No,No,No,No,No,Month-to-month,No,Electronic check,45.55,84.4,No,1,0,0,0,0,0,0,0,1,Below 1 year,0.82199574,69.37644004821777,High Risk - New Customer,Onboarding intervention
Female,No,Yes,Yes,Yes,Yes,Fiber optic,No,No,No,No,No,Yes,Month-to-month,No,Credit card (automatic),86.15,2745.7,Yes,1,1,0,0,0,0,0,1,3,Below 3 years,0.6213281,1705.980606627464,Medium Risk,Promote security service
Female,No,No,No,Yes,Yes,Fiber optic,No,Yes,No,No,Yes,Yes,Month-to-month,Yes,Electronic check,99.15,3615.6,Yes,1,1,0,1,0,0,1,1,5,Below 5 years,0.7709581,2787.476198887825,High Risk - High Value,Priority retention offer
Male,No,No,No,Yes,No,DSL,No,No,No,Yes,No,No,Month-to-month,No,Mailed check,51.25,51.25,Yes,1,0,0,0,0,1,0,0,2,Below 1 year,0.68371695,35.040493831038475,Medium Risk,Promote security service
Male,No,Yes,Yes,No,No phone service,DSL,No,No,No,Yes,Yes,No,Two year,Yes,Electronic check,40.55,1325.85,No,0,0,0,0,0,1,1,0,2,Below 3 years,0.19030257,252.31265672519802,Low Risk,Promote security service
Male,Yes,No,No,Yes,Yes,Fiber optic,No,No,No,No,No,No,Month-to-month,Yes,Mailed check,75.7,5060.85,No,1,1,0,0,0,0,0,0,2,oldest Customers,0.4403748,2228.670764181018,Medium Risk,Promote security service
Male,No,Yes,Yes,No,No phone service,DSL,Yes,Yes,Yes,No,Yes,Yes,Month-to-month,No,Mailed check,58.85,465.7,No,0,0,1,1,1,0,1,1,5,Below 1 year,0.39553475,184.2005348443985,Low Risk,Offer technical support
Male,No,Yes,Yes,Yes,No,DSL,No,No,No,Yes,No,Yes,Month-to-month,No,Credit card (automatic),61.45,229.55,Yes,1,0,0,0,0,1,0,1,3,Below 1 year,0.5074523,116.48567756116391,Medium Risk,Promote security service
Male,No,Yes,No,Yes,Yes,Fiber optic,Yes,Yes,Yes,No,No,No,Month-to-month,No,Credit card (automatic),90.2,1454.15,Yes,1,1,1,1,1,0,0,0,5,Below 3 years,0.5289667,769.1969629734755,Medium Risk,Offer technical support
Female,No,No,No,No,No phone service,DSL,No,No,No,No,No,Yes,Month-to-month,Yes,Electronic check,35.1,446.1,Yes,0,0,0,0,0,0,0,1,1,Below 3 years,0.7076818,315.69683986902237,High Risk - General,Promote security service
Female,No,No,No,Yes,No,No,No internet service,No internet service,No internet service,No internet service,No internet service,No internet service,Two year,No,Mailed check,19.85,784.25,No,1,0,0,0,0,0,0,0,1,Below 5 years,0.052044272,40.81572064757347,Low Risk,Standard engagement
Female,No,No,No,Yes,No,DSL,No,No,No,No,No,No,Month-to-month,No,Mailed check,43.95,43.95,Yes,1,0,0,0,0,0,0,0,1,Below 1 year,0.7626313,33.51764550805092,High Risk - New Customer,Onboarding intervention
Female,No,No,No,Yes,No,No,No internet service,No internet service,No internet service,No internet service,No internet service,No internet service,Month-to-month,Yes,Mailed check,19.9,19.9,Yes,1,0,0,0,0,0,0,0,1,Below 1 year,0.64580184,12.851456660032271,Medium Risk,Promote long-term contract
Male,No,Yes,No,Yes,No,DSL,Yes,Yes,Yes,Yes,Yes,Yes,Two year,Yes,Mailed check,84.7,5878.9,No,1,0,1,1,1,1,1,1,7,oldest Customers,0.076330766,448.74094071835276,Low Risk,Standard engagement
Male,Yes,Yes,No,Yes,Yes,Fiber optic,No,Yes,No,No,Yes,Yes,Two year,No,Bank transfer (automatic),98.35,6929.4,No,1,1,0,1,0,0,1,1,5,oldest Customers,0.25338432,1755.8013203680514,Low Risk,Promote security service
Male,No,No,No,Yes,No,No,No internet service,No internet service,No internet service,No internet service,No internet service,No internet service,One year,No,Credit card (automatic),20.15,989.05,No,1,0,0,0,0,0,0,0,1,Below 5 years,0.09179289,90.78775680549442,Low Risk,Standard engagement
Female,No,Yes,Yes,Yes,Yes,DSL,Yes,No,Yes,No,Yes,Yes,Two year,No,Credit card (automatic),78.6,1846.65,No,1,1,1,0,1,0,1,1,6,Below 3 years,0.09088417,167.83125516436994,Low Risk,Offer technical support
Male,No,Yes,Yes,Yes,No,Fiber optic,No,No,Yes,No,Yes,Yes,Month-to-month,Yes,Mailed check,96.65,1162.85,Yes,1,0,0,0,1,0,1,1,4,Below 3 years,0.7587138,882.2703212052583,High Risk - High Value,Priority retention offer
Female,No,No,No,Yes,No,Fiber optic,No,Yes,No,No,No,No,One year,Yes,Mailed check,74.65,966.25,No,1,0,0,1,0,0,0,0,2,Below 3 years,0.33701685,325.6425319984555,Low Risk,Promote security service
Female,No,Yes,Yes,Yes,Yes,Fiber optic,No,No,Yes,No,Yes,Yes,One year,Yes,Credit card (automatic),99.8,5515.45,No,1,1,0,0,1,0,1,1,5,Below 5 years,0.35796973,1974.3641533538698,Low Risk,Promote security service
Female,No,No,Yes,Yes,No,DSL,No,No,Yes,No,No,Yes,Month-to-month,No,Electronic check,59.2,59.2,Yes,1,0,0,0,1,0,0,1,3,Below 1 year,0.8410988,49.79304809570313,High Risk - New Customer,Onboarding intervention
Male,No,No,No,No,No phone service,DSL,Yes,No,No,Yes,No,No,One year,No,Mailed check,35.6,1072.6,No,0,0,1,0,0,1,0,0,2,Below 3 years,0.11696093,125.45229120552538,Low Risk,Standard engagement
Male,No,No,No,Yes,No,No,No internet service,No internet service,No internet service,No internet service,No internet service,No internet service,Month-to-month,Yes,Mailed check,18.95,185.6,Yes,1,0,0,0,0,0,0,0,1,Below 1 year,0.31723,58.87788543701172,Low Risk,Promote long-term contract
Female,No,No,No,Yes,Yes,Fiber optic,No,No,No,No,No,No,Month-to-month,Yes,Electronic check,75.5,220.6,Yes,1,1,0,0,0,0,0,0,2,Below 1 year,0.8786161,193.82271046638488,High Risk - High Value,Priority retention offer
Female,No,Yes,No,Yes,Yes,Fiber optic,No,No,Yes,Yes,Yes,Yes,Month-to-month,Yes,Electronic check,106.35,6751.35,No,1,1,0,0,1,1,1,1,6,oldest Customers,0.5831938,3937.3453197956087,Medium Risk,Promote security service
Female,No,Yes,No,Yes,No,Fiber optic,No,Yes,Yes,No,Yes,Yes,One year,Yes,Electronic check,97.05,4692.95,No,1,0,0,1,1,0,1,1,5,Below 5 years,0.37472445,1758.563096961379,Low Risk,Promote security service
Female,No,Yes,Yes,Yes,No,Fiber optic,No,Yes,Yes,No,Yes,Yes,Month-to-month,Yes,Electronic check,100.15,6283.3,Yes,1,0,0,1,1,0,1,1,5,oldest Customers,0.6655519,4181.862258696557,Medium Risk,Promote security service
Female,No,No,No,No,No phone service,DSL,No,No,No,No,Yes,No,Month-to-month,Yes,Electronic check,34.7,34.7,Yes,0,0,0,0,0,0,1,0,1,Below 1 year,0.8635523,29.965263849496843,High Risk - New Customer,Onboarding intervention
Female,No,No,No,Yes,No,DSL,No,Yes,No,No,No,No,Month-to-month,No,Electronic check,51.1,531.15,No,1,0,0,1,0,0,0,0,2,Below 1 year,0.52722067,280.0332569628954,Medium Risk,Promote security service
Male,No,Yes,Yes,Yes,No,No,No internet service,No internet service,No internet service,No internet service,No internet service,No internet service,Two year,No,Mailed check,19.45,1378.45,No,1,0,0,0,0,0,0,0,1,oldest Customers,0.042754084,58.93436691313982,Low Risk,Standard engagement
Female,No,No,No,Yes,Yes,Fiber optic,No,Yes,No,No,No,Yes,Month-to-month,Yes,Electronic check,88.95,355.2,Yes,1,1,0,1,0,0,0,1,4,Below 1 year,0.8823503,313.410835647583,High Risk - High Value,Priority retention offer
Female,No,No,No,Yes,No,Fiber optic,No,No,Yes,No,Yes,Yes,Month-to-month,Yes,Credit card (automatic),94.0,1505.45,No,1,0,0,0,1,0,1,1,4,Below 3 years,0.7720518,1162.285399198532,High Risk - High Value,Priority retention offer
Female,No,Yes,Yes,Yes,Yes,Fiber optic,No,No,No,Yes,Yes,No,Month-to-month,Yes,Electronic check,91.65,1301.0,Yes,1,1,0,0,0,1,1,0,4,Below 3 years,0.7774176,1011.4202978014946,High Risk - High Value,Priority retention offer
Female,No,No,No,Yes,No,Fiber optic,No,No,No,No,Yes,No,Month-to-month,Yes,Electronic check,79.75,164.5,Yes,1,0,0,0,0,0,1,0,2,Below 1 year,0.9025688,148.47257041931152,High Risk - High Value,Priority retention offer
Female,No,Yes,Yes,Yes,Yes,DSL,Yes,Yes,Yes,Yes,Yes,No,Two year,No,Bank transfer (automatic),79.7,5743.3,No,1,1,1,1,1,1,1,0,7,oldest Customers,0.09247404,531.1061732828617,Low Risk,Standard engagement
Male,Yes,No,No,No,No phone service,DSL,No,Yes,Yes,No,No,Yes,Month-to-month,Yes,Electronic check,43.3,43.3,Yes,0,0,0,1,1,0,0,1,3,Below 1 year,0.8550694,37.02450497150421,High Risk - New Customer,Onboarding intervention
Female,No,No,No,Yes,No,No,No internet service,No internet service,No internet service,No internet service,No internet service,No internet service,Month-to-month,No,Bank transfer (automatic),19.4,289.3,Yes,1,0,0,0,0,0,0,0,1,Below 3 years,0.31022295,89.74750046432018,Low Risk,Promote long-term contract
Female,Yes,No,No,Yes,Yes,Fiber optic,Yes,Yes,Yes,No,No,No,Month-to-month,Yes,Electronic check,89.75,5496.9,No,1,1,1,1,1,0,0,0,5,Below 5 years,0.36420345,2001.9899611473081,Low Risk,Offer technical support
Male,No,No,No,Yes,No,Fiber optic,No,No,No,No,Yes,No,Month-to-month,Yes,Mailed check,80.1,398.55,No,1,0,0,0,0,0,1,0,2,Below 1 year,0.7584945,302.297981518507,High Risk - High Value,Priority retention offer
Male,No,Yes,Yes,Yes,No,No,No internet service,No internet service,No internet service,No internet service,No internet service,No internet service,Month-to-month,Yes,Electronic check,20.0,288.05,Yes,1,0,0,0,0,0,0,0,1,Below 3 years,0.2834403,81.64497607648373,Low Risk,Promote long-term contract
Male,No,No,No,Yes,No,DSL,No,No,No,No,No,No,Month-to-month,Yes,Mailed check,45.15,438.4,Yes,1,0,0,0,0,0,0,0,1,Below 1 year,0.54518723,239.01008377075195,Medium Risk,Promote security service
Female,Yes,Yes,No,No,No phone service,DSL,No,Yes,No,No,Yes,Yes,Two year,Yes,Credit card (automatic),49.45,2907.55,No,0,0,0,1,0,0,1,1,3,oldest Customers,0.17766915,516.5819446928799,Low Risk,Promote security service
Female,Yes,No,No,Yes,Yes,Fiber optic,No,No,No,No,No,No,Month-to-month,Yes,Bank transfer (automatic),74.9,2659.45,No,1,1,0,0,0,0,0,0,2,Below 5 years,0.59116477,1572.1731415718793,Medium Risk,Promote security service
Female,No,No,No,Yes,Yes,Fiber optic,No,No,No,No,Yes,Yes,Month-to-month,No,Mailed check,95.65,95.65,Yes,1,1,0,0,0,0,1,1,4,Below 1 year,0.86301833,82.54770363867283,High Risk - High Value,Priority retention offer
Female,No,No,No,Yes,No,Fiber optic,No,No,No,No,Yes,No,Month-to-month,Yes,Bank transfer (automatic),80.1,679.3,Yes,1,0,0,0,0,0,1,0,2,Below 1 year,0.7490271,508.81409094929694,High Risk - High Value,Priority retention offer
Male,No,No,No,Yes,Yes,Fiber optic,Yes,Yes,No,Yes,Yes,Yes,Two year,Yes,Credit card (automatic),108.0,5760.65,No,1,1,1,1,0,1,1,1,7,Below 5 years,0.2200057,1267.3758699961006,Low Risk,Standard engagement
Female,No,No,Yes,Yes,Yes,No,No internet service,No internet service,No internet service,No internet service,No internet service,No internet service,Two year,No,Bank transfer (automatic),26.0,1638.7,No,1,1,0,0,0,0,0,0,2,oldest Customers,0.051447336,84.30674889795482,Low Risk,Standard engagement
Female,No,No,No,Yes,Yes,Fiber optic,No,No,No,No,Yes,Yes,Month-to-month,Yes,Electronic check,94.75,889.9,Yes,1,1,0,0,0,0,1,1,4,Below 1 year,0.8790281,782.2470900774002,High Risk - High Value,Priority retention offer
Female,No,No,No,Yes,Yes,DSL,Yes,No,Yes,No,No,No,Month-to-month,Yes,Mailed check,60.6,1156.35,No,1,1,1,0,1,0,0,0,4,Below 3 years,0.36727095,424.6937589883804,Low Risk,Offer technical support
Female,No,No,No,Yes,No,Fiber optic,No,No,No,No,No,Yes,Month-to-month,Yes,Bank transfer (automatic),80.25,846.0,Yes,1,0,0,0,0,0,0,1,2,Below 1 year,0.74765235,632.513889670372,High Risk - High Value,Priority retention offer
Female,No,No,No,Yes,No,DSL,Yes,No,Yes,Yes,No,No,One year,Yes,Credit card (automatic),60.35,2896.4,Yes,1,0,1,0,1,1,0,0,4,Below 5 years,0.1439741,417.00657044649125,Low Risk,Standard engagement
Male,Yes,Yes,No,Yes,Yes,Fiber optic,No,No,No,No,Yes,Yes,Month-to-month,Yes,Electronic check,95.1,95.1,Yes,1,1,0,0,0,0,1,1,4,Below 1 year,0.92949265,88.3947512447834,High Risk - High Value,Priority retention offer
Male,No,Yes,Yes,Yes,No,Fiber optic,No,Yes,No,No,No,No,Month-to-month,Yes,Electronic check,75.5,1901.05,No,1,0,0,1,0,0,0,0,2,Below 3 years,0.7080826,1346.1004577726126,High Risk - High Value,Priority retention offer
Male,No,No,No,Yes,Yes,Fiber optic,No,Yes,Yes,No,Yes,Yes,Two year,Yes,Bank transfer (automatic),100.9,7459.05,No,1,1,0,1,1,0,1,1,6,oldest Customers,0.27480507,2049.784749698639,Low Risk,Promote security service
Female,No,Yes,No,No,No phone service,DSL,No,No,No,No,Yes,No,Month-to-month,Yes,Bank transfer (automatic),34.0,853.0,Yes,0,0,0,0,0,0,1,0,1,Below 3 years,0.45418304,387.418134868145,Medium Risk,Promote security service
Female,Yes,No,No,Yes,Yes,Fiber optic,Yes,No,No,No,Yes,Yes,Month-to-month,Yes,Electronic check,100.8,1308.1,Yes,1,1,1,0,0,0,1,1,5,Below 3 years,0.843788,1103.7591191172598,High Risk - High Value,Priority retention offer
Female,No,No,No,Yes,No,No,No internet service,No internet service,No internet service,No internet service,No internet service,No internet service,Month-to-month,No,Mailed check,20.35,45.3,No,1,0,0,0,0,0,0,0,1,Below 1 year,0.40646097,18.412681970000264,Medium Risk,Promote long-term contract
Female,No,Yes,Yes,Yes,Yes,Fiber optic,No,No,No,Yes,No,Yes,One year,Yes,Bank transfer (automatic),89.35,1686.85,No,1,1,0,0,0,1,0,1,4,Below 3 years,0.38495612,649.3632334589958,Low Risk,Promote security service
Male,No,Yes,Yes,No,No phone service,DSL,Yes,No,No,No,No,Yes,Month-to-month,Yes,Electronic check,39.2,1838.15,No,0,0,1,0,0,0,0,1,2,Below 5 years,0.42405477,779.4762785300613,Medium Risk,Offer technical support
Male,Yes,No,No,Yes,Yes,Fiber optic,No,No,No,No,No,No,Month-to-month,Yes,Electronic check,76.05,231.8,Yes,1,1,0,0,0,0,0,0,2,Below 1 year,0.8885567,205.96744742393494,High Risk - High Value,Priority retention offer
Female,No,No,No,Yes,Yes,DSL,Yes,Yes,Yes,No,Yes,Yes,One year,Yes,Credit card (automatic),83.45,3887.85,No,1,1,1,1,1,0,1,1,7,Below 5 years,0.21335441,829.4899380236864,Low Risk,Offer technical support
Male,No,No,No,Yes,No,DSL,No,No,No,No,No,No,Month-to-month,No,Credit card (automatic),45.2,492.0,No,1,0,0,0,0,0,0,0,1,Below 1 year,0.45384976,223.294083237648,Medium Risk,Promote security service
Female,No,Yes,Yes,Yes,No,Fiber optic,No,No,Yes,No,No,Yes,One year,No,Electronic check,86.45,2538.05,No,1,0,0,0,1,0,0,1,3,Below 3 years,0.3617147,918.0499712988735,Low Risk,Promote security service
Female,No,No,No,Yes,Yes,Fiber optic,No,No,No,Yes,Yes,Yes,Month-to-month,Yes,Electronic check,98.5,1058.25,Yes,1,1,0,0,0,1,1,1,5,Below 1 year,0.8467869,896.1122541278601,High Risk - High Value,Priority retention offer
Male,No,Yes,No,Yes,No,No,No internet service,No internet service,No internet service,No internet service,No internet service,No internet service,Two year,Yes,Bank transfer (automatic),19.95,1234.8,No,1,0,0,0,0,0,0,0,1,oldest Customers,0.04689653,57.90783333331346,Low Risk,Standard engagement
Female,No,Yes,No,Yes,No,No,No internet service,No internet service,No internet service,No internet service,No internet service,No internet service,Month-to-month,No,Mailed check,19.6,314.45,No,1,0,0,0,0,0,0,0,1,Below 3 years,0.26906696,84.60810545235871,Low Risk,Promote long-term contract
Female,No,Yes,Yes,Yes,Yes,Fiber optic,No,Yes,Yes,No,Yes,Yes,One year,Yes,Credit card (automatic),105.2,6225.4,No,1,1,0,1,1,0,1,1,6,Below 5 years,0.43090838,2682.5770409226416,Medium Risk,Promote security service
Female,No,Yes,Yes,Yes,No,DSL,Yes,Yes,No,Yes,Yes,Yes,Two year,No,Electronic check,78.45,3126.45,No,1,0,1,1,0,1,1,1,6,Below 5 years,0.12005781,375.3547287337482,Low Risk,Standard engagement
Female,No,Yes,No,Yes,Yes,Fiber optic,No,Yes,No,No,Yes,Yes,One year,Yes,Electronic check,98.25,5508.35,Yes,1,1,0,1,0,0,1,1,5,Below 5 years,0.46591607,2566.4287696525457,Medium Risk,Promote security service
Female,No,Yes,Yes,Yes,No,DSL,Yes,No,Yes,Yes,Yes,Yes,Two year,Yes,Mailed check,81.0,3533.6,No,1,0,1,0,1,1,1,1,6,Below 5 years,0.06240194,220.50349229872225,Low Risk,Standard engagement
Male,No,No,No,Yes,No,No,No internet service,No internet service,No internet service,No internet service,No internet service,No internet service,Month-to-month,No,Mailed check,20.05,33.7,No,1,0,0,0,0,0,0,0,1,Below 1 year,0.38608742,13.011145973205567,Low Risk,Promote long-term contract
Male,Yes,Yes,No,Yes,No,DSL,Yes,Yes,No,Yes,No,No,One year,Yes,Bank transfer (automatic),60.95,4119.4,No,1,0,1,1,0,1,0,0,4,oldest Customers,0.12475954,513.9344489187001,Low Risk,Standard engagement
Male,No,No,No,Yes,No,DSL,No,No,No,No,No,No,Month-to-month,Yes,Electronic check,45.55,402.6,Yes,1,0,0,0,0,0,0,0,1,Below 1 year,0.64799255,260.88180116415026,Medium Risk,Promote security service
Female,Yes,No,No,Yes,Yes,Fiber optic,Yes,Yes,Yes,Yes,Yes,Yes,One year,Yes,Bank transfer (automatic),110.8,3836.3,No,1,1,1,1,1,1,1,1,8,Below 3 years,0.40837404,1566.645334711671,Medium Risk,Standard engagement
Female,Yes,No,No,Yes,Yes,Fiber optic,No,No,No,No,Yes,Yes,Month-to-month,Yes,Electronic check,94.3,424.45,Yes,1,1,0,0,0,0,1,1,4,Below 1 year,0.89868647,381.4474715977907,High Risk - High Value,Priority retention offer
Female,No,No,No,Yes,Yes,DSL,No,No,Yes,Yes,Yes,Yes,Two year,Yes,Credit card (automatic),78.45,3373.4,No,1,1,0,0,1,1,1,1,6,Below 5 years,0.098775074,333.20783424675466,Low Risk,Promote security service
Male,No,No,No,Yes,Yes,Fiber optic,Yes,Yes,No,No,No,No,Month-to-month,Yes,Electronic check,86.4,4922.4,No,1,1,1,1,0,0,0,0,4,Below 5 years,0.41547096,2045.1142424583434,Medium Risk,Offer technical support
Male,No,No,Yes,Yes,No,No,No internet service,No internet service,No internet service,No internet service,No internet service,No internet service,Month-to-month,Yes,Mailed check,19.3,19.3,No,1,0,0,0,0,0,0,0,1,Below 1 year,0.5560988,10.73270720243454,Medium Risk,Promote long-term contract
Female,No,No,No,Yes,No,DSL,No,No,No,Yes,Yes,No,Month-to-month,Yes,Mailed check,59.5,415.95,Yes,1,0,0,0,0,1,1,0,3,Below 1 year,0.50990766,212.09609237015246,Medium Risk,Promote security service
Female,No,No,No,Yes,Yes,Fiber optic,No,No,No,No,Yes,Yes,Month-to-month,Yes,Electronic check,96.6,291.9,Yes,1,1,0,0,0,0,1,1,4,Below 1 year,0.9128527,266.4617044508457,High Risk - High Value,Priority retention offer
Male,No,Yes,Yes,No,No phone service,DSL,No,Yes,No,No,No,No,Month-to-month,Yes,Electronic check,29.95,248.95,Yes,0,0,0,1,0,0,0,0,1,Below 1 year,0.65015703,161.85659371316433,Medium Risk,Promote security service
Male,No,Yes,No,Yes,Yes,Fiber optic,No,No,No,Yes,No,Yes,Month-to-month,Yes,Bank transfer (automatic),89.85,3161.2,No,1,1,0,0,0,1,0,1,4,Below 3 years,0.48143235,1521.9039400458335,Medium Risk,Promote security service
Male,No,Yes,Yes,Yes,No,No,No internet service,No internet service,No internet service,No internet service,No internet service,No internet service,One year,No,Mailed check,20.15,419.9,No,1,0,0,0,0,0,0,0,1,Below 3 years,0.091803364,38.54823273494839,Low Risk,Standard engagement
Male,No,No,Yes,Yes,No,DSL,No,No,Yes,No,No,No,Month-to-month,No,Electronic check,48.95,48.95,Yes,1,0,0,0,1,0,0,0,2,Below 1 year,0.82080954,40.17862713634968,High Risk - New Customer,Onboarding intervention
Male,No,Yes,Yes,Yes,Yes,Fiber optic,No,Yes,No,Yes,No,No,Month-to-month,Yes,Bank transfer (automatic),83.55,2570.2,No,1,1,0,1,0,1,0,0,4,Below 3 years,0.39727652,1021.0801135778427,Low Risk,Promote security service
Female,No,No,No,Yes,Yes,DSL,No,No,No,No,No,No,Month-to-month,Yes,Mailed check,50.1,50.1,Yes,1,1,0,0,0,0,0,0,2,Below 1 year,0.81690204,40.92679227590561,High Risk - New Customer,Onboarding intervention
Male,No,Yes,No,Yes,No,Fiber optic,No,Yes,No,No,Yes,Yes,One year,Yes,Bank transfer (automatic),94.25,4867.95,Yes,1,0,0,1,0,0,1,1,4,Below 5 years,0.3970462,1932.801090091467,Low Risk,Promote security service
Male,No,Yes,Yes,Yes,No,DSL,Yes,Yes,Yes,Yes,Yes,Yes,Two year,Yes,Mailed check,84.35,3858.05,No,1,0,1,1,1,1,1,1,7,Below 5 years,0.063222334,243.91492487415672,Low Risk,Standard engagement
Male,Yes,Yes,No,Yes,Yes,Fiber optic,No,Yes,Yes,No,No,Yes,Month-to-month,Yes,Bank transfer (automatic),95.25,5427.05,Yes,1,1,0,1,1,0,0,1,5,Below 5 years,0.60252357,3269.9255150198937,Medium Risk,Promote security service
Male,Yes,No,No,Yes,Yes,Fiber optic,No,No,Yes,Yes,Yes,No,Month-to-month,No,Bank transfer (automatic),93.9,1743.9,No,1,1,0,0,1,1,1,0,5,Below 3 years,0.51345146,895.4079959034921,Medium Risk,Promote security service
Male,Yes,Yes,No,No,No phone service,DSL,No,No,No,No,Yes,No,Month-to-month,Yes,Mailed check,36.45,93.7,Yes,0,0,0,0,0,0,1,0,1,Below 1 year,0.7889411,73.92377969622612,High Risk - New Customer,Onboarding intervention
Male,No,Yes,Yes,Yes,Yes,DSL,Yes,Yes,No,No,No,Yes,Month-to-month,No,Mailed check,69.2,944.65,No,1,1,1,1,0,0,0,1,5,Below 3 years,0.35997134,340.0469305545092,Low Risk,Offer technical support
Female,No,No,No,Yes,No,Fiber optic,Yes,No,No,No,No,No,Month-to-month,No,Mailed check,75.3,75.3,Yes,1,0,1,0,0,0,0,0,2,Below 1 year,0.7475458,56.29019713997841,High Risk - High Value,Priority retention offer
Male,No,No,No,No,No phone service,DSL,No,Yes,No,No,No,No,Month-to-month,No,Bank transfer (automatic),30.3,1380.1,Yes,0,0,0,1,0,0,0,0,1,Below 5 years,0.31081456,428.955173510313,Low Risk,Promote security service
Male,No,No,No,Yes,No,DSL,No,Yes,Yes,Yes,Yes,Yes,Month-to-month,Yes,Bank transfer (automatic),80.4,4981.15,No,1,0,0,1,1,1,1,1,6,oldest Customers,0.25452608,1267.8325769215821,Low Risk,Promote security service
Female,Yes,No,No,Yes,No,Fiber optic,No,No,No,No,No,No,Month-to-month,Yes,Electronic check,69.95,69.95,Yes,1,0,0,0,0,0,0,0,1,Below 1 year,0.9093589,63.60965636074543,High Risk - New Customer,Onboarding intervention
Female,No,Yes,Yes,Yes,No,No,No internet service,No internet service,No internet service,No internet service,No internet service,No internet service,Two year,No,Mailed check,20.1,670.35,No,1,0,0,0,0,0,0,0,1,Below 3 years,0.051995218,34.854994252324104,Low Risk,Standard engagement
Male,No,No,No,Yes,Yes,Fiber optic,No,No,No,No,No,No,Month-to-month,Yes,Electronic check,75.45,75.45,Yes,1,1,0,0,0,0,0,0,2,Below 1 year,0.90601766,68.35903252959251,High Risk - High Value,Priority retention offer
Male,No,No,Yes,Yes,No,Fiber optic,No,Yes,No,No,No,No,Month-to-month,Yes,Electronic check,75.35,75.35,Yes,1,0,0,1,0,0,0,0,2,Below 1 year,0.89515984,67.45029398798943,High Risk - High Value,Priority retention offer
Female,Yes,Yes,No,Yes,Yes,Fiber optic,Yes,Yes,No,No,No,Yes,One year,Yes,Credit card (automatic),96.55,6581.9,Yes,1,1,1,1,0,0,0,1,5,oldest Customers,0.31601077,2079.9513080060483,Low Risk,Offer technical support
Male,Yes,Yes,No,No,No phone service,DSL,Yes,Yes,Yes,Yes,Yes,Yes,Two year,Yes,Bank transfer (automatic),63.1,4685.55,No,0,0,1,1,1,1,1,1,6,oldest Customers,0.07570549,354.7218633849174,Low Risk,Standard engagement
Male,No,No,Yes,Yes,No,No,No internet service,No internet service,No internet service,No internet service,No internet service,No internet service,Two year,No,Bank transfer (automatic),19.75,1052.35,Yes,1,0,0,0,0,0,0,0,1,Below 5 years,0.04776734,50.26796144545078,Low Risk,Standard engagement
Female,No,No,Yes,No,No phone service,DSL,No,No,No,No,No,No,Month-to-month,No,Electronic check,25.2,321.05,No,0,0,0,0,0,0,0,0,0,Below 1 year,0.6115844,196.34917963743212,Medium Risk,Promote security service
Male,No,Yes,Yes,Yes,Yes,Fiber optic,Yes,Yes,Yes,No,Yes,Yes,One year,Yes,Electronic check,108.25,5431.4,No,1,1,1,1,1,0,1,1,7,Below 5 years,0.4470611,2428.167613250017,Medium Risk,Offer technical support
Female,No,Yes,No,Yes,No,Fiber optic,Yes,No,No,Yes,Yes,Yes,One year,Yes,Mailed check,96.9,6314.35,No,1,0,1,0,0,1,1,1,5,oldest Customers,0.2880661,1818.9501100450755,Low Risk,Standard engagement
Female,No,No,No,Yes,No,DSL,No,No,No,No,No,No,Month-to-month,Yes,Mailed check,45.4,45.4,No,1,0,0,0,0,0,0,0,1,Below 1 year,0.8148939,36.996183121204375,High Risk - New Customer,Onboarding intervention
Female,No,No,No,Yes,Yes,Fiber optic,No,Yes,Yes,Yes,Yes,Yes,Month-to-month,Yes,Credit card (automatic),109.9,669.45,Yes,1,1,0,1,1,1,1,1,7,Below 1 year,0.7750251,518.840572822094,High Risk - High Value,Priority retention offer
Female,Yes,No,No,Yes,Yes,DSL,Yes,No,No,Yes,No,Yes,Month-to-month,Yes,Electronic check,70.05,3062.45,No,1,1,1,0,0,1,0,1,5,Below 5 years,0.4221013,1292.6640926018356,Medium Risk,Promote long-term contract
Male,No,No,No,Yes,No,DSL,No,No,No,No,No,No,Month-to-month,No,Mailed check,44.6,44.6,No,1,0,0,0,0,0,0,0,1,Below 1 year,0.7571982,33.77104036808014,High Risk - New Customer,Onboarding intervention
Male,No,Yes,No,Yes,No,DSL,Yes,Yes,No,Yes,Yes,Yes,Two year,Yes,Mailed check,81.05,4747.65,No,1,0,1,1,0,1,1,1,6,oldest Customers,0.07169321,340.37427697330713,Low Risk,Standard engagement
Male,No,No,No,Yes,No,DSL,No,Yes,No,Yes,No,Yes,One year,Yes,Mailed check,65.4,2498.4,Yes,1,0,0,1,0,1,0,1,4,Below 5 years,0.36356476,908.3301951169968,Low Risk,Promote security service
Female,Yes,Yes,No,Yes,Yes,Fiber optic,No,Yes,Yes,Yes,Yes,Yes,Two year,Yes,Credit card (automatic),110.8,7882.25,No,1,1,0,1,1,1,1,1,7,oldest Customers,0.16275887,1282.9061181358993,Low Risk,Promote security service
Male,Yes,Yes,No,Yes,Yes,Fiber optic,No,No,No,No,Yes,Yes,Month-to-month,Yes,Electronic check,92.5,3473.4,Yes,1,1,0,0,0,0,1,1,4,Below 5 years,0.7350571,2553.1473851680757,High Risk - High Value,Priority retention offer
Female,No,No,No,No,No phone service,DSL,No,Yes,No,No,Yes,Yes,Month-to-month,No,Electronic check,51.4,96.8,No,0,0,0,1,0,0,1,1,3,Below 1 year,0.78255314,75.75114359855651,High Risk - New Customer,Onboarding intervention
Female,No,No,No,Yes,No,DSL,No,Yes,Yes,No,No,No,One year,No,Bank transfer (automatic),55.8,1327.85,No,1,0,0,1,1,0,0,0,3,Below 3 years,0.19937351,264.73811984807253,Low Risk,Promote security service
Male,No,No,No,Yes,No,Fiber optic,Yes,No,No,No,No,Yes,Month-to-month,Yes,Mailed check,86.05,244.85,No,1,0,1,0,0,0,0,1,3,Below 1 year,0.74035496,181.2759107798338,High Risk - High Value,Priority retention offer
Male,No,Yes,No,Yes,Yes,Fiber optic,No,Yes,Yes,No,Yes,No,Month-to-month,No,Credit card (automatic),96.6,2684.35,No,1,1,0,1,1,0,1,0,5,Below 3 years,0.5551592,1490.241628473997,Medium Risk,Promote security service
Female,No,No,No,Yes,No,Fiber optic,No,No,No,No,No,No,Month-to-month,No,Bank transfer (automatic),70.25,2868.05,Yes,1,0,0,0,0,0,0,0,1,Below 5 years,0.47657153,1366.8309769138696,Medium Risk,Promote security service
Male,Yes,No,No,Yes,Yes,Fiber optic,No,No,Yes,No,Yes,Yes,Month-to-month,Yes,Electronic check,101.1,3744.05,Yes,1,1,0,0,1,0,1,1,5,Below 5 years,0.80432355,3011.4276024997234,High Risk - High Value,Priority retention offer
Female,No,Yes,Yes,Yes,No,DSL,Yes,Yes,No,Yes,No,No,One year,Yes,Mailed check,57.75,1282.85,No,1,0,1,1,0,1,0,0,4,Below 3 years,0.12812509,164.3652671225369,Low Risk,Standard engagement
Female,No,Yes,No,Yes,No,No,No internet service,No internet service,No internet service,No internet service,No internet service,No internet service,One year,Yes,Credit card (automatic),20.25,814.75,No,1,0,0,0,0,0,0,0,1,Below 5 years,0.10709095,87.25235152244568,Low Risk,Standard engagement
Male,No,No,No,Yes,No,Fiber optic,No,Yes,No,No,No,No,Month-to-month,No,Credit card (automatic),74.45,221.1,No,1,0,0,1,0,0,0,0,2,Below 1 year,0.7054775,155.9810699701309,High Risk - New Customer,Onboarding intervention
Male,No,Yes,No,Yes,No,Fiber optic,No,No,No,No,No,No,Month-to-month,Yes,Bank transfer (automatic),70.4,1214.05,Yes,1,0,0,0,0,0,0,0,1,Below 3 years,0.5260048,638.5961168289184,Medium Risk,Promote security service
Female,Yes,No,No,Yes,Yes,Fiber optic,Yes,No,Yes,Yes,No,Yes,Two year,No,Credit card (automatic),101.3,5779.6,No,1,1,1,0,1,1,0,1,6,Below 5 years,0.1541576,890.9692293941976,Low Risk,Standard engagement
Male,No,No,No,Yes,No,DSL,Yes,No,Yes,No,No,No,Month-to-month,Yes,Mailed check,55.1,113.35,Yes,1,0,1,0,1,0,0,0,3,Below 1 year,0.653243,74.04509464800357,Medium Risk,Offer technical support
Female,No,No,No,Yes,Yes,Fiber optic,No,Yes,No,Yes,No,Yes,Month-to-month,Yes,Electronic check,93.5,362.2,Yes,1,1,0,1,0,1,0,1,5,Below 1 year,0.83423805,302.161022567749,High Risk - High Value,Priority retention offer
Male,No,Yes,Yes,Yes,No,DSL,No,No,No,No,No,No,Month-to-month,Yes,Electronic check,44.5,90.05,No,1,0,0,0,0,0,0,0,1,Below 1 year,0.8193035,73.77828130722045,High Risk - New Customer,Onboarding intervention
Male,No,No,No,Yes,Yes,Fiber optic,No,Yes,No,No,No,Yes,One year,No,Credit card (automatic),90.45,5825.5,No,1,1,0,1,0,0,0,1,4,oldest Customers,0.29569036,1722.5441786944866,Low Risk,Promote security service
Male,No,Yes,Yes,Yes,Yes,No,No internet service,No internet service,No internet service,No internet service,No internet service,No internet service,One year,No,Bank transfer (automatic),24.5,343.6,No,1,1,0,0,0,0,0,0,2,Below 3 years,0.11843181,40.69316873550415,Low Risk,Standard engagement
Male,No,No,No,Yes,Yes,DSL,Yes,Yes,Yes,Yes,No,No,One year,No,Electronic check,71.5,4576.3,No,1,1,1,1,1,1,0,0,6,oldest Customers,0.16510539,755.5717851296067,Low Risk,Standard engagement
Female,No,No,Yes,Yes,Yes,No,No internet service,No internet service,No internet service,No internet service,No internet service,No internet service,Month-to-month,No,Mailed check,24.0,24.0,No,1,1,0,0,0,0,0,0,2,Below 1 year,0.50864476,12.20747423171997,Medium Risk,Promote long-term contract
Male,No,No,No,Yes,Yes,Fiber optic,No,No,No,No,No,No,Month-to-month,Yes,Mailed check,74.15,811.8,Yes,1,1,0,0,0,0,0,0,2,Below 1 year,0.68407756,555.3341639399529,Medium Risk,Promote security service
Male,No,No,No,Yes,Yes,DSL,Yes,Yes,Yes,Yes,Yes,Yes,Two year,Yes,Mailed check,89.25,4652.4,No,1,1,1,1,1,1,1,1,8,Below 5 years,0.07344472,341.6941996604204,Low Risk,Standard engagement
Male,Yes,No,No,Yes,No,Fiber optic,No,No,No,No,No,No,Month-to-month,No,Electronic check,69.1,69.1,Yes,1,0,0,0,0,0,0,0,1,Below 1 year,0.88658965,61.263344562053675,High Risk - New Customer,Onboarding intervention
Female,No,No,No,Yes,No,Fiber optic,Yes,Yes,No,No,No,No,Month-to-month,Yes,Electronic check,79.1,246.5,Yes,1,0,1,1,0,0,0,0,3,Below 1 year,0.771303,190.1261890232563,High Risk - High Value,Priority retention offer
Female,No,Yes,Yes,Yes,Yes,No,No internet service,No internet service,No internet service,No internet service,No internet service,No internet service,One year,Yes,Bank transfer (automatic),23.3,1623.15,No,1,1,0,0,0,0,0,0,2,oldest Customers,0.08737191,141.81771267838778,Low Risk,Standard engagement
Male,Yes,No,No,Yes,No,No,No internet service,No internet service,No internet service,No internet service,No internet service,No internet service,Month-to-month,No,Bank transfer (automatic),20.05,94.15,No,1,0,0,0,0,0,0,0,1,Below 1 year,0.36749995,34.60012006163597,Low Risk,Promote long-term contract
Male,No,Yes,No,Yes,Yes,No,No internet service,No internet service,No internet service,No internet service,No internet service,No internet service,Two year,No,Bank transfer (automatic),25.25,1728.2,No,1,1,0,0,0,0,0,0,2,oldest Customers,0.052102033,90.042733515054,Low Risk,Standard engagement
Female,No,No,Yes,Yes,No,Fiber optic,Yes,No,No,No,No,No,Month-to-month,Yes,Mailed check,73.6,73.6,Yes,1,0,1,0,0,0,0,0,2,Below 1 year,0.8098147,59.602361297607416,High Risk - New Customer,Onboarding intervention
Female,No,Yes,No,Yes,No,DSL,Yes,Yes,Yes,Yes,No,Yes,Two year,Yes,Mailed check,74.35,4759.55,No,1,0,1,1,1,1,0,1,6,oldest Customers,0.06685979,318.2225096520037,Low Risk,Standard engagement
Female,No,Yes,Yes,Yes,No,DSL,No,No,Yes,No,No,No,Month-to-month,No,Mailed check,50.45,50.45,Yes,1,0,0,0,1,0,0,0,2,Below 1 year,0.7751391,39.10576726198197,High Risk - New Customer,Onboarding intervention
Male,No,No,No,Yes,Yes,Fiber optic,No,No,Yes,No,No,No,Month-to-month,Yes,Electronic check,81.0,1917.1,Yes,1,1,0,0,1,0,0,0,3,Below 3 years,0.7467074,1431.512717849016,High Risk - High Value,Priority retention offer
Male,No,No,Yes,Yes,Yes,No,No internet service,No internet service,No internet service,No internet service,No internet service,No internet service,Month-to-month,No,Credit card (automatic),24.8,223.9,No,1,1,0,0,0,0,0,0,2,Below 1 year,0.25713235,57.57193347811699,Low Risk,Promote long-term contract
Male,No,No,No,Yes,Yes,Fiber optic,No,No,No,No,Yes,Yes,Month-to-month,Yes,Electronic check,96.05,1148.1,Yes,1,1,0,0,0,0,1,1,4,Below 3 years,0.8793292,1009.5578597545623,High Risk - High Value,Priority retention offer
Male,No,Yes,Yes,Yes,Yes,No,No internet service,No internet service,No internet service,No internet service,No internet service,No internet service,Two year,No,Mailed check,24.8,1229.1,No,1,1,0,0,0,0,0,0,2,Below 5 years,0.051972628,63.879556632041925,Low Risk,Standard engagement
Male,Yes,Yes,No,Yes,Yes,Fiber optic,No,Yes,Yes,No,No,Yes,Month-to-month,Yes,Electronic check,95.55,2510.2,Yes,1,1,0,1,1,0,0,1,5,Below 3 years,0.79659975,1999.6246817827223,High Risk - High Value,Priority retention offer
Female,No,No,No,Yes,Yes,Fiber optic,No,No,Yes,No,Yes,Yes,Month-to-month,Yes,Electronic check,100.25,3527.6,Yes,1,1,0,0,1,0,1,1,5,Below 3 years,0.78696966,2776.1141786575317,High Risk - High Value,Priority retention offer
Female,No,No,No,Yes,Yes,Fiber optic,No,Yes,No,No,Yes,Yes,Month-to-month,Yes,Electronic check,100.25,2387.75,Yes,1,1,0,1,0,0,1,1,5,Below 3 years,0.830244,1982.4151222854853,High Risk - High Value,Priority retention offer
Female,No,No,Yes,Yes,No,Fiber optic,No,Yes,Yes,Yes,Yes,Yes,Two year,Yes,Electronic check,105.45,2715.3,No,1,0,0,1,1,1,1,1,6,Below 3 years,0.2888289,784.2571376860142,Low Risk,Promote security service
Female,No,Yes,Yes,Yes,No,No,No internet service,No internet service,No internet service,No internet service,No internet service,No internet service,Month-to-month,Yes,Mailed check,20.45,254.5,No,1,0,0,0,0,0,0,0,1,Below 3 years,0.24426052,62.16430227458477,Low Risk,Promote long-term contract
Female,No,Yes,No,Yes,Yes,DSL,Yes,Yes,Yes,Yes,Yes,Yes,Two year,Yes,Electronic check,92.4,6786.1,No,1,1,1,1,1,1,1,1,8,oldest Customers,0.10392103,705.2185250408947,Low Risk,Standard engagement
Male,No,Yes,No,Yes,Yes,Fiber optic,Yes,Yes,Yes,No,Yes,Yes,One year,Yes,Electronic check,109.6,7854.15,No,1,1,1,1,1,0,1,1,7,oldest Customers,0.338021,2654.867716951668,Low Risk,Offer technical support
Male,No,Yes,No,No,No phone service,DSL,Yes,No,No,No,Yes,No,Month-to-month,Yes,Bank transfer (automatic),40.15,1626.05,No,0,0,1,0,0,0,1,0,2,Below 5 years,0.3684949,599.1911290243268,Low Risk,Offer technical support
Female,No,Yes,Yes,Yes,Yes,Fiber optic,No,No,Yes,No,No,Yes,Month-to-month,Yes,Electronic check,89.1,2368.4,Yes,1,1,0,0,1,0,0,1,4,Below 3 years,0.76858026,1820.3054827928545,High Risk - High Value,Priority retention offer
Male,No,No,No,Yes,No,DSL,No,No,No,No,No,No,Month-to-month,Yes,Mailed check,45.55,45.55,No,1,0,0,0,0,0,0,0,1,Below 1 year,0.8092262,36.860254088044165,High Risk - New Customer,Onboarding intervention
Male,No,Yes,No,Yes,Yes,No,No internet service,No internet service,No internet service,No internet service,No internet service,No internet service,Two year,Yes,Credit card (automatic),25.15,1327.15,Yes,1,1,0,0,0,0,0,0,2,Below 5 years,0.056712046,75.26539220139385,Low Risk,Standard engagement
Female,No,Yes,Yes,Yes,No,No,No internet service,No internet service,No internet service,No internet service,No internet service,No internet service,Two year,No,Mailed check,19.9,550.1,No,1,0,0,0,0,0,0,0,1,Below 3 years,0.051948525,28.576883608847858,Low Risk,Standard engagement
Male,No,No,No,Yes,No,Fiber optic,Yes,Yes,Yes,Yes,Yes,Yes,Month-to-month,Yes,Electronic check,110.1,1043.3,Yes,1,0,1,1,1,1,1,1,7,Below 1 year,0.7413117,773.410526818037,High Risk - High Value,Priority retention offer
Male,Yes,No,No,Yes,Yes,Fiber optic,No,Yes,No,No,Yes,Yes,One year,Yes,Electronic check,99.0,4744.35,No,1,1,0,1,0,0,1,1,5,Below 5 years,0.49622345,2354.257723617554,Medium Risk,Promote security service
Female,No,No,No,Yes,Yes,Fiber optic,Yes,Yes,Yes,Yes,Yes,Yes,One year,Yes,Mailed check,115.1,6993.65,No,1,1,1,1,1,1,1,1,8,oldest Customers,0.39325738,2750.304472362995,Low Risk,Standard engagement
Male,No,Yes,Yes,Yes,No,DSL,No,Yes,Yes,No,No,No,Month-to-month,Yes,Mailed check,55.3,324.25,Yes,1,0,0,1,1,0,0,0,3,Below 1 year,0.5825078,188.87815062701702,Medium Risk,Promote security service
Male,No,No,No,Yes,Yes,Fiber optic,No,No,No,No,No,No,Month-to-month,No,Bank transfer (automatic),72.8,3249.4,No,1,1,0,0,0,0,0,0,2,Below 5 years,0.42293954,1374.2997378826142,Medium Risk,Promote security service
Male,No,No,No,Yes,No,No,No internet service,No internet service,No internet service,No internet service,No internet service,No internet service,Month-to-month,Yes,Mailed check,20.2,20.2,Yes,1,0,0,0,0,0,0,0,1,Below 1 year,0.66497827,13.432560968399047,Medium Risk,Promote long-term contract
Male,No,No,No,Yes,No,No,No internet service,No internet service,No internet service,No internet service,No internet service,No internet service,Month-to-month,Yes,Mailed check,19.25,86.05,No,1,0,0,0,0,0,0,0,1,Below 1 year,0.33886033,29.158931651711463,Low Risk,Promote long-term contract
Female,No,Yes,Yes,Yes,Yes,No,No internet service,No internet service,No internet service,No internet service,No internet service,No internet service,Month-to-month,Yes,Electronic check,25.75,882.55,No,1,1,0,0,0,0,0,0,2,Below 3 years,0.2509491,221.47514105588198,Low Risk,Promote long-term contract
Male,No,No,Yes,Yes,No,No,No internet service,No internet service,No internet service,No internet service,No internet service,No internet service,Month-to-month,No,Mailed check,20.35,178.7,No,1,0,0,0,0,0,0,0,1,Below 1 year,0.26044524,46.54156388044357,Low Risk,Promote long-term contract
Female,No,No,No,Yes,No,Fiber optic,No,No,No,No,No,No,Month-to-month,No,Electronic check,70.4,281.0,Yes,1,0,0,0,0,0,0,0,1,Below 1 year,0.8364936,235.05470478534698,High Risk - New Customer,Onboarding intervention
Male,No,No,No,Yes,Yes,Fiber optic,Yes,No,No,No,No,No,Month-to-month,Yes,Electronic check,81.7,81.7,Yes,1,1,1,0,0,0,0,0,3,Below 1 year,0.85218525,69.62353487014771,High Risk - High Value,Priority retention offer
Female,No,No,No,Yes,No,Fiber optic,No,No,No,No,No,No,Month-to-month,Yes,Electronic check,70.15,268.35,Yes,1,0,0,0,0,0,0,0,1,Below 1 year,0.85124624,228.43192790150644,High Risk - New Customer,Onboarding intervention
Female,No,Yes,No,Yes,Yes,Fiber optic,No,Yes,Yes,Yes,Yes,Yes,One year,No,Electronic check,110.35,5893.15,Yes,1,1,0,1,1,1,1,1,7,Below 5 years,0.47711623,2811.7174940288064,Medium Risk,Promote security service
Male,Yes,No,No,Yes,No,Fiber optic,No,No,No,No,Yes,No,Month-to-month,Yes,Electronic check,79.1,79.1,Yes,1,0,0,0,0,0,1,0,2,Below 1 year,0.91970456,72.74863041639327,High Risk - High Value,Priority retention offer
Female,No,No,No,Yes,No,Fiber optic,No,No,No,No,Yes,No,Month-to-month,Yes,Electronic check,80.65,144.15,Yes,1,0,0,0,0,0,1,0,2,Below 1 year,0.90332496,130.21429322361948,High Risk - High Value,Priority retention offer
Female,No,Yes,Yes,No,No phone service,DSL,Yes,Yes,Yes,No,No,Yes,Month-to-month,Yes,Bank transfer (automatic),48.7,2495.2,No,0,0,1,1,1,0,0,1,4,Below 5 years,0.33217376,828.8399776935577,Low Risk,Offer technical support
Male,No,No,No,Yes,Yes,Fiber optic,Yes,No,No,No,Yes,Yes,Month-to-month,No,Mailed check,98.15,1230.25,Yes,1,1,1,0,0,0,1,1,5,Below 3 years,0.71636784,881.311536103487,High Risk - High Value,Priority retention offer
Male,No,No,No,Yes,Yes,DSL,No,No,Yes,No,No,No,Month-to-month,No,Electronic check,54.35,54.35,Yes,1,1,0,0,1,0,0,0,3,Below 1 year,0.8341434,45.33569380044937,High Risk - New Customer,Onboarding intervention
Female,No,No,No,Yes,Yes,Fiber optic,Yes,No,No,No,Yes,No,Month-to-month,Yes,Bank transfer (automatic),90.05,2169.8,Yes,1,1,1,0,0,0,1,0,4,Below 3 years,0.6141353,1332.55082808733,Medium Risk,Offer technical support
Female,No,No,No,Yes,No,No,No internet service,No internet service,No internet service,No internet service,No internet service,No internet service,One year,Yes,Mailed check,19.2,161.95,No,1,0,0,0,0,0,0,0,1,Below 1 year,0.1260952,20.421118538081643,Low Risk,Standard engagement
Female,No,No,No,Yes,No,No,No internet service,No internet service,No internet service,No internet service,No internet service,No internet service,Two year,No,Mailed check,20.65,835.15,No,1,0,0,0,0,0,0,0,1,Below 5 years,0.051107567,42.68248441610485,Low Risk,Standard engagement
Male,Yes,Yes,No,No,No phone service,DSL,No,No,No,No,No,Yes,Month-to-month,No,Bank transfer (automatic),36.5,1032.0,Yes,0,0,0,0,0,0,0,1,1,Below 3 years,0.5422237,559.5748500823975,Medium Risk,Promote security service
Female,No,No,No,Yes,Yes,No,No internet service,No internet service,No internet service,No internet service,No internet service,No internet service,One year,No,Bank transfer (automatic),24.55,1203.95,No,1,1,0,0,0,0,0,0,2,Below 5 years,0.105788775,127.36439540646971,Low Risk,Standard engagement
Male,No,Yes,No,Yes,Yes,Fiber optic,No,Yes,Yes,No,Yes,Yes,Month-to-month,Yes,Electronic check,104.1,5135.15,No,1,1,0,1,1,0,1,1,6,Below 5 years,0.7555748,3879.9900493800637,High Risk - High Value,Priority retention offer
Male,No,No,No,Yes,Yes,Fiber optic,No,Yes,Yes,No,Yes,Yes,Two year,No,Credit card (automatic),105.1,6631.85,No,1,1,0,1,1,0,1,1,6,oldest Customers,0.22471835,1490.2983708240092,Low Risk,Promote security service
Female,Yes,No,No,No,No phone service,DSL,No,No,No,No,Yes,No,Month-to-month,Yes,Electronic check,36.45,36.45,Yes,0,0,0,0,0,0,1,0,1,Below 1 year,0.87315685,31.82656702101231,High Risk - New Customer,Onboarding intervention
Male,No,No,Yes,Yes,No,No,No internet service,No internet service,No internet service,No internet service,No internet service,No internet service,One year,No,Mailed check,19.8,465.45,No,1,0,0,0,0,0,0,0,1,Below 3 years,0.0890878,41.465916133671996,Low Risk,Standard engagement
Male,No,No,No,Yes,Yes,DSL,No,Yes,No,No,No,No,Month-to-month,Yes,Mailed check,54.4,114.1,Yes,1,1,0,1,0,0,0,0,3,Below 1 year,0.7556692,86.22185304760933,High Risk - New Customer,Onboarding intervention
Male,No,No,No,Yes,Yes,No,No internet service,No internet service,No internet service,No internet service,No internet service,No internet service,One year,No,Credit card (automatic),24.8,1600.95,No,1,1,0,0,0,0,0,0,2,oldest Customers,0.09645273,154.41599475368858,Low Risk,Standard engagement
Male,No,Yes,No,Yes,No,No,No internet service,No internet service,No internet service,No internet service,No internet service,No internet service,One year,Yes,Mailed check,20.55,184.95,No,1,0,0,0,0,0,0,0,1,Below 1 year,0.111036025,20.53611282147467,Low Risk,Standard engagement
Male,No,No,No,Yes,Yes,DSL,No,No,No,No,Yes,Yes,Month-to-month,Yes,Credit card (automatic),72.15,794.25,Yes,1,1,0,0,0,0,1,1,4,Below 1 year,0.59980565,476.3956399708986,Medium Risk,Promote security service
Female,No,No,No,No,No phone service,DSL,No,Yes,No,No,No,No,Month-to-month,Yes,Electronic check,31.65,389.95,No,0,0,0,1,0,0,0,0,1,Below 3 years,0.61679786,240.5203272372484,Medium Risk,Promote security service
Female,No,Yes,Yes,Yes,Yes,Fiber optic,No,Yes,Yes,No,No,Yes,Two year,Yes,Credit card (automatic),95.75,6849.4,No,1,1,0,1,1,0,0,1,5,oldest Customers,0.17555487,1202.4455372571945,Low Risk,Promote security service
Male,No,Yes,No,Yes,Yes,Fiber optic,No,Yes,Yes,Yes,Yes,Yes,Month-to-month,Yes,Electronic check,111.2,2317.1,Yes,1,1,0,1,1,1,1,1,7,Below 3 years,0.7455027,1727.4043301343918,High Risk - High Value,Priority retention offer
Female,No,Yes,Yes,Yes,Yes,Fiber optic,Yes,Yes,No,Yes,Yes,Yes,Two year,No,Bank transfer (automatic),110.3,6997.3,No,1,1,1,1,0,1,1,1,7,oldest Customers,0.25333023,1772.6276233673095,Low Risk,Standard engagement
Female,No,No,No,Yes,Yes,Fiber optic,No,No,No,No,No,No,Month-to-month,No,Bank transfer (automatic),74.4,215.8,Yes,1,1,0,0,0,0,0,0,2,Below 1 year,0.79672873,171.93405997753143,High Risk - New Customer,Onboarding intervention
Female,No,Yes,Yes,Yes,No,No,No internet service,No internet service,No internet service,No internet service,No internet service,No internet service,One year,Yes,Mailed check,19.5,272.0,No,1,0,0,0,0,0,0,0,1,Below 3 years,0.10614138,28.870455622673035,Low Risk,Standard engagement
Female,Yes,Yes,No,No,No phone service,DSL,No,Yes,Yes,No,Yes,No,One year,No,Bank transfer (automatic),45.55,3027.25,No,0,0,0,1,1,0,1,0,3,oldest Customers,0.24116555,730.0684068873525,Low Risk,Promote security service
Male,Yes,No,No,Yes,No,DSL,Yes,No,No,No,No,No,Month-to-month,Yes,Electronic check,49.25,91.1,Yes,1,0,1,0,0,0,0,0,2,Below 1 year,0.7611624,69.34189466238021,High Risk - New Customer,Onboarding intervention
Male,No,Yes,Yes,Yes,No,DSL,Yes,Yes,No,No,Yes,No,Month-to-month,Yes,Electronic check,65.45,937.6,Yes,1,0,1,1,0,0,1,0,4,Below 3 years,0.49054426,459.93429775238036,Medium Risk,Offer technical support
Male,No,No,Yes,Yes,Yes,DSL,No,Yes,No,Yes,Yes,Yes,One year,Yes,Mailed check,79.45,2587.7,Yes,1,1,0,1,0,1,1,1,6,Below 3 years,0.36851573,953.608154273033,Low Risk,Promote security service
Female,No,No,No,Yes,Yes,Fiber optic,No,No,No,No,No,Yes,Month-to-month,Yes,Electronic check,84.5,3906.7,No,1,1,0,0,0,0,0,1,3,Below 5 years,0.64221644,2508.946981835365,Medium Risk,Promote security service
Male,Yes,Yes,No,Yes,No,Fiber optic,No,Yes,No,No,No,No,Month-to-month,Yes,Electronic check,76.45,1233.4,Yes,1,0,0,1,0,0,0,0,2,Below 3 years,0.7408932,913.8176545500756,High Risk - High Value,Priority retention offer
Female,Yes,Yes,No,Yes,Yes,Fiber optic,Yes,No,No,No,No,No,Month-to-month,No,Electronic check,80.35,3825.85,Yes,1,1,1,0,0,0,0,0,3,Below 5 years,0.55999094,2142.441347280145,Medium Risk,Offer technical support
Male,No,No,No,Yes,Yes,Fiber optic,Yes,No,Yes,Yes,Yes,Yes,Two year,Yes,Credit card (automatic),111.6,6876.05,Yes,1,1,1,0,1,1,1,1,7,oldest Customers,0.29075712,1999.2604926079512,Low Risk,Standard engagement
Female,No,No,No,No,No phone service,DSL,Yes,Yes,Yes,Yes,Yes,Yes,Two year,No,Credit card (automatic),64.35,4539.6,No,0,0,1,1,1,1,1,1,6,oldest Customers,0.06622227,300.6226296633482,Low Risk,Standard engagement
Female,No,Yes,No,Yes,No,DSL,Yes,No,Yes,Yes,Yes,Yes,One year,No,Mailed check,80.9,1714.95,No,1,0,1,0,1,1,1,1,6,Below 3 years,0.22291066,382.28063212260605,Low Risk,Standard engagement
Female,No,No,No,Yes,Yes,Fiber optic,No,No,No,Yes,No,Yes,Month-to-month,Yes,Electronic check,90.1,1612.75,Yes,1,1,0,0,0,1,0,1,4,Below 3 years,0.68441254,1103.7863222807646,Medium Risk,Promote security service
Female,Yes,No,No,Yes,No,Fiber optic,No,No,No,No,No,No,Month-to-month,Yes,Electronic check,70.35,139.05,Yes,1,0,0,0,0,0,0,0,1,Below 1 year,0.88868445,123.57157299220563,High Risk - New Customer,Onboarding intervention
Female,No,Yes,Yes,Yes,No,DSL,Yes,Yes,No,Yes,Yes,Yes,One year,No,Credit card (automatic),80.3,3058.65,Yes,1,0,1,1,0,1,1,1,6,Below 5 years,0.25743067,787.3903268873692,Low Risk,Standard engagement
Male,Yes,Yes,No,Yes,No,Fiber optic,No,No,No,No,No,No,Month-to-month,Yes,Bank transfer (automatic),71.8,1167.8,Yes,1,0,0,0,0,0,0,0,1,Below 3 years,0.61303055,715.8970796346664,Medium Risk,Promote security service
Male,No,No,No,Yes,Yes,Fiber optic,No,Yes,No,No,No,No,Month-to-month,Yes,Electronic check,80.25,1861.5,Yes,1,1,0,1,0,0,0,0,3,Below 3 years,0.73647034,1370.939541041851,High Risk - High Value,Priority retention offer
Female,Yes,No,No,No,No phone service,DSL,No,No,Yes,No,No,No,Month-to-month,Yes,Electronic check,30.4,78.65,Yes,0,0,0,0,1,0,0,0,1,Below 1 year,0.8581782,67.4957152992487,High Risk - New Customer,Onboarding intervention
Female,No,No,No,Yes,Yes,Fiber optic,Yes,Yes,No,Yes,Yes,Yes,One year,Yes,Credit card (automatic),111.25,5916.45,Yes,1,1,1,1,0,1,1,1,7,Below 5 years,0.41711324,2467.8296556204555,Medium Risk,Standard engagement
Female,No,Yes,Yes,Yes,Yes,Fiber optic,No,No,No,No,Yes,Yes,Month-to-month,Yes,Electronic check,95.6,4783.5,Yes,1,1,0,0,0,0,1,1,4,Below 5 years,0.7295495,3489.8001632094383,High Risk - High Value,Priority retention offer
Male,Yes,No,No,Yes,Yes,Fiber optic,Yes,No,No,No,Yes,Yes,Month-to-month,Yes,Electronic check,98.8,5617.75,Yes,1,1,1,0,0,0,1,1,5,Below 5 years,0.60622823,3405.638652473688,Medium Risk,Offer technical support
Female,Yes,No,No,Yes,Yes,DSL,Yes,Yes,No,Yes,Yes,Yes,One year,No,Bank transfer (automatic),82.45,4350.1,Yes,1,1,1,1,0,1,1,1,7,Below 5 years,0.24068555,1047.0062213152648,Low Risk,Standard engagement
Female,No,No,No,Yes,Yes,Fiber optic,No,No,Yes,No,No,No,Month-to-month,Yes,Electronic check,80.45,1072.0,Yes,1,1,0,0,1,0,0,0,3,Below 3 years,0.8257285,885.180926322937,High Risk - High Value,Priority retention offer
Female,No,No,No,Yes,Yes,Fiber optic,No,Yes,Yes,No,Yes,Yes,Month-to-month,Yes,Electronic check,106.3,4443.45,Yes,1,1,0,1,1,0,1,1,6,Below 5 years,0.77551544,3445.964069098234,High Risk - High Value,Priority retention offer
Male,No,No,No,Yes,No,DSL,Yes,No,Yes,Yes,Yes,No,Month-to-month,Yes,Electronic check,68.35,1299.8,No,1,0,1,0,1,1,1,0,5,Below 3 years,0.40450233,525.7721314072609,Medium Risk,Promote long-term contract
Female,No,Yes,Yes,Yes,Yes,Fiber optic,Yes,No,No,Yes,No,Yes,One year,Yes,Credit card (automatic),94.35,6341.45,Yes,1,1,1,0,0,1,0,1,5,oldest Customers,0.2641053,1674.8104923769831,Low Risk,Standard engagement
Male,No,No,No,Yes,No,No,No internet service,No internet service,No internet service,No internet service,No internet service,No internet service,Month-to-month,No,Mailed check,20.2,20.2,No,1,0,0,0,0,0,0,0,1,Below 1 year,0.5702775,11.51960574388504,Medium Risk,Promote long-term contract
Male,No,Yes,No,Yes,Yes,Fiber optic,No,Yes,No,No,No,Yes,One year,Yes,Credit card (automatic),90.35,4614.55,No,1,1,0,1,0,0,0,1,4,Below 5 years,0.308392,1423.0902495056391,Low Risk,Promote security service
Female,No,Yes,No,Yes,No,DSL,No,No,No,No,No,No,Month-to-month,Yes,Electronic check,44.05,483.7,Yes,1,0,0,0,0,0,0,0,1,Below 1 year,0.63302547,306.19441857934,Medium Risk,Promote security service
Male,Yes,No,No,Yes,No,Fiber optic,No,Yes,No,No,No,Yes,Month-to-month,Yes,Electronic check,85.55,408.5,No,1,0,0,1,0,0,0,1,3,Below 1 year,0.8548506,349.20646610856056,High Risk - High Value,Priority retention offer
Female,No,No,No,Yes,Yes,Fiber optic,No,Yes,No,No,Yes,No,Month-to-month,Yes,Bank transfer (automatic),89.75,1052.4,Yes,1,1,0,1,0,0,1,0,4,Below 3 years,0.7744694,815.0515708923341,High Risk - High Value,Priority retention offer
Male,No,No,No,No,No phone service,DSL,No,No,Yes,No,Yes,No,Month-to-month,Yes,Mailed check,40.15,130.75,Yes,0,0,0,0,1,0,1,0,2,Below 1 year,0.74180984,96.99163722991943,High Risk - New Customer,Onboarding intervention
Male,No,No,No,Yes,Yes,DSL,No,No,No,No,No,No,Month-to-month,No,Credit card (automatic),51.75,201.1,Yes,1,1,0,0,0,0,0,0,2,Below 1 year,0.65274507,131.26703318953514,Medium Risk,Promote security service
Male,Yes,No,No,Yes,Yes,DSL,Yes,Yes,Yes,Yes,No,Yes,Two year,No,Credit card (automatic),81.35,4060.9,No,1,1,1,1,1,1,0,1,7,Below 5 years,0.09170126,372.38965363427997,Low Risk,Standard engagement
Female,No,No,No,Yes,Yes,Fiber optic,No,Yes,Yes,No,No,No,Month-to-month,Yes,Bank transfer (automatic),84.8,3862.55,Yes,1,1,0,1,1,0,0,0,4,Below 5 years,0.46952513,1813.5642854854466,Medium Risk,Promote security service
Male,Yes,No,No,Yes,Yes,Fiber optic,No,No,Yes,No,Yes,No,Month-to-month,Yes,Electronic check,88.8,88.8,Yes,1,1,0,0,1,0,1,0,4,Below 1 year,0.92490345,82.13142657279968,High Risk - High Value,Priority retention offer
Female,Yes,No,No,Yes,No,Fiber optic,No,No,Yes,No,No,Yes,Month-to-month,Yes,Electronic check,84.95,1443.65,No,1,0,0,0,1,0,0,1,3,Below 3 years,0.77673227,1121.3295357376337,High Risk - High Value,Priority retention offer
Female,No,Yes,No,Yes,Yes,Fiber optic,No,No,No,No,No,Yes,Month-to-month,Yes,Credit card (automatic),85.2,627.4,Yes,1,1,0,0,0,0,0,1,3,Below 1 year,0.81584865,511.86344209909436,High Risk - High Value,Priority retention offer
Female,Yes,Yes,Yes,Yes,No,Fiber optic,Yes,No,Yes,Yes,Yes,Yes,Month-to-month,Yes,Electronic check,104.5,5068.05,No,1,0,1,0,1,1,1,1,6,Below 5 years,0.5334539,2703.5709453552963,Medium Risk,Promote long-term contract
Male,No,No,No,Yes,Yes,DSL,No,No,Yes,No,Yes,Yes,Two year,Yes,Bank transfer (automatic),77.8,4323.35,No,1,1,0,0,1,0,1,1,5,Below 5 years,0.13678716,591.378773508221,Low Risk,Promote security service
Male,No,Yes,Yes,Yes,No,DSL,Yes,Yes,No,No,No,No,One year,No,Mailed check,53.65,1939.35,No,1,0,1,1,0,0,0,0,3,Below 5 years,0.13840382,268.41344446018337,Low Risk,Offer technical support
Female,No,No,No,Yes,No,DSL,Yes,Yes,No,No,No,No,Month-to-month,No,Electronic check,56.25,389.1,Yes,1,0,1,1,0,0,0,0,3,Below 1 year,0.4919022,191.39914694130422,Medium Risk,Offer technical support
Male,No,Yes,Yes,No,No phone service,DSL,Yes,Yes,Yes,Yes,Yes,Yes,Two year,Yes,Credit card (automatic),64.8,4719.75,No,0,0,1,1,1,1,1,1,6,oldest Customers,0.053784013,253.84709438681602,Low Risk,Standard engagement
Male,Yes,No,Yes,Yes,No,DSL,No,No,Yes,No,No,No,Month-to-month,Yes,Mailed check,50.15,50.15,Yes,1,0,0,0,1,0,0,0,2,Below 1 year,0.82623243,41.435556530952454,High Risk - New Customer,Onboarding intervention
Male,No,No,Yes,Yes,Yes,Fiber optic,No,No,Yes,No,Yes,Yes,Two year,No,Bank transfer (automatic),99.7,4634.35,No,1,1,0,0,1,0,1,1,5,Below 5 years,0.24999392,1158.5593246638775,Low Risk,Promote security service
Female,No,No,No,Yes,No,Fiber optic,No,No,Yes,Yes,Yes,Yes,Month-to-month,Yes,Mailed check,99.95,547.65,Yes,1,0,0,0,1,1,1,1,5,Below 1 year,0.78451765,429.6410887420177,High Risk - High Value,Priority retention offer
Female,No,Yes,No,Yes,Yes,Fiber optic,No,Yes,Yes,Yes,Yes,Yes,One year,Yes,Electronic check,109.25,8109.8,Yes,1,1,0,1,1,1,1,1,7,oldest Customers,0.45430985,3684.362029081583,Medium Risk,Promote security service
Male,No,Yes,No,Yes,Yes,Fiber optic,No,Yes,Yes,Yes,Yes,Yes,Month-to-month,Yes,Electronic check,109.55,5124.55,Yes,1,1,0,1,1,1,1,1,7,Below 5 years,0.6880995,3526.200310748816,Medium Risk,Promote security service
Female,No,No,No,Yes,Yes,DSL,Yes,Yes,Yes,Yes,Yes,No,Month-to-month,Yes,Bank transfer (automatic),78.35,1837.9,No,1,1,1,1,1,1,1,0,7,Below 3 years,0.2664158,489.64560731947427,Low Risk,Promote long-term contract
Male,No,No,No,Yes,No,Fiber optic,No,No,No,No,No,No,Month-to-month,Yes,Electronic check,69.1,69.1,Yes,1,0,0,0,0,0,0,0,1,Below 1 year,0.9011922,62.27238020896911,High Risk - New Customer,Onboarding intervention
Female,Yes,Yes,No,Yes,Yes,Fiber optic,No,No,No,No,No,Yes,Month-to-month,Yes,Electronic check,84.35,474.9,Yes,1,1,0,0,0,0,0,1,3,Below 1 year,0.88161683,418.6798329591751,High Risk - High Value,Priority retention offer
Female,Yes,No,No,Yes,Yes,Fiber optic,Yes,No,No,No,Yes,Yes,One year,Yes,Bank transfer (automatic),101.4,6176.6,No,1,1,1,0,0,0,1,1,5,oldest Customers,0.47697267,2946.069389587641,Medium Risk,Offer technical support
Male,Yes,Yes,Yes,Yes,No,Fiber optic,No,No,No,No,Yes,No,Month-to-month,Yes,Credit card (automatic),80.45,583.45,Yes,1,0,0,0,0,0,1,0,2,Below 1 year,0.752688,439.1558081537485,High Risk - High Value,Priority retention offer
Male,No,No,No,Yes,Yes,Fiber optic,No,No,No,No,No,Yes,Month-to-month,Yes,Electronic check,86.55,649.65,Yes,1,1,0,0,0,0,0,1,3,Below 1 year,0.8638818,561.2208285212516,High Risk - High Value,Priority retention offer
Male,No,No,No,Yes,No,DSL,No,No,Yes,Yes,Yes,No,Month-to-month,Yes,Credit card (automatic),63.95,318.1,No,1,0,0,0,1,1,1,0,4,Below 1 year,0.5209645,165.7188084959984,Medium Risk,Promote security service
Male,Yes,Yes,No,Yes,Yes,DSL,No,Yes,Yes,Yes,Yes,Yes,Month-to-month,Yes,Bank transfer (automatic),84.8,2309.55,No,1,1,0,1,1,1,1,1,7,Below 3 years,0.4028489,930.3996755272151,Medium Risk,Promote security service
Male,No,No,No,Yes,No,No,No internet service,No internet service,No internet service,No internet service,No internet service,No internet service,Two year,No,Electronic check,19.95,907.05,No,1,0,0,0,0,0,0,0,1,Below 5 years,0.093434654,84.74990307055414,Low Risk,Standard engagement
Male,No,Yes,No,Yes,Yes,Fiber optic,Yes,Yes,Yes,No,Yes,No,Two year,Yes,Credit card (automatic),97.95,7114.25,No,1,1,1,1,1,0,1,0,6,oldest Customers,0.09996018,711.1416973099113,Low Risk,Offer technical support
Male,No,Yes,Yes,Yes,Yes,DSL,No,No,Yes,No,Yes,Yes,One year,No,Bank transfer (automatic),77.2,2753.8,No,1,1,0,0,1,0,1,1,5,Below 3 years,0.320913,883.730183583498,Low Risk,Promote security service
Female,No,Yes,Yes,Yes,No,DSL,No,Yes,No,Yes,No,No,Month-to-month,No,Bank transfer (automatic),56.3,401.5,No,1,0,0,1,0,1,0,0,3,Below 1 year,0.3808548,152.91319635510445,Low Risk,Promote security service
Female,No,No,No,Yes,No,No,No internet service,No internet service,No internet service,No internet service,No internet service,No internet service,Month-to-month,No,Bank transfer (automatic),19.45,227.45,No,1,0,0,0,0,0,0,0,1,Below 3 years,0.30760106,69.96386210769414,Low Risk,Promote long-term contract
Female,No,No,No,No,No phone service,DSL,No,No,No,No,No,No,Month-to-month,Yes,Mailed check,24.9,24.9,No,0,0,0,0,0,0,0,0,0,Below 1 year,0.7639254,19.02174180150032,High Risk - New Customer,Onboarding intervention
Male,No,No,No,Yes,No,No,No internet service,No internet service,No internet service,No internet service,No internet service,No internet service,Month-to-month,No,Credit card (automatic),20.5,402.85,No,1,0,0,0,0,0,0,0,1,Below 3 years,0.22029537,88.74598965346814,Low Risk,Promote long-term contract
Female,No,Yes,No,Yes,Yes,Fiber optic,No,Yes,Yes,No,Yes,No,Month-to-month,No,Electronic check,94.1,1215.6,Yes,1,1,0,1,1,0,1,0,5,Below 3 years,0.8000306,972.5171841144561,High Risk - High Value,Priority retention offer
Male,No,Yes,No,Yes,Yes,Fiber optic,No,Yes,No,No,Yes,Yes,Month-to-month,Yes,Electronic check,100.2,420.2,Yes,1,1,0,1,0,0,1,1,5,Below 1 year,0.88927996,373.67543985843656,High Risk - High Value,Priority retention offer
Male,No,No,No,Yes,Yes,Fiber optic,No,Yes,No,No,No,No,Month-to-month,Yes,Electronic check,77.85,3365.85,Yes,1,1,0,1,0,0,0,0,3,Below 5 years,0.63418704,2134.578457716107,Medium Risk,Promote security service
Male,No,No,No,Yes,Yes,DSL,No,No,Yes,No,Yes,Yes,Month-to-month,No,Bank transfer (automatic),74.75,827.05,No,1,1,0,0,1,0,1,1,5,Below 3 years,0.56720865,469.1099121034145,Medium Risk,Promote security service
Female,No,No,No,Yes,Yes,Fiber optic,No,No,No,No,No,Yes,Month-to-month,Yes,Electronic check,83.3,803.3,Yes,1,1,0,0,0,0,0,1,3,Below 1 year,0.8514647,683.9815844953059,High Risk - High Value,Priority retention offer
Male,Yes,Yes,No,Yes,Yes,Fiber optic,No,Yes,No,No,Yes,Yes,Month-to-month,Yes,Electronic check,101.9,5549.4,Yes,1,1,0,1,0,0,1,1,5,Below 5 years,0.7688775,4266.80883321762,High Risk - High Value,Priority retention offer
Male,No,No,No,Yes,Yes,Fiber optic,No,No,No,No,No,No,Month-to-month,No,Credit card (automatic),75.35,2636.05,Yes,1,1,0,0,0,0,0,0,2,Below 3 years,0.50020105,1318.5549685388805,Medium Risk,Promote security service
Female,No,No,No,Yes,Yes,Fiber optic,No,Yes,Yes,No,Yes,Yes,Month-to-month,Yes,Bank transfer (automatic),107.4,5121.3,Yes,1,1,0,1,1,0,1,1,6,Below 5 years,0.6443794,3300.0601052999496,Medium Risk,Promote security service
Male,No,Yes,Yes,Yes,No,Fiber optic,No,No,No,No,No,No,Month-to-month,Yes,Electronic check,70.45,1470.95,Yes,1,0,0,0,0,0,0,0,1,Below 3 years,0.7100499,1044.447940465808,High Risk - General,Promote security service
Male,No,No,No,Yes,Yes,Fiber optic,No,Yes,No,No,No,Yes,Month-to-month,Yes,Credit card (automatic),90.85,90.85,Yes,1,1,0,1,0,0,0,1,4,Below 1 year,0.8898015,80.83846647739409,High Risk - High Value,Priority retention offer
Female,No,Yes,No,Yes,No,Fiber optic,No,No,Yes,No,Yes,No,Month-to-month,Yes,Electronic check,86.25,587.1,Yes,1,0,0,0,1,0,1,0,3,Below 1 year,0.87059087,511.12389720082285,High Risk - High Value,Priority retention offer
Male,No,Yes,No,Yes,No,Fiber optic,No,Yes,No,No,Yes,Yes,One year,Yes,Electronic check,94.4,5610.25,Yes,1,0,0,1,0,0,1,1,4,oldest Customers,0.44429785,2492.6220137029886,Medium Risk,Promote security service
Male,No,Yes,Yes,Yes,No,No,No internet service,No internet service,No internet service,No internet service,No internet service,No internet service,One year,No,Mailed check,20.25,854.9,No,1,0,0,0,0,0,0,0,1,Below 5 years,0.08850115,75.65963136181234,Low Risk,Standard engagement
Male,Yes,Yes,No,Yes,Yes,Fiber optic,No,Yes,Yes,No,No,Yes,Month-to-month,Yes,Electronic check,95.9,2745.2,Yes,1,1,0,1,1,0,0,1,5,Below 3 years,0.7938746,2179.3446106433867,High Risk - High Value,Priority retention offer
Female,No,No,No,Yes,No,No,No internet service,No internet service,No internet service,No internet service,No internet service,No internet service,Two year,No,Credit card (automatic),20.7,762.45,No,1,0,0,0,0,0,0,0,1,Below 5 years,0.053118743,40.500385602191095,Low Risk,Standard engagement
Female,Yes,No,No,Yes,No,Fiber optic,No,Yes,No,No,No,No,Month-to-month,Yes,Electronic check,74.4,2276.95,Yes,1,0,0,1,0,0,0,0,2,Below 3 years,0.7281205,1657.8939857035873,High Risk - General,Promote security service
Male,No,No,No,Yes,Yes,Fiber optic,No,Yes,No,No,Yes,Yes,Month-to-month,No,Electronic check,100.85,819.55,Yes,1,1,0,1,0,0,1,1,5,Below 1 year,0.8100481,663.8749230861663,High Risk - High Value,Priority retention offer
Female,No,No,No,Yes,No,DSL,No,No,No,No,No,No,Month-to-month,No,Mailed check,45.95,45.95,Yes,1,0,0,0,0,0,0,0,1,Below 1 year,0.7710088,35.427853879332545,High Risk - New Customer,Onboarding intervention
Male,No,No,No,Yes,No,DSL,Yes,No,No,Yes,No,No,Month-to-month,Yes,Mailed check,54.45,87.3,No,1,0,1,0,0,1,0,0,3,Below 1 year,0.54038554,47.17565801739693,Medium Risk,Promote long-term contract
Female,No,Yes,No,Yes,Yes,Fiber optic,No,Yes,Yes,No,Yes,No,Month-to-month,Yes,Credit card (automatic),94.45,5073.1,No,1,1,0,1,1,0,1,0,5,Below 5 years,0.46001938,2333.724315938354,Medium Risk,Promote security service
Female,No,No,No,Yes,No,Fiber optic,No,Yes,No,Yes,No,No,Month-to-month,Yes,Credit card (automatic),80.05,1112.3,No,1,0,0,1,0,1,0,0,3,Below 3 years,0.5939928,660.698224055767,Medium Risk,Promote security service
Female,No,No,No,Yes,No,No,No internet service,No internet service,No internet service,No internet service,No internet service,No internet service,Month-to-month,No,Mailed check,20.65,155.9,No,1,0,0,0,0,0,0,0,1,Below 1 year,0.32680374,50.94870366454125,Low Risk,Promote long-term contract
Male,No,No,Yes,Yes,No,Fiber optic,Yes,No,No,No,No,No,Month-to-month,Yes,Bank transfer (automatic),74.9,2068.55,Yes,1,0,1,0,0,0,0,0,2,Below 3 years,0.4773482,987.4186365425587,Medium Risk,Offer technical support
Female,No,No,No,Yes,No,No,No internet service,No internet service,No internet service,No internet service,No internet service,No internet service,Two year,No,Mailed check,18.7,1005.7,No,1,0,0,0,0,0,0,0,1,Below 5 years,0.05946118,59.80010884739459,Low Risk,Standard engagement
Male,No,No,No,Yes,Yes,Fiber optic,No,No,No,Yes,Yes,No,Two year,Yes,Credit card (automatic),90.45,5229.8,No,1,1,0,0,0,1,1,0,4,Below 5 years,0.12278232,642.1269760072231,Low Risk,Promote security service
Male,No,Yes,No,Yes,Yes,DSL,No,No,Yes,No,Yes,No,Month-to-month,No,Electronic check,65.6,250.1,No,1,1,0,0,1,0,1,0,4,Below 1 year,0.7433293,185.90665457248687,High Risk - New Customer,Onboarding intervention
Male,No,Yes,No,Yes,No,Fiber optic,No,No,No,No,No,No,Month-to-month,Yes,Electronic check,69.35,451.1,Yes,1,0,0,0,0,0,0,0,1,Below 1 year,0.79805875,360.00430133342746,High Risk - New Customer,Onboarding intervention
Male,No,Yes,Yes,Yes,Yes,Fiber optic,Yes,Yes,No,Yes,No,No,One year,No,Electronic check,89.55,6038.55,No,1,1,1,1,0,1,0,0,5,oldest Customers,0.23462994,1416.8246481411159,Low Risk,Standard engagement
Female,No,Yes,No,No,No phone service,DSL,No,No,No,No,No,Yes,Month-to-month,Yes,Electronic check,35.1,68.75,Yes,0,0,0,0,0,0,0,1,1,Below 1 year,0.8540043,58.7127972394228,High Risk - New Customer,Onboarding intervention
Male,No,No,No,Yes,No,Fiber optic,No,No,Yes,No,Yes,Yes,Month-to-month,No,Bank transfer (automatic),96.5,492.55,Yes,1,0,0,0,1,0,1,1,4,Below 1 year,0.7993284,393.7091969102621,High Risk - High Value,Priority retention offer
Female,Yes,No,No,Yes,No,Fiber optic,No,No,No,No,No,No,Month-to-month,Yes,Electronic check,69.85,69.85,Yes,1,0,0,0,0,0,0,0,1,Below 1 year,0.90862423,63.46740259230136,High Risk - New Customer,Onboarding intervention
Male,No,No,No,Yes,No,DSL,Yes,Yes,No,No,No,No,Month-to-month,Yes,Credit card (automatic),55.5,934.15,No,1,0,1,1,0,0,0,0,3,Below 3 years,0.36519232,341.1444093927741,Low Risk,Offer technical support
Female,No,No,No,Yes,No,No,No internet service,No internet service,No internet service,No internet service,No internet service,No internet service,Month-to-month,Yes,Mailed check,20.0,61.7,No,1,0,0,0,0,0,0,0,1,Below 1 year,0.40834188,25.19469428062439,Medium Risk,Promote long-term contract
Male,No,No,No,Yes,No,DSL,Yes,Yes,No,No,No,No,Month-to-month,Yes,Bank transfer (automatic),55.7,335.65,No,1,0,1,1,0,0,0,0,3,Below 1 year,0.4890703,164.15644494891166,Medium Risk,Offer technical support
Female,No,Yes,Yes,Yes,No,Fiber optic,No,No,No,No,Yes,Yes,One year,Yes,Bank transfer (automatic),90.1,2598.95,Yes,1,0,0,0,0,0,1,1,3,Below 3 years,0.45466277,1181.6458061769604,Medium Risk,Promote security service
Male,No,No,Yes,Yes,No,DSL,Yes,No,No,No,No,No,Month-to-month,Yes,Electronic check,49.4,184.4,Yes,1,0,1,0,0,0,0,0,2,Below 1 year,0.66334903,122.32156157493591,Medium Risk,Offer technical support
Male,No,No,No,Yes,No,No,No internet service,No internet service,No internet service,No internet service,No internet service,No internet service,Month-to-month,No,Mailed check,20.45,20.45,No,1,0,0,0,0,0,0,0,1,Below 1 year,0.5767201,11.79392642378807,Medium Risk,Promote long-term contract
Male,No,No,No,Yes,No,No,No internet service,No internet service,No internet service,No internet service,No internet service,No internet service,Month-to-month,No,Mailed check,20.05,358.5,No,1,0,0,0,0,0,0,0,1,Below 3 years,0.19989705,71.6630927324295,Low Risk,Promote long-term contract
Female,No,Yes,No,Yes,Yes,Fiber optic,Yes,Yes,Yes,No,Yes,Yes,One year,Yes,Credit card (automatic),110.65,6526.65,No,1,1,1,1,1,0,1,1,7,Below 5 years,0.4195695,2738.3832271814344,Medium Risk,Offer technical support
Female,No,Yes,Yes,Yes,Yes,No,No internet service,No internet service,No internet service,No internet service,No internet service,No internet service,Two year,No,Mailed check,25.45,1534.05,No,1,1,0,0,0,0,0,0,2,Below 5 years,0.051506974,79.01427316255867,Low Risk,Standard engagement
Male,Yes,Yes,No,Yes,Yes,Fiber optic,No,No,No,No,Yes,Yes,Month-to-month,Yes,Bank transfer (automatic),93.85,5574.75,Yes,1,1,0,0,0,0,1,1,4,Below 5 years,0.5606546,3125.509123161435,Medium Risk,Promote security service
Female,No,No,No,Yes,Yes,DSL,No,Yes,No,Yes,No,Yes,One year,Yes,Mailed check,70.7,2511.95,No,1,1,0,1,0,1,0,1,5,Below 5 years,0.36020535,904.8178347259759,Low Risk,Promote security service
Female,Yes,No,No,Yes,Yes,Fiber optic,No,No,Yes,No,No,Yes,Month-to-month,Yes,Credit card (automatic),90.85,4515.85,Yes,1,1,0,0,1,0,0,1,4,Below 5 years,0.6044548,2729.627278068662,Medium Risk,Promote security service
Male,No,Yes,No,Yes,Yes,Fiber optic,No,No,No,No,Yes,Yes,Month-to-month,Yes,Credit card (automatic),94.05,2866.45,Yes,1,1,0,0,0,0,1,1,4,Below 3 years,0.6842032,1961.2342841178177,Medium Risk,Promote security service
Female,No,No,No,Yes,No,DSL,No,No,No,No,No,No,Month-to-month,Yes,Electronic check,44.35,927.15,No,1,0,0,0,0,0,0,0,1,Below 3 years,0.5708064,529.2231390058994,Medium Risk,Promote security service
Female,Yes,No,No,Yes,Yes,Fiber optic,No,No,No,No,No,No,Month-to-month,Yes,Electronic check,76.25,2841.55,Yes,1,1,0,0,0,0,0,0,2,Below 5 years,0.74427325,2114.8896402806045,High Risk - High Value,Priority retention offer
Female,No,No,No,Yes,No,DSL,No,No,No,No,No,No,Month-to-month,Yes,Bank transfer (automatic),44.2,403.35,Yes,1,0,0,0,0,0,0,0,1,Below 1 year,0.5652028,227.97453833520413,Medium Risk,Promote security service
Female,No,Yes,No,Yes,No,DSL,Yes,Yes,Yes,Yes,Yes,Yes,Two year,No,Mailed check,85.1,6155.4,No,1,0,1,1,1,1,1,1,7,oldest Customers,0.05557212,342.06861889287825,Low Risk,Standard engagement
Male,Yes,No,No,Yes,Yes,Fiber optic,No,No,No,No,No,No,Month-to-month,Yes,Electronic check,76.45,76.45,Yes,1,1,0,0,0,0,0,0,2,Below 1 year,0.9176301,70.15281934142114,High Risk - High Value,Priority retention offer
Male,No,No,No,Yes,No,Fiber optic,No,No,No,No,No,No,Month-to-month,Yes,Credit card (automatic),69.95,1205.5,No,1,0,0,0,0,0,0,0,1,Below 3 years,0.55166733,665.0349695086479,Medium Risk,Promote security service
Female,No,Yes,Yes,Yes,Yes,Fiber optic,No,Yes,No,No,Yes,Yes,Month-to-month,Yes,Electronic check,99.15,6010.05,Yes,1,1,0,1,0,0,1,1,5,oldest Customers,0.674231,4052.1619782418015,Medium Risk,Promote security service
Female,No,No,No,Yes,No,Fiber optic,No,No,No,No,No,No,Month-to-month,No,Mailed check,69.55,69.55,Yes,1,0,0,0,0,0,0,0,1,Below 1 year,0.81887925,56.953051608800884,High Risk - New Customer,Onboarding intervention
Male,No,No,No,Yes,No,Fiber optic,No,No,No,No,No,Yes,Month-to-month,Yes,Electronic check,80.2,181.1,Yes,1,0,0,0,0,0,0,1,2,Below 1 year,0.89309776,161.7400040268898,High Risk - High Value,Priority retention offer
Female,Yes,No,No,Yes,Yes,Fiber optic,No,No,Yes,No,Yes,Yes,One year,Yes,Electronic check,100.0,5509.3,Yes,1,1,0,0,1,0,1,1,5,Below 5 years,0.54032385,2976.806206047535,Medium Risk,Promote security service
Female,No,Yes,Yes,Yes,Yes,No,No internet service,No internet service,No internet service,No internet service,No internet service,No internet service,Month-to-month,No,Mailed check,25.55,372.45,No,1,1,0,0,0,0,0,0,2,Below 3 years,0.24853374,92.56639170125126,Low Risk,Promote long-term contract
Male,No,Yes,No,Yes,No,Fiber optic,No,Yes,Yes,No,No,No,Month-to-month,Yes,Electronic check,80.0,3168.75,No,1,0,0,1,1,0,0,0,3,Below 5 years,0.6632904,2101.801396161318,Medium Risk,Promote security service
Female,No,No,Yes,Yes,No,Fiber optic,No,No,No,No,Yes,No,Month-to-month,Yes,Electronic check,81.0,1312.15,Yes,1,0,0,0,0,0,1,0,2,Below 3 years,0.76518625,1004.0391382128001,High Risk - High Value,Priority retention offer
Female,Yes,Yes,No,Yes,No,Fiber optic,Yes,Yes,No,Yes,Yes,Yes,One year,Yes,Credit card (automatic),105.5,6205.5,Yes,1,0,1,1,0,1,1,1,6,Below 5 years,0.44385523,2754.3436051905155,Medium Risk,Standard engagement
Male,No,Yes,No,Yes,Yes,DSL,Yes,Yes,Yes,Yes,Yes,Yes,Two year,Yes,Bank transfer (automatic),87.1,6230.1,No,1,1,1,1,1,1,1,1,8,oldest Customers,0.061148718,380.96262800842527,Low Risk,Standard engagement
Female,No,Yes,Yes,Yes,No,DSL,No,No,No,No,Yes,Yes,Month-to-month,No,Mailed check,65.7,134.35,Yes,1,0,0,0,0,0,1,1,3,Below 1 year,0.7113706,95.57263841032982,High Risk - New Customer,Onboarding intervention
Male,No,No,Yes,Yes,No,No,No internet service,No internet service,No internet service,No internet service,No internet service,No internet service,Two year,No,Bank transfer (automatic),19.35,212.3,No,1,0,0,0,0,0,0,0,1,Below 3 years,0.072337784,15.357311516255141,Low Risk,Standard engagement
Male,Yes,Yes,No,Yes,Yes,Fiber optic,No,No,No,No,No,No,Month-to-month,Yes,Electronic check,73.55,73.55,Yes,1,1,0,0,0,0,0,0,2,Below 1 year,0.9110167,67.00527848005295,High Risk - New Customer,Onboarding intervention
Male,No,Yes,No,Yes,Yes,Fiber optic,Yes,Yes,No,No,Yes,Yes,Month-to-month,Yes,Electronic check,106.2,6375.2,No,1,1,1,1,0,0,1,1,6,oldest Customers,0.5842358,3724.6199917793274,Medium Risk,Offer technical support
Male,No,Yes,Yes,Yes,No,DSL,Yes,No,Yes,Yes,No,No,Two year,Yes,Bank transfer (automatic),60.4,3953.7,No,1,0,1,0,1,1,0,0,4,oldest Customers,0.05880266,232.4880790349096,Low Risk,Standard engagement
Male,No,Yes,Yes,Yes,No,DSL,Yes,Yes,Yes,Yes,Yes,Yes,One year,No,Bank transfer (automatic),84.9,5264.5,No,1,0,1,1,1,1,1,1,7,oldest Customers,0.19471481,1025.076140537858,Low Risk,Standard engagement
Female,No,No,No,Yes,No,Fiber optic,No,No,Yes,No,No,No,Month-to-month,Yes,Electronic check,75.8,160.75,Yes,1,0,0,0,1,0,0,0,2,Below 1 year,0.89576286,143.99387986958027,High Risk - High Value,Priority retention offer
Male,No,Yes,Yes,Yes,No,DSL,Yes,No,Yes,Yes,No,Yes,Month-to-month,Yes,Credit card (automatic),71.35,515.75,No,1,0,1,0,1,1,0,1,5,Below 1 year,0.38457605,198.34509903937578,Low Risk,Promote long-term contract
Female,No,No,No,Yes,No,Fiber optic,No,Yes,Yes,Yes,Yes,Yes,Month-to-month,Yes,Bank transfer (automatic),103.8,4327.5,No,1,0,0,1,1,1,1,1,6,Below 5 years,0.5774213,2498.7907084822655,Medium Risk,Promote security service
Male,No,Yes,Yes,Yes,No,Fiber optic,No,No,No,No,No,No,Month-to-month,Yes,Electronic check,70.0,70.0,Yes,1,0,0,0,0,0,0,0,1,Below 1 year,0.9043967,63.307769894599915,High Risk - New Customer,Onboarding intervention
Female,No,No,No,Yes,Yes,Fiber optic,No,No,Yes,No,Yes,Yes,Month-to-month,Yes,Electronic check,100.75,1129.75,Yes,1,1,0,0,1,0,1,1,5,Below 1 year,0.8801132,994.3078701347113,High Risk - High Value,Priority retention offer
Male,No,No,No,Yes,No,Fiber optic,Yes,Yes,Yes,No,Yes,Yes,Month-to-month,Yes,Electronic check,104.4,1081.45,Yes,1,0,1,1,1,0,1,1,6,Below 1 year,0.80003816,865.2012669354677,High Risk - High Value,Priority retention offer
Male,No,Yes,Yes,Yes,Yes,No,No internet service,No internet service,No internet service,No internet service,No internet service,No internet service,Two year,No,Mailed check,25.75,755.6,No,1,1,0,0,0,0,0,0,2,Below 3 years,0.059371486,44.86109505295754,Low Risk,Standard engagement
Female,Yes,No,No,Yes,No,No,No internet service,No internet service,No internet service,No internet service,No internet service,No internet service,One year,No,Bank transfer (automatic),20.35,369.6,No,1,0,0,0,0,0,0,0,1,Below 3 years,0.11568959,42.758872675895695,Low Risk,Standard engagement
Male,Yes,Yes,No,Yes,Yes,Fiber optic,No,No,No,Yes,Yes,Yes,Month-to-month,Yes,Credit card (automatic),100.05,6871.9,Yes,1,1,0,0,0,1,1,1,5,oldest Customers,0.56583387,3888.353747862577,Medium Risk,Promote security service
Female,Yes,No,No,Yes,Yes,DSL,No,No,No,No,No,Yes,Month-to-month,Yes,Mailed check,61.6,1174.35,Yes,1,1,0,0,0,0,0,1,3,Below 3 years,0.58411616,685.9568135172128,Medium Risk,Promote security service
Male,No,Yes,Yes,Yes,No,DSL,Yes,Yes,Yes,No,Yes,Yes,Two year,Yes,Credit card (automatic),80.15,5600.15,No,1,0,1,1,1,0,1,1,6,oldest Customers,0.09034845,505.9648853138089,Low Risk,Offer technical support
Male,No,No,No,Yes,Yes,Fiber optic,No,No,No,Yes,Yes,Yes,Month-to-month,Yes,Mailed check,99.95,1132.75,Yes,1,1,0,0,0,1,1,1,5,Below 3 years,0.7704812,872.7626119554043,High Risk - High Value,Priority retention offer
Female,No,Yes,No,Yes,Yes,Fiber optic,Yes,No,Yes,No,Yes,Yes,Month-to-month,Yes,Electronic check,103.9,2254.2,Yes,1,1,1,0,1,0,1,1,6,Below 3 years,0.8037169,1811.7386313915251,High Risk - High Value,Priority retention offer
Female,No,Yes,Yes,Yes,No,DSL,Yes,Yes,No,Yes,No,Yes,Two year,No,Bank transfer (automatic),68.25,1114.85,No,1,0,1,1,0,1,0,1,5,Below 3 years,0.06996624,78.0018645785749,Low Risk,Standard engagement
Male,Yes,Yes,No,Yes,Yes,Fiber optic,No,No,No,No,No,Yes,Month-to-month,No,Electronic check,85.3,2661.1,Yes,1,1,0,0,0,0,0,1,3,Below 3 years,0.76630044,2039.20210044384,High Risk - High Value,Priority retention offer
Female,Yes,No,No,Yes,Yes,Fiber optic,No,No,No,No,No,Yes,Month-to-month,Yes,Credit card (automatic),85.8,1727.5,Yes,1,1,0,0,0,0,0,1,3,Below 3 years,0.7219638,1247.1925039589405,High Risk - High Value,Priority retention offer
Female,No,Yes,Yes,Yes,No,No,No internet service,No internet service,No internet service,No internet service,No internet service,No internet service,Month-to-month,No,Mailed check,20.05,406.05,No,1,0,0,0,0,0,0,0,1,Below 3 years,0.18692288,75.90003462284804,Low Risk,Promote long-term contract
Female,No,No,Yes,Yes,No,DSL,No,No,No,No,No,No,Month-to-month,No,Mailed check,45.95,45.95,Yes,1,0,0,0,0,0,0,0,1,Below 1 year,0.7690636,35.33847205042839,High Risk - New Customer,Onboarding intervention
Female,No,Yes,No,Yes,No,Fiber optic,No,No,No,No,No,No,Month-to-month,Yes,Credit card (automatic),70.4,154.8,No,1,0,0,0,0,0,0,0,1,Below 1 year,0.8124939,125.77405886650087,High Risk - New Customer,Onboarding intervention
Male,Yes,Yes,No,Yes,Yes,Fiber optic,No,No,No,No,No,Yes,Month-to-month,No,Electronic check,85.55,851.75,Yes,1,1,0,0,0,0,0,1,3,Below 1 year,0.85092384,724.7743775099516,High Risk - High Value,Priority retention offer
Female,No,No,No,Yes,No,DSL,No,Yes,No,No,No,No,Month-to-month,No,Credit card (automatic),50.7,151.3,Yes,1,0,0,1,0,0,0,0,2,Below 1 year,0.58701986,88.81610493063927,Medium Risk,Promote security service
Female,No,Yes,No,Yes,Yes,Fiber optic,No,No,No,No,No,No,Month-to-month,Yes,Credit card (automatic),75.15,216.75,Yes,1,1,0,0,0,0,0,0,2,Below 1 year,0.81933147,177.59009550511837,High Risk - High Value,Priority retention offer
Female,No,No,No,Yes,No,No,No internet service,No internet service,No internet service,No internet service,No internet service,No internet service,Month-to-month,No,Mailed check,20.1,39.8,No,1,0,0,0,0,0,0,0,1,Below 1 year,0.40646097,16.17714663147926,Medium Risk,Promote long-term contract
Female,No,Yes,Yes,Yes,No,No,No internet service,No internet service,No internet service,No internet service,No internet service,No internet service,Two year,No,Mailed check,21.0,1210.3,No,1,0,0,0,0,0,0,0,1,Below 5 years,0.047545876,57.54477415122091,Low Risk,Standard engagement
Male,No,No,No,Yes,Yes,Fiber optic,No,No,No,No,No,No,Month-to-month,Yes,Bank transfer (automatic),75.9,357.75,Yes,1,1,0,0,0,0,0,0,2,Below 1 year,0.7762205,277.6928840428591,High Risk - High Value,Priority retention offer
Female,No,Yes,Yes,Yes,No,No,No internet service,No internet service,No internet service,No internet service,No internet service,No internet service,Month-to-month,Yes,Electronic check,21.0,21.0,Yes,1,0,0,0,0,0,0,0,1,Below 1 year,0.6404989,13.45047640800476,Medium Risk,Promote long-term contract
Female,No,No,Yes,Yes,Yes,DSL,No,No,No,No,No,No,Month-to-month,Yes,Mailed check,49.5,1265.65,No,1,1,0,0,0,0,0,0,2,Below 3 years,0.36694527,464.4242768287659,Low Risk,Promote security service
Male,No,Yes,Yes,Yes,No,No,No internet service,No internet service,No internet service,No internet service,No internet service,No internet service,Month-to-month,No,Mailed check,20.5,255.5,No,1,0,0,0,0,0,0,0,1,Below 3 years,0.22654569,57.88242417573929,Low Risk,Promote long-term contract
Male,No,No,No,No,No phone service,DSL,Yes,No,Yes,Yes,No,No,Month-to-month,No,Mailed check,40.0,223.45,Yes,0,0,1,0,1,1,0,0,3,Below 1 year,0.41868967,93.55620635449885,Medium Risk,Promote long-term contract
Male,No,No,Yes,Yes,No,Fiber optic,No,Yes,Yes,No,Yes,No,Month-to-month,Yes,Electronic check,89.4,2001.5,Yes,1,0,0,1,1,0,1,0,4,Below 3 years,0.7557134,1512.5603765547276,High Risk - High Value,Priority retention offer
Female,No,Yes,Yes,Yes,No,DSL,Yes,No,No,No,Yes,No,Two year,Yes,Electronic check,59.75,3996.8,No,1,0,1,0,0,0,1,0,3,oldest Customers,0.12105455,483.83083541393285,Low Risk,Offer technical support
Male,No,No,No,Yes,No,Fiber optic,No,Yes,Yes,No,Yes,Yes,Month-to-month,No,Credit card (automatic),101.3,1794.65,No,1,0,0,1,1,0,1,1,5,Below 3 years,0.61248493,1099.1960831165313,Medium Risk,Promote security service
Male,No,No,No,Yes,No,DSL,No,Yes,No,No,No,No,Month-to-month,No,Electronic check,50.8,50.8,Yes,1,0,0,1,0,0,0,0,2,Below 1 year,0.783455,39.79951472282409,High Risk - New Customer,Onboarding intervention
Male,No,No,No,Yes,No,No,No internet service,No internet service,No internet service,No internet service,No internet service,No internet service,One year,No,Mailed check,19.6,61.35,No,1,0,0,0,0,0,0,0,1,Below 1 year,0.15876165,9.740027247369289,Low Risk,Standard engagement
Male,No,Yes,Yes,Yes,Yes,DSL,No,Yes,Yes,Yes,Yes,No,Month-to-month,Yes,Electronic check,72.8,930.05,No,1,1,0,1,1,1,1,0,6,Below 3 years,0.47932437,445.79563089758153,Medium Risk,Promote security service
Male,No,Yes,Yes,Yes,Yes,DSL,No,No,No,Yes,No,No,One year,Yes,Mailed check,55.1,1466.1,No,1,1,0,0,0,1,0,0,3,Below 3 years,0.21360816,313.1709242776036,Low Risk,Promote security service
Male,Yes,No,No,Yes,No,No,No internet service,No internet service,No internet service,No internet service,No internet service,No internet service,Month-to-month,No,Electronic check,19.2,37.2,No,1,0,0,0,0,0,0,0,1,Below 1 year,0.46747246,17.38997565507889,Medium Risk,Promote long-term contract
Female,No,No,No,Yes,Yes,Fiber optic,No,Yes,No,No,Yes,No,Month-to-month,Yes,Credit card (automatic),90.0,1527.35,Yes,1,1,0,1,0,0,1,0,4,Below 3 years,0.63828933,974.8912118256092,Medium Risk,Promote security service
Male,No,No,No,Yes,No,Fiber optic,No,No,No,No,No,No,Month-to-month,Yes,Electronic check,69.9,69.9,Yes,1,0,0,0,0,0,0,0,1,Below 1 year,0.90464145,63.23443731665612,High Risk - New Customer,Onboarding intervention
Female,No,No,No,Yes,No,No,No internet service,No internet service,No internet service,No internet service,No internet service,No internet service,Month-to-month,No,Mailed check,20.0,109.2,No,1,0,0,0,0,0,0,0,1,Below 1 year,0.32179514,35.14002882242203,Low Risk,Promote long-term contract
Male,No,Yes,No,Yes,Yes,Fiber optic,No,Yes,Yes,No,No,No,Month-to-month,Yes,Electronic check,82.65,1185.0,No,1,1,0,1,1,0,0,0,4,Below 3 years,0.8134574,963.9470538496971,High Risk - High Value,Priority retention offer
Female,No,No,No,Yes,No,No,No internet service,No internet service,No internet service,No internet service,No internet service,No internet service,Two year,No,Mailed check,20.15,1046.2,No,1,0,0,0,0,0,0,0,1,Below 5 years,0.04854516,50.78794576376677,Low Risk,Standard engagement
Female,No,No,No,Yes,No,DSL,Yes,Yes,No,Yes,No,Yes,Two year,No,Mailed check,71.1,213.35,No,1,0,1,1,0,1,0,1,5,Below 1 year,0.083779655,17.87438947893679,Low Risk,Standard engagement
Male,No,No,No,Yes,No,No,No internet service,No internet service,No internet service,No internet service,No internet service,No internet service,Two year,Yes,Credit card (automatic),18.55,689.0,No,1,0,0,0,0,0,0,0,1,Below 5 years,0.06823959,47.0170788988471,Low Risk,Standard engagement
Male,Yes,Yes,No,Yes,Yes,Fiber optic,No,No,No,No,Yes,Yes,Month-to-month,Yes,Electronic check,95.25,1233.65,Yes,1,1,0,0,0,0,1,1,4,Below 3 years,0.8798378,1085.4119155317546,High Risk - High Value,Priority retention offer
Female,No,No,No,Yes,No,DSL,No,No,No,No,No,No,Month-to-month,Yes,Electronic check,45.65,45.65,Yes,1,0,0,0,0,0,0,0,1,Below 1 year,0.8611275,39.310470181703565,High Risk - New Customer,Onboarding intervention
Female,Yes,No,No,Yes,Yes,Fiber optic,Yes,Yes,Yes,No,Yes,Yes,One year,Yes,Electronic check,110.0,4874.8,Yes,1,1,1,1,1,0,1,1,7,Below 5 years,0.45885566,2236.829565370083,Medium Risk,Offer technical support
Male,No,No,No,Yes,Yes,Fiber optic,No,No,No,No,No,Yes,Month-to-month,Yes,Electronic check,84.8,2043.45,Yes,1,1,0,0,0,0,0,1,3,Below 3 years,0.7839053,1601.871341112256,High Risk - High Value,Priority retention offer
Male,No,No,No,Yes,No,Fiber optic,No,Yes,No,No,No,No,Month-to-month,Yes,Credit card (automatic),73.85,1424.5,Yes,1,0,0,1,0,0,0,0,2,Below 3 years,0.51643544,735.6622904837132,Medium Risk,Promote security service
Male,No,Yes,Yes,Yes,Yes,Fiber optic,No,Yes,Yes,No,No,Yes,One year,Yes,Credit card (automatic),95.0,4368.85,No,1,1,0,1,1,0,0,1,5,Below 5 years,0.27743942,1212.091190209985,Low Risk,Promote security service
Female,No,Yes,No,Yes,Yes,Fiber optic,No,Yes,Yes,No,Yes,Yes,Month-to-month,Yes,Electronic check,104.4,3409.6,Yes,1,1,0,1,1,0,1,1,6,Below 3 years,0.77305245,2635.7996471405027,High Risk - High Value,Priority retention offer
Female,No,No,No,No,No phone service,DSL,Yes,No,Yes,Yes,No,Yes,Month-to-month,No,Mailed check,48.25,202.25,No,0,0,1,0,1,1,0,1,4,Below 1 year,0.4537378,91.76846911013126,Medium Risk,Promote long-term contract
Male,No,No,No,Yes,No,DSL,No,No,No,No,No,Yes,Month-to-month,Yes,Electronic check,55.0,55.0,Yes,1,0,0,0,0,0,0,1,2,Below 1 year,0.87152976,47.93413668870926,High Risk - New Customer,Onboarding intervention
Male,No,No,Yes,No,No phone service,DSL,No,No,No,No,No,No,Month-to-month,Yes,Electronic check,24.7,24.7,No,0,0,0,0,0,0,0,0,0,Below 1 year,0.78412765,19.367953020334244,High Risk - New Customer,Onboarding intervention
Male,Yes,Yes,No,Yes,Yes,Fiber optic,No,No,No,Yes,Yes,Yes,Month-to-month,Yes,Electronic check,101.5,2917.65,No,1,1,0,0,0,1,1,1,5,Below 3 years,0.7396216,2157.956901857257,High Risk - High Value,Priority retention offer
Female,No,Yes,Yes,Yes,No,No,No internet service,No internet service,No internet service,No internet service,No internet service,No internet service,Month-to-month,No,Mailed check,19.0,233.55,Yes,1,0,0,0,0,0,0,0,1,Below 3 years,0.25003552,58.395796716213226,Low Risk,Promote long-term contract
Male,Yes,Yes,No,Yes,Yes,Fiber optic,No,No,Yes,No,Yes,Yes,Month-to-month,Yes,Electronic check,100.8,3437.5,No,1,1,0,0,1,0,1,1,5,Below 3 years,0.8032167,2761.0573917627335,High Risk - High Value,Priority retention offer
Male,Yes,Yes,No,Yes,Yes,Fiber optic,No,No,Yes,No,No,Yes,Month-to-month,Yes,Electronic check,89.8,914.3,Yes,1,1,0,0,1,0,0,1,4,Below 1 year,0.8684519,794.0255660712719,High Risk - High Value,Priority retention offer
Male,No,Yes,Yes,Yes,No,No,No internet service,No internet service,No internet service,No internet service,No internet service,No internet service,Month-to-month,Yes,Electronic check,19.2,239.0,No,1,0,0,0,0,0,0,0,1,Below 3 years,0.2991486,71.49651286005974,Low Risk,Promote long-term contract
Female,Yes,No,No,Yes,Yes,Fiber optic,Yes,Yes,No,Yes,Yes,No,One year,Yes,Credit card (automatic),99.65,7181.25,No,1,1,1,1,0,1,1,0,6,oldest Customers,0.18715306,1343.9928852953017,Low Risk,Standard engagement
Male,No,No,No,Yes,No,Fiber optic,No,Yes,No,No,No,No,Month-to-month,Yes,Electronic check,74.35,74.35,Yes,1,0,0,1,0,0,0,0,2,Below 1 year,0.8975918,66.73595250844954,High Risk - New Customer,Onboarding intervention
Female,No,No,No,Yes,No,Fiber optic,Yes,Yes,Yes,No,Yes,No,One year,Yes,Credit card (automatic),95.65,4664.2,No,1,0,1,1,1,0,1,0,5,Below 5 years,0.19241573,897.4654439717531,Low Risk,Offer technical support
Female,Yes,No,No,Yes,No,Fiber optic,Yes,Yes,No,Yes,Yes,Yes,Month-to-month,Yes,Credit card (automatic),108.15,4600.7,Yes,1,0,1,1,0,1,1,1,6,Below 5 years,0.574849,2644.7078380703924,Medium Risk,Promote long-term contract
Male,No,Yes,Yes,Yes,No,DSL,No,No,Yes,Yes,Yes,Yes,One year,Yes,Mailed check,73.9,2405.05,Yes,1,0,0,0,1,1,1,1,5,Below 3 years,0.31837305,765.7031141623855,Low Risk,Promote security service
Male,No,No,Yes,Yes,Yes,DSL,No,Yes,No,No,No,No,Month-to-month,Yes,Credit card (automatic),55.0,3092.65,Yes,1,1,0,1,0,0,0,0,3,Below 5 years,0.35191813,1088.3596081867815,Low Risk,Promote security service
Male,Yes,No,No,Yes,Yes,Fiber optic,No,Yes,Yes,No,Yes,Yes,Month-to-month,No,Mailed check,105.95,2655.25,Yes,1,1,0,1,1,0,1,1,6,Below 3 years,0.6649778,1765.68227404356,Medium Risk,Promote security service
Male,No,No,No,Yes,No,Fiber optic,No,Yes,Yes,Yes,Yes,Yes,Month-to-month,Yes,Electronic check,107.95,318.6,No,1,0,0,1,1,1,1,1,6,Below 1 year,0.80053985,255.051996588707,High Risk - High Value,Priority retention offer
Female,No,Yes,Yes,Yes,No,No,No internet service,No internet service,No internet service,No internet service,No internet service,No internet service,Two year,No,Mailed check,21.0,697.7,No,1,0,0,0,0,0,0,0,1,Below 3 years,0.054091442,37.73959934599698,Low Risk,Standard engagement
Female,Yes,Yes,Yes,Yes,No,Fiber optic,No,No,Yes,Yes,Yes,Yes,Month-to-month,Yes,Electronic check,98.9,2911.3,Yes,1,0,0,0,1,1,1,1,5,Below 3 years,0.71168166,2071.9188283741473,High Risk - High Value,Priority retention offer
Female,No,No,No,Yes,No,Fiber optic,No,No,No,No,No,No,Month-to-month,Yes,Electronic check,70.25,70.25,Yes,1,0,0,0,0,0,0,0,1,Below 1 year,0.9074568,63.748841270804405,High Risk - New Customer,Onboarding intervention
Male,No,Yes,Yes,Yes,Yes,DSL,Yes,No,No,No,No,No,Month-to-month,No,Mailed check,56.7,113.55,Yes,1,1,1,0,0,0,0,0,3,Below 1 year,0.5761386,65.42053980231285,Medium Risk,Offer technical support
Female,No,No,No,Yes,Yes,Fiber optic,No,No,No,No,No,Yes,Month-to-month,No,Mailed check,85.8,85.8,Yes,1,1,0,0,0,0,0,1,3,Below 1 year,0.86103344,73.87666912078858,High Risk - High Value,Priority retention offer
Female,No,Yes,Yes,Yes,Yes,DSL,No,Yes,No,Yes,Yes,Yes,Two year,Yes,Bank transfer (automatic),79.4,5071.9,No,1,1,0,1,0,1,1,1,6,oldest Customers,0.11386946,577.5345062464476,Low Risk,Promote security service
Female,No,No,No,Yes,No,Fiber optic,No,Yes,Yes,Yes,No,No,Month-to-month,Yes,Credit card (automatic),84.25,3264.5,Yes,1,0,0,1,1,1,0,0,4,Below 5 years,0.4257434,1389.839332729578,Medium Risk,Promote security service
Male,No,Yes,No,No,No phone service,DSL,No,Yes,No,No,Yes,Yes,Month-to-month,Yes,Electronic check,48.55,201.0,Yes,0,0,0,1,0,0,1,1,3,Below 1 year,0.7804777,156.8760182261467,High Risk - New Customer,Onboarding intervention
Male,Yes,No,No,Yes,No,DSL,Yes,No,Yes,No,Yes,No,Month-to-month,No,Bank transfer (automatic),66.4,94.55,Yes,1,0,1,0,1,0,1,0,4,Below 1 year,0.6687786,63.23301647007465,Medium Risk,Offer technical support
Male,No,No,No,Yes,Yes,Fiber optic,No,No,No,No,Yes,Yes,Month-to-month,Yes,Credit card (automatic),94.65,2104.55,Yes,1,1,0,0,0,0,1,1,4,Below 3 years,0.7037314,1481.0379550278187,High Risk - High Value,Priority retention offer
Female,No,Yes,No,Yes,No,Fiber optic,No,No,Yes,No,No,No,Month-to-month,Yes,Bank transfer (automatic),75.15,496.9,Yes,1,0,0,0,1,0,0,0,2,Below 1 year,0.75724304,376.27406519651413,High Risk - High Value,Priority retention offer
Female,No,Yes,Yes,Yes,Yes,DSL,Yes,Yes,No,Yes,Yes,No,One year,No,Credit card (automatic),73.7,4885.85,No,1,1,1,1,0,1,1,0,6,oldest Customers,0.14492543,708.0839142031969,Low Risk,Standard engagement
Female,No,No,No,Yes,No,DSL,No,No,Yes,Yes,Yes,Yes,Month-to-month,No,Electronic check,76.4,160.8,Yes,1,0,0,0,1,1,1,1,5,Below 1 year,0.77383715,124.43301358222962,High Risk - High Value,Priority retention offer
Female,No,Yes,Yes,No,No phone service,DSL,Yes,No,No,No,No,No,Month-to-month,No,Credit card (automatic),29.7,91.7,Yes,0,0,1,0,0,0,0,0,1,Below 1 year,0.63122314,57.88316213488579,Medium Risk,Offer technical support
Female,No,No,No,Yes,No,Fiber optic,No,No,Yes,No,No,No,Month-to-month,Yes,Electronic check,74.9,74.9,Yes,1,0,0,0,1,0,0,0,2,Below 1 year,0.9103282,68.18358288407326,High Risk - High Value,Priority retention offer
Female,No,No,No,Yes,Yes,Fiber optic,No,Yes,No,No,Yes,Yes,One year,No,Electronic check,98.9,6838.6,No,1,1,0,1,0,0,1,1,5,oldest Customers,0.43269625,2959.0365961849693,Medium Risk,Promote security service
Female,Yes,No,No,Yes,Yes,Fiber optic,No,No,No,No,Yes,No,Month-to-month,Yes,Electronic check,84.75,1350.15,Yes,1,1,0,0,0,0,1,0,3,Below 3 years,0.8273004,1116.979674679041,High Risk - High Value,Priority retention offer
Female,No,Yes,Yes,Yes,No,Fiber optic,No,No,No,No,No,No,Month-to-month,Yes,Electronic check,69.0,506.9,Yes,1,0,0,0,0,0,0,0,1,Below 1 year,0.7970866,404.04319576025006,High Risk - New Customer,Onboarding intervention
Male,Yes,No,No,Yes,Yes,Fiber optic,No,Yes,No,No,No,No,Month-to-month,Yes,Electronic check,81.45,2122.05,Yes,1,1,0,1,0,0,0,0,3,Below 3 years,0.7503967,1592.3793777465821,High Risk - High Value,Priority retention offer
Male,No,Yes,Yes,Yes,No,DSL,Yes,Yes,No,Yes,Yes,No,Two year,Yes,Mailed check,69.7,3729.6,No,1,0,1,1,0,1,1,0,5,Below 5 years,0.060992897,227.4791069984436,Low Risk,Standard engagement
Female,No,No,No,Yes,No,Fiber optic,Yes,No,No,No,Yes,No,Month-to-month,No,Electronic check,86.2,1270.2,Yes,1,0,1,0,0,0,1,0,3,Below 3 years,0.738772,938.3881626963615,High Risk - High Value,Priority retention offer
Male,Yes,Yes,No,Yes,Yes,DSL,Yes,No,Yes,Yes,No,Yes,Two year,No,Credit card (automatic),75.15,3480.35,No,1,1,1,0,1,1,0,1,6,Below 5 years,0.089823216,312.6162305012345,Low Risk,Standard engagement
Male,No,No,No,Yes,No,No,No internet service,No internet service,No internet service,No internet service,No internet service,No internet service,One year,Yes,Mailed check,19.15,638.0,No,1,0,0,0,0,0,0,0,1,Below 3 years,0.097260654,62.05229723453522,Low Risk,Standard engagement
Female,Yes,No,No,Yes,Yes,Fiber optic,No,Yes,Yes,No,Yes,Yes,Month-to-month,Yes,Electronic check,104.85,1531.4,Yes,1,1,0,1,1,0,1,1,6,Below 3 years,0.8686113,1330.191308295727,High Risk - High Value,Priority retention offer
Male,No,No,No,Yes,No,No,No internet service,No internet service,No internet service,No internet service,No internet service,No internet service,Month-to-month,No,Mailed check,20.05,20.05,No,1,0,0,0,0,0,0,0,1,Below 1 year,0.5470687,10.968727737665176,Medium Risk,Promote long-term contract
Male,No,Yes,Yes,Yes,Yes,DSL,Yes,Yes,Yes,Yes,No,No,Two year,No,Credit card (automatic),71.6,4230.25,No,1,1,1,1,1,1,0,0,6,Below 5 years,0.06724493,284.46287382766604,Low Risk,Standard engagement
Male,No,Yes,Yes,Yes,Yes,Fiber optic,Yes,Yes,Yes,No,Yes,Yes,Two year,Yes,Bank transfer (automatic),110.3,7966.9,No,1,1,1,1,1,0,1,1,7,oldest Customers,0.11318612,901.7425072908401,Low Risk,Offer technical support
Male,No,Yes,Yes,No,No phone service,DSL,Yes,Yes,Yes,Yes,No,Yes,Two year,Yes,Mailed check,56.4,3948.45,No,0,0,1,1,1,1,0,1,5,oldest Customers,0.055216994,218.02154049854724,Low Risk,Standard engagement
Male,No,No,No,Yes,Yes,Fiber optic,Yes,No,Yes,No,No,No,Month-to-month,Yes,Electronic check,84.75,1651.95,No,1,1,1,0,1,0,0,0,4,Below 3 years,0.68125415,1125.3977905869485,Medium Risk,Offer technical support
Male,No,No,No,No,No phone service,DSL,No,No,No,No,No,Yes,Month-to-month,No,Electronic check,35.9,35.9,Yes,0,0,0,0,0,0,0,1,1,Below 1 year,0.8376677,30.072270560264585,High Risk - New Customer,Onboarding intervention
Male,No,No,No,Yes,No,DSL,Yes,No,No,Yes,No,No,Month-to-month,No,Electronic check,54.95,1348.5,No,1,0,1,0,0,1,0,0,3,Below 3 years,0.3632727,489.8732315450907,Low Risk,Promote long-term contract
Female,No,No,Yes,Yes,No,DSL,Yes,No,No,No,No,Yes,Month-to-month,Yes,Credit card (automatic),61.2,125.95,No,1,0,1,0,0,0,0,1,3,Below 1 year,0.64924264,81.77211045026779,Medium Risk,Offer technical support
Female,No,Yes,No,Yes,Yes,Fiber optic,No,No,Yes,No,Yes,Yes,Two year,Yes,Electronic check,97.85,6841.3,No,1,1,0,0,1,0,1,1,5,oldest Customers,0.25465795,1742.1914605468512,Low Risk,Promote security service
Female,No,No,Yes,Yes,No,No,No internet service,No internet service,No internet service,No internet service,No internet service,No internet service,Month-to-month,No,Credit card (automatic),20.4,94.5,No,1,0,0,0,0,0,0,0,1,Below 1 year,0.32165018,30.395941749215126,Low Risk,Promote long-term contract
Male,No,No,No,No,No phone service,DSL,Yes,Yes,No,Yes,Yes,No,Month-to-month,Yes,Credit card (automatic),48.95,1880.85,Yes,0,0,1,1,0,1,1,0,4,Below 5 years,0.28146794,529.398983193934,Low Risk,Promote long-term contract
Male,No,Yes,Yes,Yes,Yes,Fiber optic,No,No,Yes,Yes,Yes,Yes,Two year,Yes,Electronic check,103.2,5873.75,No,1,1,0,0,1,1,1,1,6,Below 5 years,0.339516,1994.2321864143014,Low Risk,Promote security service
Male,No,Yes,Yes,Yes,Yes,Fiber optic,Yes,Yes,No,Yes,Yes,No,Month-to-month,No,Electronic check,100.75,2793.55,No,1,1,1,1,0,1,1,0,6,Below 3 years,0.5862318,1637.667922371626,Medium Risk,Promote long-term contract
Male,No,Yes,Yes,Yes,No,Fiber optic,No,No,Yes,Yes,No,Yes,Month-to-month,No,Credit card (automatic),90.0,190.05,Yes,1,0,0,0,1,1,0,1,4,Below 1 year,0.74608624,141.79368987679482,High Risk - High Value,Priority retention offer
Male,Yes,No,No,Yes,No,No,No internet service,No internet service,No internet service,No internet service,No internet service,No internet service,Month-to-month,No,Mailed check,20.05,20.05,Yes,1,0,0,0,0,0,0,0,1,Below 1 year,0.5648275,11.324791410565377,Medium Risk,Promote long-term contract
Male,No,Yes,Yes,Yes,No,Fiber optic,No,Yes,No,Yes,Yes,No,Month-to-month,Yes,Electronic check,89.75,608.8,Yes,1,0,0,1,0,1,1,0,4,Below 1 year,0.77780336,473.52668642997736,High Risk - High Value,Priority retention offer
Male,No,Yes,Yes,Yes,No,Fiber optic,Yes,No,No,Yes,Yes,Yes,Month-to-month,Yes,Electronic check,99.85,2331.3,Yes,1,0,1,0,0,1,1,1,5,Below 3 years,0.67328185,1569.6219732463362,Medium Risk,Promote long-term contract
Female,No,No,Yes,Yes,No,No,No internet service,No internet service,No internet service,No internet service,No internet service,No internet service,One year,No,Credit card (automatic),20.1,589.25,No,1,0,0,0,0,0,0,0,1,Below 3 years,0.0979009,57.68810371309519,Low Risk,Standard engagement
Female,Yes,No,No,Yes,No,DSL,No,No,No,No,No,No,Month-to-month,No,Electronic check,43.95,85.1,No,1,0,0,0,0,0,0,0,1,Below 1 year,0.8235867,70.08722836971282,High Risk - New Customer,Onboarding intervention
Female,No,No,No,Yes,No,Fiber optic,No,No,No,No,Yes,No,Month-to-month,Yes,Electronic check,80.5,232.35,No,1,0,0,0,0,0,1,0,2,Below 1 year,0.8864849,205.9747713893652,High Risk - High Value,Priority retention offer
Male,Yes,No,No,Yes,Yes,Fiber optic,No,Yes,Yes,No,Yes,Yes,Month-to-month,Yes,Electronic check,106.9,1364.3,Yes,1,1,0,1,1,0,1,1,6,Below 3 years,0.8596105,1172.7666023552417,High Risk - High Value,Priority retention offer
Female,No,Yes,No,Yes,Yes,Fiber optic,No,Yes,Yes,No,No,No,One year,No,Credit card (automatic),86.45,5762.95,No,1,1,0,1,1,0,0,0,4,oldest Customers,0.21356189,1230.746508437395,Low Risk,Promote security service
Female,Yes,No,No,Yes,Yes,Fiber optic,No,Yes,No,No,No,Yes,Month-to-month,No,Electronic check,89.5,161.5,Yes,1,1,0,1,0,0,0,1,4,Below 1 year,0.85715705,138.43086382746696,High Risk - High Value,Priority retention offer
Male,No,Yes,Yes,Yes,Yes,No,No internet service,No internet service,No internet service,No internet service,No internet service,No internet service,Month-to-month,Yes,Mailed check,24.4,253.9,No,1,1,0,0,0,0,0,0,2,Below 1 year,0.23906276,60.698033824563026,Low Risk,Promote long-term contract
Male,No,No,No,Yes,No,Fiber optic,No,No,No,No,Yes,No,Month-to-month,Yes,Electronic check,80.55,80.55,No,1,0,0,0,0,0,1,0,2,Below 1 year,0.9175266,73.90676785111427,High Risk - High Value,Priority retention offer
Male,No,Yes,Yes,No,No phone service,DSL,Yes,No,No,No,Yes,No,Month-to-month,Yes,Credit card (automatic),39.45,2021.35,No,0,0,1,0,0,0,1,0,2,Below 5 years,0.32356173,654.0314988940954,Low Risk,Offer technical support
Male,Yes,No,Yes,Yes,No,DSL,No,No,No,No,No,No,Month-to-month,Yes,Mailed check,45.75,344.2,No,1,0,0,0,0,0,0,0,1,Below 1 year,0.6173076,212.47727707624435,Medium Risk,Promote security service
Male,No,Yes,No,Yes,Yes,Fiber optic,No,No,No,Yes,No,No,Month-to-month,Yes,Bank transfer (automatic),79.65,251.75,Yes,1,1,0,0,0,1,0,0,3,Below 1 year,0.7667536,193.03022231161594,High Risk - High Value,Priority retention offer
Male,No,No,No,Yes,Yes,Fiber optic,No,No,Yes,No,No,No,Month-to-month,No,Electronic check,79.9,3313.4,No,1,1,0,0,1,0,0,0,3,Below 5 years,0.62924814,2084.950794506073,Medium Risk,Promote security service
Female,Yes,No,No,Yes,No,Fiber optic,No,No,Yes,No,No,No,Month-to-month,Yes,Credit card (automatic),75.55,349.65,Yes,1,0,0,0,1,0,0,0,2,Below 1 year,0.7767969,271.6070281773805,High Risk - High Value,Priority retention offer
Female,No,Yes,No,No,No phone service,DSL,No,Yes,Yes,Yes,Yes,Yes,Two year,No,Credit card (automatic),60.8,3603.45,No,0,0,0,1,1,1,1,1,5,oldest Customers,0.06772758,244.05295055285094,Low Risk,Promote security service
Male,No,No,No,Yes,No,No,No internet service,No internet service,No internet service,No internet service,No internet service,No internet service,Two year,No,Mailed check,19.65,1025.05,No,1,0,0,0,0,0,0,0,1,Below 5 years,0.047732133,48.92782336045056,Low Risk,Standard engagement
Female,No,No,No,No,No phone service,DSL,No,Yes,No,No,No,No,Month-to-month,No,Bank transfer (automatic),29.95,29.95,Yes,0,0,0,1,0,0,0,0,1,Below 1 year,0.74902594,22.433326929807663,High Risk - New Customer,Onboarding intervention
Male,No,Yes,Yes,Yes,Yes,Fiber optic,Yes,Yes,Yes,Yes,Yes,Yes,Two year,Yes,Credit card (automatic),116.55,8152.3,No,1,1,1,1,1,1,1,1,8,oldest Customers,0.16156906,1317.1594388306141,Low Risk,Standard engagement
Male,No,No,No,Yes,No,Fiber optic,No,No,No,No,Yes,No,Month-to-month,Yes,Bank transfer (automatic),78.7,1495.1,No,1,0,0,0,0,0,1,0,2,Below 3 years,0.55200833,825.3076554119586,Medium Risk,Promote security service
Male,No,No,No,Yes,Yes,Fiber optic,No,No,No,No,No,No,Month-to-month,Yes,Electronic check,74.95,74.95,Yes,1,1,0,0,0,0,0,0,2,Below 1 year,0.90769964,68.0320883601904,High Risk - High Value,Priority retention offer
Male,Yes,No,No,No,No phone service,DSL,No,No,Yes,Yes,Yes,Yes,Month-to-month,Yes,Electronic check,54.6,1803.7,No,0,0,0,0,1,1,1,1,4,Below 3 years,0.5369936,968.5753974080086,Medium Risk,Promote security service
Male,No,No,No,Yes,Yes,Fiber optic,No,No,No,No,No,No,Month-to-month,Yes,Mailed check,76.0,1130.85,Yes,1,1,0,0,0,0,0,0,2,Below 3 years,0.66139483,747.9383486151695,Medium Risk,Promote security service
Female,Yes,No,No,Yes,Yes,Fiber optic,No,No,No,No,No,No,Month-to-month,Yes,Mailed check,74.45,1145.7,Yes,1,1,0,0,0,0,0,0,2,Below 3 years,0.7084103,811.625706678629,High Risk - General,Promote security service
Female,No,No,No,Yes,Yes,Fiber optic,No,No,No,No,No,No,Month-to-month,Yes,Electronic check,77.15,77.15,Yes,1,1,0,0,0,0,0,0,2,Below 1 year,0.91660553,70.71611680686475,High Risk - High Value,Priority retention offer
Female,No,Yes,Yes,Yes,No,No,No internet service,No internet service,No internet service,No internet service,No internet service,No internet service,Two year,Yes,Credit card (automatic),20.15,1411.2,No,1,0,0,0,0,0,0,0,1,oldest Customers,0.044808876,63.23428548574448,Low Risk,Standard engagement
Female,Yes,Yes,No,Yes,No,Fiber optic,No,Yes,No,No,No,Yes,Month-to-month,No,Electronic check,84.95,2169.75,Yes,1,0,0,1,0,0,0,1,3,Below 3 years,0.71894366,1559.9279965013266,High Risk - High Value,Priority retention offer
Male,No,No,No,Yes,No,No,No internet service,No internet service,No internet service,No internet service,No internet service,No internet service,Month-to-month,Yes,Mailed check,19.65,67.55,No,1,0,0,0,0,0,0,0,1,Below 1 year,0.33649123,22.729982393980027,Low Risk,Promote long-term contract
Male,No,Yes,Yes,Yes,Yes,Fiber optic,No,No,Yes,No,No,No,Month-to-month,Yes,Bank transfer (automatic),79.35,661.25,Yes,1,1,0,0,1,0,0,0,3,Below 1 year,0.72175664,477.2615762799978,High Risk - High Value,Priority retention offer
Male,Yes,Yes,No,Yes,Yes,Fiber optic,No,No,No,No,No,Yes,Month-to-month,Yes,Electronic check,85.0,2642.05,Yes,1,1,0,0,0,0,0,1,3,Below 3 years,0.78585815,2076.276536560059,High Risk - High Value,Priority retention offer
Female,No,No,No,Yes,No,No,No internet service,No internet service,No internet service,No internet service,No internet service,No internet service,Month-to-month,No,Credit card (automatic),20.55,96.1,No,1,0,0,0,0,0,0,0,1,Below 1 year,0.3640722,34.98733876943588,Low Risk,Promote long-term contract
Male,No,Yes,Yes,Yes,No,No,No internet service,No internet service,No internet service,No internet service,No internet service,No internet service,Two year,No,Mailed check,19.9,1292.6,No,1,0,0,0,0,0,0,0,1,oldest Customers,0.0441386,57.053553309291594,Low Risk,Standard engagement
Male,No,Yes,No,Yes,No,DSL,Yes,Yes,No,Yes,Yes,Yes,Two year,Yes,Bank transfer (automatic),79.35,5753.25,No,1,0,1,1,0,1,1,1,6,oldest Customers,0.05749758,330.79794985894114,Low Risk,Standard engagement
Male,No,No,Yes,Yes,No,No,No internet service,No internet service,No internet service,No internet service,No internet service,No internet service,One year,No,Bank transfer (automatic),19.35,779.2,No,1,0,0,0,0,0,0,0,1,Below 5 years,0.10485462,81.70272067785264,Low Risk,Standard engagement
Female,No,No,No,No,No phone service,DSL,Yes,Yes,No,Yes,No,Yes,Month-to-month,No,Credit card (automatic),50.95,307.6,No,0,0,1,1,0,1,0,1,4,Below 1 year,0.4078127,125.44319100379944,Medium Risk,Promote long-term contract
Female,No,No,No,Yes,Yes,Fiber optic,No,Yes,No,No,No,No,Month-to-month,Yes,Mailed check,80.2,80.2,Yes,1,1,0,1,0,0,0,0,3,Below 1 year,0.880214,70.59316086769104,High Risk - High Value,Priority retention offer
Female,No,No,No,No,No phone service,DSL,No,Yes,No,No,No,Yes,Two year,Yes,Mailed check,38.8,603.0,No,0,0,0,1,0,0,0,1,2,Below 3 years,0.17442559,105.1786289960146,Low Risk,Promote security service
Male,No,Yes,No,Yes,Yes,No,No internet service,No internet service,No internet service,No internet service,No internet service,No internet service,Two year,No,Bank transfer (automatic),24.45,1730.65,No,1,1,0,0,0,0,0,0,2,oldest Customers,0.047370285,81.98138338178397,Low Risk,Standard engagement
Female,No,No,No,Yes,Yes,Fiber optic,No,Yes,Yes,No,Yes,No,Month-to-month,Yes,Bank transfer (automatic),93.4,3756.4,No,1,1,0,1,1,0,1,0,5,Below 5 years,0.5091071,1912.4099588394165,Medium Risk,Promote security service
Male,No,No,No,Yes,Yes,Fiber optic,No,Yes,Yes,No,Yes,Yes,One year,Yes,Credit card (automatic),106.1,5082.8,Yes,1,1,0,1,1,0,1,1,6,Below 5 years,0.45575112,2316.491798043251,Medium Risk,Promote security service
Female,No,No,No,Yes,No,Fiber optic,Yes,No,No,No,No,No,Month-to-month,Yes,Credit card (automatic),74.25,639.65,Yes,1,0,1,0,0,0,0,0,2,Below 1 year,0.6354839,406.4872897952795,Medium Risk,Offer technical support
Male,Yes,No,No,Yes,Yes,Fiber optic,No,No,Yes,No,Yes,Yes,Month-to-month,Yes,Electronic check,99.05,3395.8,Yes,1,1,0,0,1,0,1,1,5,Below 3 years,0.8072127,2741.1329219102863,High Risk - High Value,Priority retention offer
Female,No,No,No,Yes,No,DSL,No,No,No,No,No,Yes,Month-to-month,Yes,Electronic check,55.3,196.15,Yes,1,0,0,0,0,0,0,1,2,Below 1 year,0.8139912,159.66437172293664,High Risk - New Customer,Onboarding intervention
Male,No,No,No,Yes,No,Fiber optic,No,No,No,No,No,No,Month-to-month,Yes,Electronic check,70.3,70.3,Yes,1,0,0,0,0,0,0,0,1,Below 1 year,0.9051153,63.629606038331985,High Risk - New Customer,Onboarding intervention
Female,No,Yes,Yes,Yes,Yes,DSL,No,Yes,Yes,No,No,No,Two year,Yes,Bank transfer (automatic),59.8,3246.45,No,1,1,0,1,1,0,0,0,4,Below 5 years,0.11414342,370.5608938001096,Low Risk,Promote security service
Male,No,No,No,Yes,Yes,DSL,Yes,Yes,Yes,Yes,Yes,Yes,Two year,No,Mailed check,90.65,6322.1,No,1,1,1,1,1,1,1,1,8,oldest Customers,0.08977666,567.5770065180958,Low Risk,Standard engagement
Male,No,No,No,Yes,No,DSL,No,No,No,No,No,Yes,Month-to-month,No,Electronic check,54.3,195.3,Yes,1,0,0,0,0,0,0,1,2,Below 1 year,0.7760194,151.55658772587776,High Risk - New Customer,Onboarding intervention
Male,No,Yes,No,Yes,Yes,Fiber optic,No,No,Yes,No,Yes,Yes,One year,No,Bank transfer (automatic),99.5,6841.45,No,1,1,0,0,1,0,1,1,5,oldest Customers,0.42734748,2923.676425603032,Medium Risk,Promote security service
Male,Yes,Yes,No,Yes,No,No,No internet service,No internet service,No internet service,No internet service,No internet service,No internet service,Month-to-month,Yes,Mailed check,21.25,204.55,No,1,0,0,0,0,0,0,0,1,Below 1 year,0.3570686,73.03838177621365,Low Risk,Promote long-term contract
Female,Yes,Yes,No,Yes,Yes,Fiber optic,No,Yes,Yes,Yes,No,No,Month-to-month,No,Electronic check,90.45,5044.8,No,1,1,0,1,1,1,0,0,5,Below 5 years,0.40082583,2022.086138677597,Medium Risk,Promote security service
Male,No,No,No,Yes,Yes,Fiber optic,No,No,No,No,No,Yes,Month-to-month,Yes,Electronic check,83.95,2254.2,Yes,1,1,0,0,0,0,0,1,3,Below 3 years,0.7820185,1762.8260636687278,High Risk - High Value,Priority retention offer
Female,No,No,No,Yes,Yes,DSL,Yes,Yes,Yes,Yes,Yes,No,Month-to-month,Yes,Credit card (automatic),78.9,2976.95,No,1,1,1,1,1,1,1,0,7,Below 5 years,0.2892013,860.9377785250545,Low Risk,Promote long-term contract
Female,Yes,No,No,Yes,No,No,No internet service,No internet service,No internet service,No internet service,No internet service,No internet service,Month-to-month,No,Electronic check,19.65,164.3,Yes,1,0,0,0,0,0,0,0,1,Below 1 year,0.43980476,72.25992249548436,Medium Risk,Promote long-term contract
Female,No,No,No,Yes,No,Fiber optic,No,No,No,No,No,Yes,Month-to-month,Yes,Electronic check,79.7,79.7,Yes,1,0,0,0,0,0,0,1,2,Below 1 year,0.9195476,73.28794510960579,High Risk - High Value,Priority retention offer
Male,No,No,No,Yes,No,Fiber optic,Yes,No,No,No,No,No,Month-to-month,No,Electronic check,75.6,661.55,No,1,0,1,0,0,0,0,0,2,Below 1 year,0.6885991,455.54274098873134,Medium Risk,Offer technical support
Female,Yes,No,No,Yes,Yes,Fiber optic,Yes,Yes,Yes,No,No,No,Month-to-month,No,Credit card (automatic),91.7,2758.15,Yes,1,1,1,1,1,0,0,0,5,Below 3 years,0.5835042,1609.3921091794969,Medium Risk,Offer technical support
Male,No,No,No,Yes,Yes,Fiber optic,No,No,No,No,No,No,Month-to-month,Yes,Electronic check,76.05,318.9,Yes,1,1,0,0,0,0,0,0,2,Below 1 year,0.8710933,277.79164481163025,High Risk - High Value,Priority retention offer
Male,Yes,No,No,No,No phone service,DSL,No,Yes,Yes,No,Yes,Yes,One year,Yes,Electronic check,55.45,2966.95,No,0,0,0,1,1,0,1,1,4,Below 5 years,0.41149712,1220.8913685798643,Medium Risk,Promote security service
Female,No,Yes,No,Yes,Yes,Fiber optic,No,Yes,No,No,Yes,No,Month-to-month,Yes,Electronic check,91.65,365.4,Yes,1,1,0,1,0,0,1,0,4,Below 1 year,0.8902476,325.2964669704437,High Risk - High Value,Priority retention offer
Male,No,Yes,No,Yes,No,Fiber optic,No,No,No,Yes,Yes,Yes,Month-to-month,Yes,Credit card (automatic),95.7,2338.35,No,1,0,0,0,0,1,1,1,4,Below 3 years,0.5620672,1314.3098620802164,Medium Risk,Promote security service
Female,Yes,No,No,Yes,Yes,Fiber optic,No,No,Yes,No,No,No,Month-to-month,Yes,Electronic check,78.55,149.55,Yes,1,1,0,0,1,0,0,0,3,Below 1 year,0.9032873,135.08661444783212,High Risk - High Value,Priority retention offer
Female,No,No,No,Yes,Yes,DSL,No,No,No,No,Yes,Yes,One year,Yes,Credit card (automatic),71.0,2080.1,No,1,1,0,0,0,0,1,1,4,Below 3 years,0.34707376,721.9481356829405,Low Risk,Promote security service
Male,No,No,Yes,No,No phone service,DSL,Yes,No,No,Yes,No,Yes,Two year,Yes,Mailed check,44.55,343.45,No,0,0,1,0,0,1,0,1,3,Below 1 year,0.07741161,26.58701639249921,Low Risk,Standard engagement
Female,No,No,No,Yes,Yes,DSL,No,Yes,No,No,No,No,One year,Yes,Electronic check,55.25,1620.2,No,1,1,0,1,0,0,0,0,3,Below 3 years,0.28184944,456.6524690270424,Low Risk,Promote security service
Male,No,No,No,Yes,No,Fiber optic,No,No,No,No,No,No,Month-to-month,Yes,Electronic check,69.35,69.35,Yes,1,0,0,0,0,0,0,0,1,Below 1 year,0.90269613,62.6019767999649,High Risk - New Customer,Onboarding intervention
Male,Yes,No,No,Yes,Yes,DSL,No,Yes,No,No,No,No,Month-to-month,No,Credit card (automatic),54.8,1291.3,No,1,1,0,1,0,0,0,0,3,Below 3 years,0.38510066,497.2804857552051,Low Risk,Promote security service
Male,No,No,No,Yes,No,DSL,No,No,No,Yes,No,No,Month-to-month,No,Mailed check,51.5,900.5,Yes,1,0,0,0,0,1,0,0,2,Below 3 years,0.31604958,284.6026430130005,Low Risk,Promote security service
Male,No,Yes,Yes,Yes,Yes,DSL,No,No,Yes,Yes,Yes,No,One year,Yes,Electronic check,69.65,3442.15,No,1,1,0,0,1,1,1,0,5,Below 5 years,0.24229115,834.0024904996156,Low Risk,Promote security service
Female,No,No,No,Yes,No,Fiber optic,No,No,Yes,No,No,No,Month-to-month,Yes,Mailed check,74.6,74.6,Yes,1,0,0,0,1,0,0,0,2,Below 1 year,0.865233,64.54638210535049,High Risk - New Customer,Onboarding intervention
Female,No,Yes,No,Yes,Yes,Fiber optic,No,No,Yes,No,No,No,Month-to-month,Yes,Electronic check,77.75,4458.15,Yes,1,1,0,0,1,0,0,0,3,Below 5 years,0.579359,2582.869303384423,Medium Risk,Promote security service
Male,No,No,No,Yes,No,No,No internet service,No internet service,No internet service,No internet service,No internet service,No internet service,Month-to-month,No,Bank transfer (automatic),20.05,20.05,Yes,1,0,0,0,0,0,0,0,1,Below 1 year,0.5549406,11.126558655500412,Medium Risk,Promote long-term contract
Male,No,No,No,Yes,No,Fiber optic,Yes,No,No,No,No,No,Month-to-month,Yes,Credit card (automatic),73.75,956.65,No,1,0,1,0,0,0,0,0,2,Below 3 years,0.5674924,542.8916287988424,Medium Risk,Offer technical support
Male,No,No,No,Yes,Yes,Fiber optic,No,No,No,No,No,Yes,Month-to-month,No,Bank transfer (automatic),84.5,662.65,Yes,1,1,0,0,0,0,0,1,3,Below 1 year,0.7811217,517.6102754205465,High Risk - High Value,Priority retention offer
Female,No,No,Yes,Yes,Yes,Fiber optic,No,Yes,Yes,No,No,No,Month-to-month,No,Bank transfer (automatic),84.05,333.55,Yes,1,1,0,1,1,0,0,0,4,Below 1 year,0.7680428,256.1806768774986,High Risk - High Value,Priority retention offer
Male,Yes,Yes,No,Yes,No,Fiber optic,No,Yes,No,No,No,Yes,Month-to-month,Yes,Electronic check,84.2,519.15,Yes,1,0,0,1,0,0,0,1,3,Below 1 year,0.8572732,445.05339269042014,High Risk - High Value,Priority retention offer
Male,Yes,Yes,No,Yes,Yes,Fiber optic,Yes,Yes,Yes,Yes,Yes,Yes,Two year,Yes,Bank transfer (automatic),115.05,8016.6,No,1,1,1,1,1,1,1,1,8,oldest Customers,0.11823291,947.8259728834033,Low Risk,Standard engagement
Male,No,No,No,Yes,No,DSL,No,No,No,No,No,No,Month-to-month,No,Mailed check,44.95,431.0,Yes,1,0,0,0,0,0,0,0,1,Below 1 year,0.5033459,216.94208580255508,Medium Risk,Promote security service
Female,No,Yes,Yes,Yes,Yes,Fiber optic,Yes,No,Yes,Yes,No,Yes,Two year,No,Electronic check,100.45,7159.7,No,1,1,1,0,1,1,0,1,6,oldest Customers,0.13067171,935.570240482688,Low Risk,Standard engagement
Female,No,Yes,No,Yes,Yes,DSL,Yes,Yes,Yes,Yes,Yes,Yes,Two year,No,Credit card (automatic),85.75,6223.8,No,1,1,1,1,1,1,1,1,8,oldest Customers,0.058987614,367.1271105654538,Low Risk,Standard engagement
Female,No,No,No,Yes,No,Fiber optic,No,No,No,No,Yes,Yes,One year,Yes,Mailed check,89.1,3342.0,No,1,0,0,0,0,0,1,1,3,Below 5 years,0.38087872,1272.8966712355614,Low Risk,Promote security service
Female,No,No,No,Yes,Yes,DSL,Yes,No,Yes,Yes,Yes,Yes,Two year,No,Credit card (automatic),86.45,5175.3,No,1,1,1,0,1,1,1,1,7,oldest Customers,0.079963945,413.8374037943781,Low Risk,Standard engagement
Male,No,Yes,Yes,Yes,Yes,DSL,No,No,Yes,Yes,No,No,Month-to-month,Yes,Bank transfer (automatic),59.65,867.1,No,1,1,0,0,1,1,0,0,4,Below 3 years,0.33756164,292.69969558417796,Low Risk,Promote security service
Male,Yes,No,No,Yes,No,Fiber optic,No,Yes,Yes,No,Yes,Yes,One year,Yes,Electronic check,99.85,3343.15,No,1,0,0,1,1,0,1,1,5,Below 3 years,0.49090308,1641.1626302629709,Medium Risk,Promote security service
Male,No,No,No,Yes,No,No,No internet service,No internet service,No internet service,No internet service,No internet service,No internet service,Month-to-month,Yes,Mailed check,20.1,20.1,Yes,1,0,0,0,0,0,0,0,1,Below 1 year,0.66497827,13.366063141822815,Medium Risk,Promote long-term contract
Male,No,No,No,Yes,No,No,No internet service,No internet service,No internet service,No internet service,No internet service,No internet service,Two year,No,Mailed check,20.45,638.55,No,1,0,0,0,0,0,0,0,1,Below 3 years,0.052142248,33.29543217793107,Low Risk,Standard engagement
Male,No,Yes,Yes,Yes,Yes,Fiber optic,Yes,No,Yes,No,No,No,Month-to-month,Yes,Electronic check,84.5,453.75,Yes,1,1,1,0,1,0,0,0,4,Below 1 year,0.7574402,343.68849501013756,High Risk - High Value,Priority retention offer
Male,No,Yes,No,Yes,Yes,Fiber optic,No,No,No,No,No,Yes,Month-to-month,Yes,Electronic check,85.1,1873.7,Yes,1,1,0,0,0,0,0,1,3,Below 3 years,0.78589624,1472.5337880074978,High Risk - High Value,Priority retention offer
Female,No,No,No,No,No phone service,DSL,No,Yes,No,No,No,Yes,Month-to-month,Yes,Credit card (automatic),40.1,293.3,Yes,0,0,0,1,0,0,0,1,2,Below 1 year,0.6476469,189.95483694076538,Medium Risk,Promote security service
Male,No,No,No,Yes,Yes,No,No internet service,No internet service,No internet service,No internet service,No internet service,No internet service,Two year,No,Bank transfer (automatic),25.55,1898.1,No,1,1,0,0,0,0,0,0,2,oldest Customers,0.049558435,94.0668647814542,Low Risk,Standard engagement
Male,No,Yes,Yes,Yes,Yes,Fiber optic,No,Yes,Yes,Yes,Yes,Yes,Two year,No,Credit card (automatic),110.9,7922.75,No,1,1,0,1,1,1,1,1,7,oldest Customers,0.14116217,1118.3925978951156,Low Risk,Promote security service
Female,No,Yes,Yes,Yes,No,Fiber optic,No,Yes,No,No,No,No,Month-to-month,No,Bank transfer (automatic),73.25,1195.75,No,1,0,0,1,0,0,0,0,2,Below 3 years,0.49595356,593.0364692211151,Medium Risk,Promote security service
Male,No,No,No,Yes,Yes,Fiber optic,No,Yes,No,Yes,Yes,Yes,One year,Yes,Bank transfer (automatic),104.7,7220.35,Yes,1,1,0,1,0,1,1,1,6,oldest Customers,0.5922751,4276.4333960086105,Medium Risk,Promote security service
Male,No,Yes,Yes,Yes,No,Fiber optic,Yes,Yes,Yes,Yes,Yes,Yes,Two year,No,Bank transfer (automatic),111.95,8033.1,No,1,0,1,1,1,1,1,1,7,oldest Customers,0.09791168,786.5343025870621,Low Risk,Standard engagement
Male,No,No,No,Yes,Yes,Fiber optic,No,Yes,No,No,Yes,Yes,Month-to-month,Yes,Electronic check,101.4,4528.0,Yes,1,1,0,1,0,0,1,1,5,Below 5 years,0.78110385,3536.8382301330566,High Risk - High Value,Priority retention offer
Male,No,No,No,Yes,No,No,No internet service,No internet service,No internet service,No internet service,No internet service,No internet service,One year,Yes,Mailed check,19.95,257.0,No,1,0,0,0,0,0,0,0,1,Below 3 years,0.104009785,26.73051468282938,Low Risk,Standard engagement
Male,Yes,No,No,Yes,No,DSL,No,Yes,Yes,Yes,Yes,No,One year,Yes,Credit card (automatic),70.15,2497.35,Yes,1,0,0,1,1,1,1,0,5,Below 5 years,0.27119127,677.2595160350203,Low Risk,Promote security service
Female,No,No,No,No,No phone service,DSL,Yes,Yes,Yes,No,Yes,Yes,One year,No,Electronic check,61.05,1540.2,No,0,0,1,1,1,0,1,1,5,Below 3 years,0.21760052,335.14832772016524,Low Risk,Offer technical support
Female,No,No,No,No,No phone service,DSL,Yes,Yes,No,Yes,No,No,One year,No,Credit card (automatic),39.5,1082.75,No,0,0,1,1,0,1,0,0,3,Below 3 years,0.1375681,148.95186166837811,Low Risk,Standard engagement
Female,No,Yes,Yes,Yes,Yes,Fiber optic,Yes,No,No,Yes,Yes,Yes,Two year,No,Credit card (automatic),106.7,7009.5,No,1,1,1,0,0,1,1,1,6,oldest Customers,0.24131262,1691.4808310866356,Low Risk,Standard engagement
Male,Yes,Yes,No,Yes,Yes,Fiber optic,No,Yes,Yes,No,Yes,Yes,One year,Yes,Bank transfer (automatic),105.1,5376.4,No,1,1,0,1,1,0,1,1,6,Below 5 years,0.547444,2943.2778460025784,Medium Risk,Promote security service
Male,No,No,No,Yes,Yes,Fiber optic,No,Yes,Yes,Yes,Yes,Yes,Month-to-month,Yes,Electronic check,109.15,6941.2,Yes,1,1,0,1,1,1,1,1,7,oldest Customers,0.6373768,4424.159741973876,Medium Risk,Promote security service
Female,No,No,No,Yes,No,Fiber optic,No,No,No,No,Yes,No,Month-to-month,Yes,Electronic check,80.2,146.05,Yes,1,0,0,0,0,0,1,0,2,Below 1 year,0.90190744,131.72358219623567,High Risk - High Value,Priority retention offer
Male,No,Yes,No,Yes,Yes,Fiber optic,Yes,No,Yes,No,No,No,Month-to-month,Yes,Mailed check,84.55,3713.95,No,1,1,1,0,1,0,0,0,4,Below 5 years,0.37502614,1392.8283201619981,Low Risk,Offer technical support
Male,No,Yes,Yes,Yes,Yes,DSL,Yes,Yes,Yes,No,No,No,Two year,No,Credit card (automatic),64.45,4720.0,No,1,1,1,1,1,0,0,0,5,oldest Customers,0.06291254,296.9471824169159,Low Risk,Offer technical support
Female,No,No,No,Yes,No,No,No internet service,No internet service,No internet service,No internet service,No internet service,No internet service,One year,No,Credit card (automatic),20.25,383.65,No,1,0,0,0,0,0,0,0,1,Below 3 years,0.10550836,40.47828127294778,Low Risk,Standard engagement
Male,No,Yes,Yes,Yes,No,No,No internet service,No internet service,No internet service,No internet service,No internet service,No internet service,Two year,No,Mailed check,20.15,165.5,No,1,0,0,0,0,0,0,0,1,Below 1 year,0.060015533,9.932570731267333,Low Risk,Standard engagement
Female,No,Yes,Yes,Yes,Yes,No,No internet service,No internet service,No internet service,No internet service,No internet service,No internet service,One year,Yes,Mailed check,24.2,914.6,No,1,1,0,0,0,0,0,0,2,Below 5 years,0.103557624,94.71380283981561,Low Risk,Standard engagement
Male,No,Yes,Yes,Yes,Yes,No,No internet service,No internet service,No internet service,No internet service,No internet service,No internet service,One year,No,Mailed check,25.7,1110.5,No,1,1,0,0,0,0,0,0,2,Below 5 years,0.09884634,109.7688591144979,Low Risk,Standard engagement
Female,No,No,Yes,Yes,No,No,No internet service,No internet service,No internet service,No internet service,No internet service,No internet service,One year,No,Mailed check,20.05,96.8,No,1,0,0,0,0,0,0,0,1,Below 1 year,0.12380243,11.984075313806533,Low Risk,Standard engagement
Female,Yes,No,No,Yes,No,Fiber optic,No,No,No,No,Yes,Yes,Month-to-month,Yes,Electronic check,89.3,89.3,Yes,1,0,0,0,0,0,1,1,3,Below 1 year,0.9293571,82.9915900528431,High Risk - High Value,Priority retention offer
Male,Yes,No,No,Yes,Yes,DSL,Yes,Yes,No,No,No,Yes,One year,Yes,Electronic check,71.75,4374.55,No,1,1,1,1,0,0,0,1,5,oldest Customers,0.21988772,961.9098192192614,Low Risk,Offer technical support
Female,No,No,No,Yes,Yes,Fiber optic,Yes,Yes,No,No,Yes,No,Month-to-month,Yes,Electronic check,96.65,1244.5,Yes,1,1,1,1,0,0,1,0,5,Below 3 years,0.81434876,1013.4570284187794,High Risk - High Value,Priority retention offer
Female,No,No,Yes,Yes,No,No,No internet service,No internet service,No internet service,No internet service,No internet service,No internet service,Month-to-month,No,Credit card (automatic),20.05,471.7,No,1,0,0,0,0,0,0,0,1,Below 3 years,0.19129616,90.23439877629279,Low Risk,Promote long-term contract
Female,No,Yes,Yes,Yes,Yes,DSL,Yes,Yes,Yes,Yes,No,Yes,One year,Yes,Electronic check,79.4,4820.55,No,1,1,1,1,1,1,0,1,7,oldest Customers,0.18419352,887.9140812143684,Low Risk,Standard engagement
Male,No,Yes,Yes,Yes,Yes,DSL,Yes,No,No,No,No,No,Month-to-month,No,Electronic check,54.75,1338.15,Yes,1,1,1,0,0,0,0,0,3,Below 3 years,0.49596083,663.6699868619443,Medium Risk,Offer technical support
Female,No,No,No,Yes,No,Fiber optic,No,No,No,No,Yes,No,Month-to-month,Yes,Mailed check,80.3,526.7,Yes,1,0,0,0,0,0,1,0,2,Below 1 year,0.76596683,403.4347307503224,High Risk - High Value,Priority retention offer
Female,No,Yes,Yes,No,No phone service,DSL,Yes,Yes,No,Yes,Yes,No,One year,Yes,Bank transfer (automatic),51.25,2151.6,No,0,0,1,1,0,1,1,0,4,Below 5 years,0.15188543,326.796701914072,Low Risk,Standard engagement
Male,No,Yes,Yes,Yes,Yes,Fiber optic,No,No,No,No,Yes,No,Month-to-month,No,Electronic check,84.5,4254.85,Yes,1,1,0,0,0,0,1,0,3,Below 5 years,0.6642823,2826.42163746357,Medium Risk,Promote security service
Female,No,No,No,Yes,No,DSL,No,Yes,No,Yes,Yes,No,Month-to-month,No,Mailed check,66.25,620.55,Yes,1,0,0,1,0,1,1,0,4,Below 1 year,0.40831086,253.37730441838502,Medium Risk,Promote security service
Female,No,Yes,No,Yes,Yes,No,No internet service,No internet service,No internet service,No internet service,No internet service,No internet service,Two year,No,Mailed check,25.55,1714.95,No,1,1,0,0,0,0,0,0,2,oldest Customers,0.051723678,88.7035210115835,Low Risk,Standard engagement
Male,No,Yes,Yes,Yes,Yes,DSL,No,Yes,Yes,Yes,No,No,Month-to-month,Yes,Mailed check,66.7,1077.05,No,1,1,0,1,1,1,0,0,5,Below 3 years,0.27028543,291.1109197646379,Low Risk,Promote security service
Male,Yes,Yes,No,Yes,Yes,Fiber optic,No,Yes,Yes,No,Yes,Yes,Month-to-month,No,Bank transfer (automatic),106.35,3520.75,Yes,1,1,0,1,1,0,1,1,6,Below 3 years,0.6084755,2142.290138825774,Medium Risk,Promote security service
Female,No,No,No,Yes,No,DSL,Yes,Yes,No,Yes,Yes,Yes,One year,No,Credit card (automatic),79.85,1387.35,No,1,0,1,1,0,1,1,1,6,Below 3 years,0.2440307,338.5559904433787,Low Risk,Standard engagement
Female,No,Yes,Yes,Yes,No,No,No internet service,No internet service,No internet service,No internet service,No internet service,No internet service,Two year,No,Mailed check,18.8,255.55,No,1,0,0,0,0,0,0,0,1,Below 3 years,0.070487365,18.013046158105137,Low Risk,Standard engagement
Male,No,No,No,Yes,No,No,No internet service,No internet service,No internet service,No internet service,No internet service,No internet service,Month-to-month,Yes,Mailed check,19.3,19.3,Yes,1,0,0,0,0,0,0,0,1,Below 1 year,0.60073155,11.594118946790696,Medium Risk,Promote long-term contract
Male,Yes,Yes,No,Yes,Yes,Fiber optic,No,Yes,Yes,No,No,Yes,Month-to-month,Yes,Electronic check,94.25,6081.4,No,1,1,0,1,1,0,0,1,5,oldest Customers,0.5446633,3312.3154537439345,Medium Risk,Promote security service
Male,No,Yes,Yes,Yes,Yes,No,No internet service,No internet service,No internet service,No internet service,No internet service,No internet service,Two year,No,Bank transfer (automatic),25.45,809.25,No,1,1,0,0,0,0,0,0,2,Below 3 years,0.06010999,48.644010686315596,Low Risk,Standard engagement
Male,Yes,No,No,Yes,Yes,Fiber optic,No,Yes,No,No,No,Yes,Month-to-month,No,Electronic check,90.7,3413.25,No,1,1,0,1,0,0,0,1,4,Below 5 years,0.61755204,2107.859507381916,Medium Risk,Promote security service
Female,No,No,No,Yes,No,Fiber optic,No,No,No,No,No,No,Month-to-month,No,Mailed check,71.1,71.1,Yes,1,0,0,0,0,0,0,0,1,Below 1 year,0.8207924,58.35833800435066,High Risk - New Customer,Onboarding intervention
Male,No,No,No,Yes,No,No,No internet service,No internet service,No internet service,No internet service,No internet service,No internet service,Month-to-month,No,Mailed check,19.85,64.55,Yes,1,0,0,0,0,0,0,0,1,Below 1 year,0.36994213,23.87976440489292,Low Risk,Promote long-term contract
Male,No,No,No,Yes,No,DSL,No,No,Yes,Yes,No,No,Month-to-month,Yes,Electronic check,55.25,1715.65,Yes,1,0,0,0,1,1,0,0,3,Below 3 years,0.42867908,735.4632615730167,Medium Risk,Promote security service
Female,No,Yes,Yes,Yes,No,DSL,No,Yes,No,No,Yes,Yes,One year,Yes,Bank transfer (automatic),69.5,1498.2,Yes,1,0,0,1,0,0,1,1,4,Below 3 years,0.38538283,577.3805575489998,Low Risk,Promote security service
Male,No,No,No,Yes,No,Fiber optic,No,No,No,No,Yes,No,Month-to-month,Yes,Electronic check,78.5,242.05,Yes,1,0,0,0,0,0,1,0,2,Below 1 year,0.87813854,212.55343413352966,High Risk - High Value,Priority retention offer
Female,No,No,No,Yes,No,No,No internet service,No internet service,No internet service,No internet service,No internet service,No internet service,Two year,No,Mailed check,19.55,124.45,No,1,0,0,0,0,0,0,0,1,Below 1 year,0.06393469,7.956672326102853,Low Risk,Standard engagement
Male,No,No,No,Yes,No,Fiber optic,No,Yes,No,No,No,Yes,Month-to-month,Yes,Electronic check,84.4,556.35,Yes,1,0,0,1,0,0,0,1,3,Below 1 year,0.85495055,475.65173694491386,High Risk - High Value,Priority retention offer
Female,No,Yes,Yes,Yes,No,DSL,Yes,Yes,Yes,Yes,No,Yes,Month-to-month,No,Bank transfer (automatic),76.3,2404.15,No,1,0,1,1,1,1,0,1,6,Below 3 years,0.24126904,580.0469556100667,Low Risk,Promote long-term contract
Female,No,Yes,No,Yes,Yes,Fiber optic,No,No,No,No,Yes,Yes,Month-to-month,No,Electronic check,94.9,273.2,No,1,1,0,0,0,0,1,1,4,Below 1 year,0.8852186,241.84172706604002,High Risk - High Value,Priority retention offer
Male,No,Yes,No,No,No phone service,DSL,No,Yes,Yes,Yes,Yes,Yes,One year,Yes,Electronic check,60.45,3184.25,Yes,0,0,0,1,1,1,1,1,5,Below 5 years,0.3430883,1092.4789162054658,Low Risk,Promote security service
Male,Yes,No,No,No,No phone service,DSL,No,Yes,No,No,Yes,No,Month-to-month,Yes,Mailed check,39.0,679.85,Yes,0,0,0,1,0,0,1,0,2,Below 3 years,0.5298639,360.227968326211,Medium Risk,Promote security service
Male,No,No,No,Yes,No,Fiber optic,No,No,No,No,No,No,One year,Yes,Bank transfer (automatic),70.45,2597.6,Yes,1,0,0,0,0,0,0,0,1,Below 5 years,0.320549,832.6581115722656,Low Risk,Promote security service
Female,No,Yes,Yes,Yes,No,Fiber optic,No,No,Yes,No,Yes,Yes,Month-to-month,Yes,Electronic check,94.2,777.3,Yes,1,0,0,0,1,0,1,1,4,Below 1 year,0.8578105,666.776099538803,High Risk - High Value,Priority retention offer
Male,No,No,Yes,No,No phone service,DSL,No,No,No,No,No,No,Month-to-month,No,Mailed check,25.5,215.2,Yes,0,0,0,0,0,0,0,0,0,Below 1 year,0.5405621,116.32896246910094,Medium Risk,Promote security service
Male,No,Yes,No,Yes,Yes,Fiber optic,No,Yes,Yes,No,Yes,No,Month-to-month,Yes,Electronic check,95.75,5742.9,Yes,1,1,0,1,1,0,1,0,5,oldest Customers,0.6681608,3837.1806362986563,Medium Risk,Promote security service
Male,No,No,Yes,Yes,Yes,Fiber optic,No,No,Yes,No,Yes,Yes,Month-to-month,Yes,Bank transfer (automatic),99.25,3777.15,Yes,1,1,0,0,1,0,1,1,5,Below 5 years,0.6678211,2522.460502973199,Medium Risk,Promote security service
Female,No,No,No,Yes,No,DSL,No,No,No,No,Yes,No,Month-to-month,Yes,Mailed check,53.55,53.55,Yes,1,0,0,0,0,0,1,0,2,Below 1 year,0.8270896,44.290648493170735,High Risk - New Customer,Onboarding intervention
Male,No,No,No,Yes,Yes,Fiber optic,No,Yes,No,Yes,Yes,Yes,One year,Yes,Credit card (automatic),105.65,6903.1,Yes,1,1,0,1,0,1,1,1,6,oldest Customers,0.48236722,3329.829139405489,Medium Risk,Promote security service
Male,No,No,No,No,No phone service,DSL,No,Yes,Yes,Yes,No,No,Month-to-month,Yes,Credit card (automatic),40.4,77.15,Yes,0,0,0,1,1,1,0,0,3,Below 1 year,0.64115775,49.46532012820244,Medium Risk,Promote security service
Male,Yes,No,No,No,No phone service,DSL,Yes,Yes,No,No,Yes,Yes,One year,Yes,Electronic check,56.45,3985.35,No,0,0,1,1,0,0,1,1,4,oldest Customers,0.2188923,872.3624520733953,Low Risk,Offer technical support
Male,No,No,No,Yes,Yes,Fiber optic,No,No,No,No,No,Yes,Month-to-month,Yes,Electronic check,86.6,86.6,Yes,1,1,0,0,0,0,0,1,3,Below 1 year,0.9221044,79.85424262285233,High Risk - High Value,Priority retention offer
Female,No,No,No,Yes,No,No,No internet service,No internet service,No internet service,No internet service,No internet service,No internet service,Two year,No,Mailed check,20.1,1079.45,No,1,0,0,0,0,0,0,0,1,Below 5 years,0.047525994,51.30193474106491,Low Risk,Standard engagement
Male,Yes,No,No,Yes,No,DSL,No,No,No,No,No,No,Month-to-month,Yes,Electronic check,44.7,93.7,Yes,1,0,0,0,0,0,0,0,1,Below 1 year,0.83950543,78.66165916919708,High Risk - New Customer,Onboarding intervention
Female,No,No,No,Yes,Yes,Fiber optic,No,No,Yes,No,Yes,No,Month-to-month,Yes,Electronic check,91.4,193.6,Yes,1,1,0,0,1,0,1,0,4,Below 1 year,0.91615033,177.36670417785643,High Risk - High Value,Priority retention offer
Male,No,Yes,Yes,Yes,No,DSL,Yes,Yes,No,Yes,No,No,One year,No,Mailed check,59.6,3509.4,No,1,0,1,1,0,1,0,0,4,Below 5 years,0.10960973,384.6643883630633,Low Risk,Standard engagement
Male,No,Yes,Yes,Yes,No,Fiber optic,No,No,No,No,Yes,Yes,Month-to-month,No,Mailed check,89.15,89.15,Yes,1,0,0,0,0,0,1,1,3,Below 1 year,0.85129786,75.89320380687714,High Risk - High Value,Priority retention offer
Female,No,Yes,Yes,Yes,No,Fiber optic,No,No,Yes,No,No,No,Month-to-month,Yes,Electronic check,73.75,325.45,Yes,1,0,0,0,1,0,0,0,2,Below 1 year,0.8562871,278.67864378094674,High Risk - New Customer,Onboarding intervention
Male,No,Yes,No,Yes,Yes,Fiber optic,Yes,No,Yes,Yes,No,No,Two year,Yes,Credit card (automatic),91.6,4627.8,No,1,1,1,0,1,1,0,0,5,Below 5 years,0.0958931,443.7740877360106,Low Risk,Standard engagement
Male,No,No,No,Yes,No,Fiber optic,Yes,No,Yes,No,No,No,Month-to-month,No,Bank transfer (automatic),81.7,858.6,Yes,1,0,1,0,1,0,0,0,3,Below 3 years,0.6040374,518.6265151262284,Medium Risk,Offer technical support
Male,Yes,No,No,Yes,Yes,Fiber optic,Yes,No,No,No,Yes,No,Month-to-month,Yes,Electronic check,90.85,3186.7,Yes,1,1,1,0,0,0,1,0,4,Below 5 years,0.69474864,2213.9554912805556,Medium Risk,Offer technical support
Male,No,No,No,Yes,Yes,DSL,No,No,No,No,No,No,Month-to-month,No,Electronic check,51.55,765.5,Yes,1,1,0,0,0,0,0,0,2,Below 3 years,0.6554692,501.76165664196014,Medium Risk,Promote security service
Female,No,No,No,Yes,No,Fiber optic,No,No,No,No,No,No,Month-to-month,Yes,Credit card (automatic),71.0,914.0,Yes,1,0,0,0,0,0,0,0,1,Below 3 years,0.6303948,576.1808621883392,Medium Risk,Promote security service
Male,No,No,Yes,Yes,No,DSL,No,Yes,No,Yes,No,No,Month-to-month,No,Electronic check,54.15,1312.45,No,1,0,0,1,0,1,0,0,3,Below 3 years,0.31105655,408.24617471396925,Low Risk,Promote security service
Female,Yes,No,No,Yes,Yes,Fiber optic,Yes,Yes,Yes,Yes,No,Yes,One year,No,Bank transfer (automatic),103.0,5166.2,No,1,1,1,1,1,1,0,1,7,Below 5 years,0.34627166,1788.9086700618266,Low Risk,Standard engagement
Male,Yes,Yes,No,Yes,Yes,Fiber optic,No,No,Yes,No,Yes,Yes,Month-to-month,Yes,Electronic check,98.5,3004.15,Yes,1,1,0,0,1,0,1,1,5,Below 3 years,0.83643895,2512.7880832880737,High Risk - High Value,Priority retention offer
Female,No,No,No,Yes,Yes,No,No internet service,No internet service,No internet service,No internet service,No internet service,No internet service,Month-to-month,Yes,Electronic check,25.7,25.7,No,1,1,0,0,0,0,0,0,2,Below 1 year,0.65267926,16.773857098817825,Medium Risk,Promote long-term contract
Male,No,No,No,Yes,No,DSL,No,No,No,No,No,Yes,Month-to-month,Yes,Electronic check,55.9,238.5,No,1,0,0,0,0,0,0,1,2,Below 1 year,0.7686675,183.32720330357552,High Risk - New Customer,Onboarding intervention
Female,No,No,No,Yes,No,Fiber optic,No,Yes,Yes,No,Yes,Yes,Month-to-month,Yes,Electronic check,101.25,1457.25,Yes,1,0,0,1,1,0,1,1,5,Below 3 years,0.8556195,1246.8515020161867,High Risk - High Value,Priority retention offer
Female,No,No,No,Yes,Yes,DSL,No,No,No,Yes,Yes,Yes,One year,No,Mailed check,74.05,872.65,Yes,1,1,0,0,0,1,1,1,5,Below 3 years,0.376549,328.59548965692517,Low Risk,Promote security service
Female,No,Yes,Yes,Yes,Yes,Fiber optic,Yes,Yes,No,No,No,Yes,Month-to-month,Yes,Bank transfer (automatic),93.4,5435.6,Yes,1,1,1,1,0,0,0,1,5,Below 5 years,0.38995788,2119.655025422573,Low Risk,Offer technical support
Female,No,No,No,Yes,No,No,No internet service,No internet service,No internet service,No internet service,No internet service,No internet service,Month-to-month,No,Mailed check,19.9,19.9,Yes,1,0,0,0,0,0,0,0,1,Below 1 year,0.5506917,10.958765304088592,Medium Risk,Promote long-term contract
Male,Yes,Yes,No,Yes,Yes,Fiber optic,No,Yes,Yes,No,Yes,Yes,Month-to-month,Yes,Electronic check,102.95,7101.5,Yes,1,1,0,1,1,0,1,1,6,oldest Customers,0.72461784,5145.873582661152,High Risk - High Value,Priority retention offer
Male,No,No,No,Yes,Yes,Fiber optic,No,No,Yes,Yes,Yes,No,Month-to-month,Yes,Credit card (automatic),96.9,2085.45,No,1,1,0,0,1,1,1,0,5,Below 3 years,0.54894656,1144.8006023615599,Medium Risk,Promote security service
Male,No,Yes,Yes,Yes,Yes,Fiber optic,No,No,Yes,No,Yes,Yes,Two year,Yes,Credit card (automatic),99.5,5861.75,No,1,1,0,0,1,0,1,1,5,Below 5 years,0.22725713,1332.1244966089725,Low Risk,Promote security service
Female,Yes,Yes,No,Yes,No,Fiber optic,No,Yes,No,No,No,No,Month-to-month,Yes,Mailed check,76.4,76.4,Yes,1,0,0,1,0,0,0,0,2,Below 1 year,0.8866864,67.74283978939057,High Risk - High Value,Priority retention offer
Male,No,No,No,Yes,No,Fiber optic,No,No,No,No,No,No,Month-to-month,Yes,Electronic check,70.0,740.0,Yes,1,0,0,0,0,0,0,0,1,Below 1 year,0.79652804,589.4307506084442,High Risk - New Customer,Onboarding intervention
Female,No,Yes,Yes,Yes,No,No,No internet service,No internet service,No internet service,No internet service,No internet service,No internet service,Two year,Yes,Credit card (automatic),19.25,1103.25,No,1,0,0,0,0,0,0,0,1,oldest Customers,0.057612147,63.560601378791034,Low Risk,Standard engagement
Male,No,No,No,Yes,No,Fiber optic,No,No,No,Yes,No,No,Month-to-month,Yes,Credit card (automatic),74.55,1170.5,No,1,0,0,0,0,1,0,0,2,Below 3 years,0.53182125,622.4967741966248,Medium Risk,Promote security service
Female,No,Yes,Yes,Yes,Yes,Fiber optic,No,Yes,Yes,No,No,Yes,One year,No,Electronic check,94.4,4295.35,No,1,1,0,1,1,0,0,1,5,Below 5 years,0.28704864,1232.9743666619063,Low Risk,Promote security service
Male,No,Yes,No,Yes,No,Fiber optic,No,No,No,Yes,Yes,No,Month-to-month,Yes,Electronic check,84.8,84.8,Yes,1,0,0,0,0,1,1,0,3,Below 1 year,0.8801063,74.63301172256469,High Risk - High Value,Priority retention offer
Female,No,Yes,No,Yes,No,Fiber optic,Yes,No,No,No,No,No,Month-to-month,No,Electronic check,74.8,1438.05,No,1,0,1,0,0,0,0,0,2,Below 3 years,0.6116919,879.6435255020857,Medium Risk,Offer technical support
Female,No,Yes,Yes,Yes,Yes,No,No internet service,No internet service,No internet service,No internet service,No internet service,No internet service,Two year,Yes,Mailed check,25.1,789.55,No,1,1,0,0,0,0,0,0,2,Below 3 years,0.06080636,48.009661613591014,Low Risk,Standard engagement
Female,No,No,No,Yes,Yes,Fiber optic,Yes,Yes,Yes,Yes,Yes,Yes,Two year,Yes,Bank transfer (automatic),116.45,8013.55,No,1,1,1,1,1,1,1,1,8,oldest Customers,0.092154756,738.4867464534939,Low Risk,Standard engagement
Male,No,Yes,No,Yes,Yes,No,No internet service,No internet service,No internet service,No internet service,No internet service,No internet service,Two year,No,Bank transfer (automatic),25.45,1538.6,No,1,1,0,0,0,0,0,0,2,oldest Customers,0.05249552,80.7696079365909,Low Risk,Standard engagement
Female,No,No,No,No,No phone service,DSL,No,No,No,No,No,Yes,Month-to-month,Yes,Electronic check,34.7,62.25,Yes,0,0,0,0,0,0,0,1,1,Below 1 year,0.8526515,53.07755443453789,High Risk - New Customer,Onboarding intervention
Male,Yes,Yes,No,Yes,Yes,Fiber optic,No,No,No,No,No,No,Month-to-month,Yes,Electronic check,74.4,74.4,Yes,1,1,0,0,0,0,0,0,2,Below 1 year,0.91254896,67.89364256858826,High Risk - New Customer,Onboarding intervention
Male,No,No,No,Yes,Yes,Fiber optic,No,No,No,No,No,Yes,Month-to-month,Yes,Electronic check,85.3,264.8,Yes,1,1,0,0,0,0,0,1,3,Below 1 year,0.8971899,237.57588953971864,High Risk - High Value,Priority retention offer
Female,No,Yes,Yes,Yes,No,Fiber optic,No,No,Yes,Yes,No,Yes,One year,No,Bank transfer (automatic),90.95,4236.6,No,1,0,0,0,1,1,0,1,4,Below 5 years,0.26335996,1115.750823032856,Low Risk,Promote security service
Male,No,Yes,No,Yes,Yes,Fiber optic,No,No,No,No,No,Yes,Month-to-month,Yes,Bank transfer (automatic),85.65,659.45,No,1,1,0,0,0,0,0,1,3,Below 1 year,0.8068432,532.0727622121573,High Risk - High Value,Priority retention offer
Female,No,No,Yes,Yes,Yes,Fiber optic,No,Yes,No,Yes,Yes,Yes,Two year,Yes,Electronic check,104.0,7039.05,No,1,1,0,1,0,1,1,1,6,oldest Customers,0.3138138,2208.9510681688785,Low Risk,Promote security service
Female,Yes,No,No,Yes,No,No,No internet service,No internet service,No internet service,No internet service,No internet service,No internet service,Month-to-month,Yes,Electronic check,19.45,19.45,Yes,1,0,0,0,0,0,0,0,1,Below 1 year,0.65889096,12.81542922258377,Medium Risk,Promote long-term contract
Male,No,Yes,No,Yes,Yes,Fiber optic,No,Yes,No,No,No,No,Month-to-month,Yes,Bank transfer (automatic),80.5,896.9,Yes,1,1,0,1,0,0,0,0,3,Below 1 year,0.70974475,636.5700675785541,High Risk - High Value,Priority retention offer
Female,No,No,No,Yes,Yes,Fiber optic,No,No,No,No,Yes,No,Month-to-month,Yes,Electronic check,85.65,321.65,Yes,1,1,0,0,0,0,1,0,3,Below 1 year,0.8948238,287.8200719237327,High Risk - High Value,Priority retention offer
Male,No,No,No,No,No phone service,DSL,Yes,No,Yes,Yes,Yes,Yes,Two year,Yes,Bank transfer (automatic),60.75,2893.4,No,0,0,1,0,1,1,1,1,5,Below 5 years,0.066039436,191.07850286513568,Low Risk,Standard engagement
Male,No,No,No,Yes,No,DSL,Yes,No,Yes,Yes,Yes,Yes,Month-to-month,No,Credit card (automatic),78.65,483.3,No,1,0,1,0,1,1,1,1,6,Below 1 year,0.4488748,216.9411915153265,Medium Risk,Promote long-term contract
Female,No,No,No,Yes,No,No,No internet service,No internet service,No internet service,No internet service,No internet service,No internet service,Month-to-month,Yes,Bank transfer (automatic),20.7,39.85,No,1,0,0,0,0,0,0,0,1,Below 1 year,0.4733715,18.863854503631593,Medium Risk,Promote long-term contract
Male,No,Yes,Yes,Yes,Yes,No,No internet service,No internet service,No internet service,No internet service,No internet service,No internet service,Two year,No,Credit card (automatic),24.1,1734.65,No,1,1,0,0,0,0,0,0,2,oldest Customers,0.04643309,80.5451615869999,Low Risk,Standard engagement
Male,No,Yes,Yes,Yes,No,Fiber optic,No,No,No,No,No,No,Month-to-month,Yes,Electronic check,70.75,1974.8,Yes,1,0,0,0,0,0,0,0,1,Below 3 years,0.700436,1383.2210050106048,High Risk - General,Promote security service
Female,No,Yes,Yes,Yes,Yes,Fiber optic,No,No,Yes,Yes,No,No,Month-to-month,Yes,Electronic check,84.85,3303.05,Yes,1,1,0,0,1,1,0,0,4,Below 5 years,0.5568217,1839.2099291026593,Medium Risk,Promote security service
Female,No,Yes,No,Yes,No,No,No internet service,No internet service,No internet service,No internet service,No internet service,No internet service,Month-to-month,No,Bank transfer (automatic),19.4,641.15,No,1,0,0,0,0,0,0,0,1,Below 3 years,0.21179824,135.7944388665259,Low Risk,Promote long-term contract
Male,No,Yes,No,Yes,Yes,Fiber optic,No,No,No,No,No,Yes,One year,No,Electronic check,85.55,5084.65,Yes,1,1,0,0,0,0,0,1,3,Below 5 years,0.37087238,1885.7562385737895,Low Risk,Promote security service
Male,No,No,No,Yes,No,Fiber optic,No,No,Yes,Yes,Yes,Yes,Month-to-month,Yes,Electronic check,101.35,1553.95,Yes,1,0,0,0,1,1,1,1,5,Below 3 years,0.81425697,1265.314612492919,High Risk - High Value,Priority retention offer
Female,Yes,Yes,No,Yes,Yes,Fiber optic,No,No,No,No,Yes,No,Month-to-month,Yes,Credit card (automatic),85.95,2628.6,Yes,1,1,0,0,0,0,1,0,3,Below 3 years,0.66576993,1750.0428502321242,Medium Risk,Promote security service
Female,No,No,Yes,Yes,Yes,Fiber optic,No,No,Yes,Yes,No,No,Month-to-month,Yes,Mailed check,87.1,341.45,Yes,1,1,0,0,1,1,0,0,4,Below 1 year,0.7315526,249.7886355638504,High Risk - High Value,Priority retention offer
Female,Yes,No,No,Yes,No,Fiber optic,No,Yes,Yes,No,Yes,No,Month-to-month,Yes,Electronic check,89.15,1496.9,Yes,1,0,0,1,1,0,1,0,4,Below 3 years,0.7830431,1172.137196224928,High Risk - High Value,Priority retention offer
Female,No,Yes,Yes,Yes,No,No,No internet service,No internet service,No internet service,No internet service,No internet service,No internet service,Month-to-month,Yes,Mailed check,19.0,19.0,No,1,0,0,0,0,0,0,0,1,Below 1 year,0.5354994,10.174488484859467,Medium Risk,Promote long-term contract
Female,No,No,No,Yes,Yes,Fiber optic,No,No,Yes,Yes,No,No,Month-to-month,Yes,Electronic check,87.25,3941.7,Yes,1,1,0,0,1,1,0,0,4,Below 5 years,0.5483166,2161.2995340943335,Medium Risk,Promote security service
Female,No,Yes,Yes,Yes,Yes,DSL,Yes,Yes,Yes,Yes,No,Yes,Two year,No,Bank transfer (automatic),80.85,5824.75,No,1,1,1,1,1,1,0,1,7,oldest Customers,0.05753191,335.1089820228517,Low Risk,Standard engagement
Female,Yes,No,No,Yes,Yes,Fiber optic,No,Yes,Yes,No,Yes,Yes,Month-to-month,Yes,Electronic check,106.15,3152.5,Yes,1,1,0,1,1,0,1,1,6,Below 3 years,0.819116,2582.263178527355,High Risk - High Value,Priority retention offer
Male,No,No,No,Yes,No,DSL,No,No,No,No,No,No,Month-to-month,No,Mailed check,44.55,220.75,No,1,0,0,0,0,0,0,0,1,Below 1 year,0.59927046,132.28895470499992,Medium Risk,Promote security service
Male,No,Yes,No,Yes,No,Fiber optic,No,Yes,Yes,Yes,Yes,Yes,Two year,Yes,Electronic check,105.25,7291.75,No,1,0,0,1,1,1,1,1,6,oldest Customers,0.25872746,1886.575964473188,Low Risk,Promote security service
Female,No,Yes,No,Yes,No,No,No internet service,No internet service,No internet service,No internet service,No internet service,No internet service,Two year,Yes,Bank transfer (automatic),19.6,1134.25,No,1,0,0,0,0,0,0,0,1,Below 5 years,0.04897539,55.550335484556854,Low Risk,Standard engagement
Male,No,No,No,Yes,No,Fiber optic,No,No,Yes,No,No,No,Month-to-month,No,Electronic check,76.45,1117.55,No,1,0,0,0,1,0,0,0,2,Below 3 years,0.7913037,884.3214435070753,High Risk - High Value,Priority retention offer
Male,No,No,No,Yes,Yes,Fiber optic,No,No,No,No,Yes,No,Month-to-month,Yes,Mailed check,84.65,84.65,Yes,1,1,0,0,0,0,1,0,3,Below 1 year,0.8838729,74.8198432058096,High Risk - High Value,Priority retention offer
Female,No,No,No,Yes,Yes,Fiber optic,Yes,No,No,No,No,No,Month-to-month,Yes,Electronic check,79.05,434.5,Yes,1,1,1,0,0,0,0,0,3,Below 1 year,0.74865156,325.28910461068153,High Risk - High Value,Priority retention offer
Male,No,No,No,Yes,Yes,Fiber optic,Yes,No,No,Yes,No,No,Month-to-month,No,Bank transfer (automatic),87.65,2766.4,No,1,1,1,0,0,1,0,0,4,Below 3 years,0.4096497,1133.2549298763277,Medium Risk,Promote long-term contract
Female,Yes,No,No,Yes,Yes,Fiber optic,No,No,Yes,No,No,No,Month-to-month,Yes,Mailed check,79.35,1835.3,No,1,1,0,0,1,0,0,0,3,Below 3 years,0.5932613,1088.812466675043,Medium Risk,Promote security service
Female,Yes,Yes,No,Yes,No,Fiber optic,Yes,Yes,Yes,Yes,Yes,Yes,Two year,Yes,Bank transfer (automatic),109.7,7904.25,No,1,0,1,1,1,1,1,1,7,oldest Customers,0.106671505,843.1582408379763,Low Risk,Standard engagement
Male,No,No,No,Yes,No,Fiber optic,No,No,No,No,Yes,No,Month-to-month,Yes,Electronic check,79.95,79.95,Yes,1,0,0,0,0,0,1,0,2,Below 1 year,0.91723704,73.33310161828994,High Risk - High Value,Priority retention offer
Male,No,Yes,No,Yes,Yes,Fiber optic,No,No,Yes,No,Yes,Yes,Month-to-month,Yes,Electronic check,101.05,2391.8,Yes,1,1,0,0,1,0,1,1,5,Below 3 years,0.8432728,2016.9398955106738,High Risk - High Value,Priority retention offer
Male,No,No,No,No,No phone service,DSL,No,No,No,No,Yes,Yes,Month-to-month,Yes,Mailed check,45.3,45.3,Yes,0,0,0,0,0,0,1,1,2,Below 1 year,0.8241563,37.334279680252074,High Risk - New Customer,Onboarding intervention
Male,No,Yes,Yes,Yes,No,No,No internet service,No internet service,No internet service,No internet service,No internet service,No internet service,Two year,Yes,Credit card (automatic),19.85,1267.05,No,1,0,0,0,0,0,0,0,1,oldest Customers,0.046031054,58.323647109232844,Low Risk,Standard engagement
Male,No,Yes,Yes,Yes,No,Fiber optic,Yes,No,Yes,No,Yes,No,Month-to-month,Yes,Electronic check,89.4,1539.45,Yes,1,0,1,0,1,0,1,0,4,Below 3 years,0.68906945,1060.7879646509887,Medium Risk,Offer technical support
Male,No,No,Yes,Yes,Yes,Fiber optic,No,Yes,Yes,Yes,No,Yes,One year,No,Credit card (automatic),100.55,2830.45,No,1,1,0,1,1,1,0,1,6,Below 3 years,0.32103223,908.6656643241644,Low Risk,Promote security service
Female,No,No,No,Yes,No,Fiber optic,No,No,No,No,No,No,Month-to-month,Yes,Mailed check,69.95,69.95,Yes,1,0,0,0,0,0,0,0,1,Below 1 year,0.85894,60.08285337090493,High Risk - New Customer,Onboarding intervention
Male,No,No,No,Yes,No,Fiber optic,No,No,No,No,Yes,No,Month-to-month,No,Electronic check,79.25,267.6,Yes,1,0,0,0,0,0,1,0,2,Below 1 year,0.86167175,230.58335916996003,High Risk - High Value,Priority retention offer
Male,No,Yes,No,Yes,Yes,Fiber optic,No,No,No,No,Yes,Yes,Month-to-month,Yes,Electronic check,94.65,4812.75,Yes,1,1,0,0,0,0,1,1,4,Below 5 years,0.6983114,3360.7981349676847,Medium Risk,Promote security service
Male,No,Yes,Yes,Yes,Yes,Fiber optic,No,Yes,Yes,No,Yes,No,Month-to-month,Yes,Electronic check,94.65,3624.3,Yes,1,1,0,1,1,0,1,0,5,Below 5 years,0.67464846,2445.1284270823003,Medium Risk,Promote security service
Female,No,No,No,Yes,No,Fiber optic,No,No,Yes,Yes,No,No,Two year,Yes,Electronic check,80.45,3201.55,Yes,1,0,0,0,1,1,0,0,3,Below 5 years,0.2622864,839.7230073824526,Low Risk,Promote security service
Male,No,No,No,No,No phone service,DSL,No,Yes,No,No,Yes,No,Month-to-month,Yes,Electronic check,39.3,2111.45,Yes,0,0,0,1,0,0,1,0,2,Below 5 years,0.534219,1127.9767636418342,Medium Risk,Promote security service
Female,No,Yes,Yes,Yes,No,No,No internet service,No internet service,No internet service,No internet service,No internet service,No internet service,Two year,No,Mailed check,20.35,20.35,No,1,0,0,0,0,0,0,0,1,Below 1 year,0.10498746,2.1364947579801083,Low Risk,Standard engagement
Female,No,No,No,Yes,No,Fiber optic,No,No,No,No,No,No,Month-to-month,Yes,Electronic check,70.6,70.6,Yes,1,0,0,0,0,0,0,0,1,Below 1 year,0.9062325,63.98001282215118,High Risk - New Customer,Onboarding intervention
Male,No,No,No,Yes,No,Fiber optic,No,No,No,Yes,Yes,Yes,Month-to-month,Yes,Bank transfer (automatic),95.9,827.45,No,1,0,0,0,0,1,1,1,4,Below 1 year,0.7464014,617.6098625719547,High Risk - High Value,Priority retention offer
Female,No,Yes,No,Yes,Yes,Fiber optic,No,Yes,Yes,No,Yes,Yes,Month-to-month,Yes,Electronic check,105.05,5624.85,Yes,1,1,0,1,1,0,1,1,6,Below 5 years,0.73232573,4119.222397622466,High Risk - High Value,Priority retention offer
Male,No,No,No,Yes,No,Fiber optic,No,No,Yes,No,Yes,Yes,Month-to-month,Yes,Electronic check,95.85,197.7,Yes,1,0,0,0,1,0,1,1,4,Below 1 year,0.90541214,178.99997958540916,High Risk - High Value,Priority retention offer
Male,Yes,No,No,Yes,Yes,Fiber optic,Yes,Yes,Yes,Yes,Yes,Yes,Month-to-month,Yes,Electronic check,116.5,6382.55,No,1,1,1,1,1,1,1,1,8,Below 5 years,0.51141506,3264.132218870521,Medium Risk,Promote long-term contract
Male,No,Yes,Yes,No,No phone service,DSL,No,No,No,No,No,No,Month-to-month,No,Credit card (automatic),25.55,467.85,No,0,0,0,0,0,0,0,0,0,Below 3 years,0.40349254,188.77398489564658,Medium Risk,Promote security service
Male,No,Yes,Yes,Yes,No,No,No internet service,No internet service,No internet service,No internet service,No internet service,No internet service,Two year,No,Bank transfer (automatic),20.2,1376.5,No,1,0,0,0,0,0,0,0,1,oldest Customers,0.04433169,61.02256912924349,Low Risk,Standard engagement
Female,Yes,No,No,Yes,Yes,Fiber optic,Yes,Yes,No,No,Yes,Yes,Month-to-month,Yes,Mailed check,102.8,2660.2,Yes,1,1,1,1,0,0,1,1,6,Below 3 years,0.7488692,1992.1417944431303,High Risk - High Value,Priority retention offer
Female,No,Yes,No,Yes,Yes,Fiber optic,Yes,Yes,Yes,Yes,Yes,Yes,Two year,Yes,Credit card (automatic),113.65,8124.2,No,1,1,1,1,1,1,1,1,8,oldest Customers,0.08154756,662.5086732029914,Low Risk,Standard engagement
Male,No,Yes,No,Yes,No,Fiber optic,No,No,Yes,No,Yes,Yes,Month-to-month,Yes,Electronic check,94.45,498.1,Yes,1,0,0,0,1,0,1,1,4,Below 1 year,0.878237,437.4498542070389,High Risk - High Value,Priority retention offer
Male,No,No,No,Yes,Yes,DSL,Yes,No,No,No,No,No,Month-to-month,Yes,Bank transfer (automatic),55.65,1400.55,Yes,1,1,1,0,0,0,0,0,3,Below 3 years,0.36892402,516.6965386211872,Low Risk,Offer technical support
Female,No,Yes,Yes,No,No phone service,DSL,Yes,No,No,Yes,No,No,One year,No,Credit card (automatic),33.15,444.75,No,0,0,1,0,0,1,0,0,2,Below 3 years,0.1488052,66.18111316859722,Low Risk,Standard engagement
Male,Yes,Yes,No,Yes,Yes,Fiber optic,No,Yes,No,Yes,Yes,Yes,Two year,No,Bank transfer (automatic),102.9,6989.7,No,1,1,0,1,0,1,1,1,6,oldest Customers,0.29154056,2037.7810739457607,Low Risk,Promote security service
Female,No,No,Yes,Yes,No,Fiber optic,No,Yes,No,No,No,Yes,Month-to-month,Yes,Bank transfer (automatic),85.9,1269.55,Yes,1,0,0,1,0,0,0,1,3,Below 3 years,0.750976,953.4016138821839,High Risk - High Value,Priority retention offer
Male,No,No,No,Yes,Yes,Fiber optic,No,No,Yes,Yes,Yes,Yes,Month-to-month,No,Bank transfer (automatic),104.8,4131.95,Yes,1,1,0,0,1,1,1,1,6,Below 5 years,0.5532872,2286.155079427361,Medium Risk,Promote security service
Male,No,No,No,Yes,No,No,No internet service,No internet service,No internet service,No internet service,No internet service,No internet service,One year,No,Bank transfer (automatic),18.85,867.3,No,1,0,0,0,0,0,0,0,1,Below 5 years,0.10216665,88.60913786888122,Low Risk,Standard engagement
Male,No,No,No,No,No phone service,DSL,Yes,No,No,No,No,No,Month-to-month,No,Mailed check,29.35,216.45,No,0,0,1,0,0,0,0,0,1,Below 1 year,0.4625527,100.11953115016222,Medium Risk,Offer technical support
Female,No,No,No,Yes,Yes,DSL,Yes,No,No,No,Yes,Yes,One year,No,Mailed check,74.75,2282.95,No,1,1,1,0,0,0,1,1,5,Below 3 years,0.21422559,489.0663112133741,Low Risk,Offer technical support
Male,No,Yes,Yes,Yes,No,Fiber optic,Yes,No,Yes,No,No,No,Two year,No,Credit card (automatic),80.35,5375.15,No,1,0,1,0,1,0,0,0,3,oldest Customers,0.10155911,545.8954500403255,Low Risk,Offer technical support
Female,No,Yes,No,Yes,Yes,DSL,Yes,Yes,No,Yes,Yes,Yes,Two year,Yes,Electronic check,84.95,5150.55,No,1,1,1,1,0,1,1,1,7,oldest Customers,0.1176113,605.7628630589694,Low Risk,Standard engagement
Male,No,Yes,Yes,Yes,Yes,No,No internet service,No internet service,No internet service,No internet service,No internet service,No internet service,Two year,No,Mailed check,24.45,1088.25,No,1,1,0,0,0,0,0,0,2,Below 5 years,0.053441342,58.15754039492458,Low Risk,Standard engagement
Female,No,No,No,Yes,No,No,No internet service,No internet service,No internet service,No internet service,No internet service,No internet service,Month-to-month,No,Mailed check,20.4,266.6,No,1,0,0,0,0,0,0,0,1,Below 3 years,0.2766803,73.76296550035477,Low Risk,Promote long-term contract
Female,No,Yes,Yes,Yes,Yes,DSL,Yes,Yes,Yes,Yes,No,Yes,One year,Yes,Electronic check,78.45,5333.35,No,1,1,1,1,1,1,0,1,7,oldest Customers,0.17936768,956.6305968068541,Low Risk,Standard engagement
Male,Yes,Yes,No,Yes,No,Fiber optic,No,Yes,No,No,Yes,Yes,Month-to-month,Yes,Electronic check,94.55,3851.45,No,1,0,0,1,0,0,1,1,4,Below 5 years,0.6950745,2677.044677838683,Medium Risk,Promote security service
Female,Yes,No,No,Yes,Yes,Fiber optic,No,No,No,No,No,No,Month-to-month,Yes,Electronic check,74.9,321.75,Yes,1,1,0,0,0,0,0,0,2,Below 1 year,0.8694105,279.73283314704895,High Risk - High Value,Priority retention offer
Male,Yes,Yes,No,Yes,No,DSL,No,No,No,No,No,Yes,One year,No,Electronic check,55.8,2283.3,No,1,0,0,0,0,0,0,1,2,Below 5 years,0.35318112,806.4184598207474,Low Risk,Promote security service
Male,No,Yes,Yes,No,No phone service,DSL,Yes,No,Yes,Yes,Yes,Yes,Two year,No,Bank transfer (automatic),60.95,4549.05,No,0,0,1,0,1,1,1,1,5,oldest Customers,0.055563927,252.76308073997498,Low Risk,Standard engagement
Female,Yes,Yes,No,Yes,Yes,Fiber optic,No,No,Yes,No,Yes,Yes,Month-to-month,No,Bank transfer (automatic),102.05,3452.55,No,1,1,0,0,1,0,1,1,5,Below 3 years,0.638662,2205.012421220541,Medium Risk,Promote security service
Female,No,No,No,No,No phone service,DSL,No,No,No,No,No,Yes,Month-to-month,No,Mailed check,35.05,35.05,Yes,0,0,0,0,0,0,0,1,1,Below 1 year,0.77894336,27.30196476280689,High Risk - New Customer,Onboarding intervention
Male,No,No,No,No,No phone service,DSL,Yes,No,No,Yes,Yes,No,Month-to-month,Yes,Credit card (automatic),45.55,597.0,Yes,0,0,1,0,0,1,1,0,3,Below 3 years,0.39269492,234.43886741995811,Low Risk,Promote long-term contract
Male,No,Yes,Yes,Yes,Yes,Fiber optic,No,Yes,No,No,Yes,Yes,One year,Yes,Credit card (automatic),101.05,6770.5,No,1,1,0,1,0,0,1,1,5,oldest Customers,0.48802465,3304.17090639472,Medium Risk,Promote security service
Male,No,No,No,No,No phone service,DSL,No,Yes,No,Yes,No,No,One year,No,Credit card (automatic),36.0,1382.9,No,0,0,0,1,0,1,0,0,2,Below 5 years,0.1970654,272.5217390283942,Low Risk,Promote security service
Male,No,No,No,Yes,No,DSL,No,Yes,No,Yes,No,Yes,Month-to-month,Yes,Bank transfer (automatic),65.6,339.9,No,1,0,0,1,0,1,0,1,4,Below 1 year,0.4972748,169.02369984090328,Medium Risk,Promote security service
Female,No,Yes,Yes,Yes,No,DSL,Yes,No,No,No,No,No,Month-to-month,No,Electronic check,50.3,217.1,No,1,0,1,0,0,0,0,0,2,Below 1 year,0.62467855,135.61771367192267,Medium Risk,Offer technical support
Female,Yes,No,No,Yes,No,Fiber optic,No,No,No,No,Yes,Yes,Month-to-month,Yes,Electronic check,91.25,2351.8,Yes,1,0,0,0,0,0,1,1,3,Below 3 years,0.8097583,1904.3895829916003,High Risk - High Value,Priority retention offer
Male,No,No,No,Yes,No,Fiber optic,No,Yes,No,No,Yes,Yes,Month-to-month,Yes,Electronic check,94.25,669.0,Yes,1,0,0,1,0,0,1,1,4,Below 1 year,0.8642244,578.166106402874,High Risk - High Value,Priority retention offer
Female,Yes,Yes,Yes,Yes,No,Fiber optic,Yes,No,No,Yes,Yes,No,Month-to-month,Yes,Mailed check,88.3,273.75,Yes,1,0,1,0,0,1,1,0,4,Below 1 year,0.70547247,193.12308847904205,High Risk - High Value,Priority retention offer
Male,Yes,No,No,Yes,Yes,Fiber optic,No,No,No,No,Yes,No,Month-to-month,Yes,Electronic check,86.6,1281.0,Yes,1,1,0,0,0,0,1,0,3,Below 3 years,0.8322177,1066.0708651542664,High Risk - High Value,Priority retention offer
Male,Yes,Yes,No,Yes,Yes,Fiber optic,No,Yes,No,No,Yes,Yes,Month-to-month,Yes,Electronic check,101.0,4388.4,Yes,1,1,0,1,0,0,1,1,5,Below 5 years,0.79890394,3505.910059547424,High Risk - High Value,Priority retention offer
Female,Yes,Yes,No,Yes,Yes,Fiber optic,Yes,Yes,Yes,No,Yes,Yes,Two year,Yes,Electronic check,112.4,8046.85,No,1,1,1,1,1,0,1,1,7,oldest Customers,0.12613474,1014.9873190991581,Low Risk,Offer technical support
Male,No,No,No,Yes,No,DSL,No,No,No,No,No,No,Month-to-month,No,Mailed check,45.45,141.7,No,1,0,0,0,0,0,0,0,1,Below 1 year,0.6664887,94.441449791193,Medium Risk,Promote security service
Female,No,No,No,Yes,Yes,Fiber optic,Yes,Yes,No,No,No,Yes,One year,No,Bank transfer (automatic),96.75,4442.75,No,1,1,1,1,0,0,0,1,5,Below 5 years,0.24389306,1083.5558794662356,Low Risk,Offer technical support
Male,No,Yes,No,Yes,Yes,DSL,Yes,No,No,No,No,No,Month-to-month,Yes,Mailed check,55.05,2030.75,No,1,1,1,0,0,0,0,0,3,Below 5 years,0.3373613,685.0964720621705,Low Risk,Offer technical support
Male,No,No,No,Yes,No,DSL,No,No,No,No,No,No,Month-to-month,Yes,Credit card (automatic),46.0,84.5,Yes,1,0,0,0,0,0,0,0,1,Below 1 year,0.7642118,64.57589489221573,High Risk - New Customer,Onboarding intervention
Female,No,No,No,Yes,No,No,No internet service,No internet service,No internet service,No internet service,No internet service,No internet service,Month-to-month,No,Mailed check,20.05,164.85,Yes,1,0,0,0,0,0,0,0,1,Below 1 year,0.32043412,52.82356522232294,Low Risk,Promote long-term contract
Female,No,No,No,Yes,Yes,Fiber optic,No,No,No,No,Yes,No,Month-to-month,Yes,Electronic check,87.05,762.1,Yes,1,1,0,0,0,0,1,0,3,Below 1 year,0.8697479,662.8348571538926,High Risk - High Value,Priority retention offer
Female,No,Yes,No,Yes,No,DSL,Yes,Yes,No,No,No,No,Month-to-month,No,Mailed check,54.7,235.05,No,1,0,1,1,0,0,0,0,3,Below 1 year,0.46485263,109.26361093819142,Medium Risk,Offer technical support
Female,No,No,No,No,No phone service,DSL,No,No,No,No,Yes,Yes,One year,Yes,Credit card (automatic),44.85,893.55,Yes,0,0,0,0,0,0,1,1,2,Below 3 years,0.35528868,317.46820391714573,Low Risk,Promote security service
Male,No,No,No,Yes,No,Fiber optic,No,No,No,No,No,Yes,Month-to-month,Yes,Electronic check,79.25,79.25,Yes,1,0,0,0,0,0,0,1,2,Below 1 year,0.9162126,72.60985000431538,High Risk - High Value,Priority retention offer
Female,No,Yes,Yes,No,No phone service,DSL,No,Yes,No,Yes,No,No,Month-to-month,No,Electronic check,34.25,163.55,No,0,0,0,1,0,1,0,0,2,Below 1 year,0.52983135,86.65391726791859,Medium Risk,Promote security service
Male,No,No,No,Yes,No,DSL,No,No,No,No,No,No,Month-to-month,No,Bank transfer (automatic),46.05,80.35,Yes,1,0,0,0,0,0,0,0,1,Below 1 year,0.748914,60.175240170955654,High Risk - New Customer,Onboarding intervention
Male,No,No,No,Yes,No,Fiber optic,No,Yes,No,No,No,No,Month-to-month,Yes,Electronic check,74.65,383.65,No,1,0,0,1,0,0,0,0,2,Below 1 year,0.82085,314.9191081345081,High Risk - New Customer,Onboarding intervention
Female,Yes,Yes,No,Yes,Yes,Fiber optic,No,Yes,No,No,Yes,Yes,Month-to-month,Yes,Electronic check,100.8,6690.75,No,1,1,0,1,0,0,1,1,5,oldest Customers,0.6950344,4650.301309615374,Medium Risk,Promote security service
Male,No,No,No,Yes,No,No,No internet service,No internet service,No internet service,No internet service,No internet service,No internet service,Month-to-month,No,Mailed check,19.65,19.65,Yes,1,0,0,0,0,0,0,0,1,Below 1 year,0.5122309,10.065336656570434,Medium Risk,Promote long-term contract
Male,No,Yes,No,Yes,No,Fiber optic,Yes,No,Yes,No,Yes,Yes,Two year,No,Credit card (automatic),99.7,6330.4,No,1,0,1,0,1,0,1,1,5,oldest Customers,0.16008544,1013.404867362976,Low Risk,Offer technical support
Male,No,No,No,Yes,No,Fiber optic,No,No,No,No,Yes,No,Month-to-month,Yes,Electronic check,80.25,144.55,Yes,1,0,0,0,0,0,1,0,2,Below 1 year,0.8959687,129.51227205991745,High Risk - High Value,Priority retention offer
Female,No,Yes,No,Yes,No,DSL,No,No,No,No,No,No,Month-to-month,Yes,Mailed check,44.25,313.45,No,1,0,0,0,0,0,0,0,1,Below 1 year,0.598522,187.60672324001789,Medium Risk,Promote security service
Female,No,No,Yes,Yes,No,No,No internet service,No internet service,No internet service,No internet service,No internet service,No internet service,One year,No,Bank transfer (automatic),20.15,390.85,Yes,1,0,0,0,0,0,0,0,1,Below 3 years,0.11078773,43.30138307400048,Low Risk,Standard engagement
Male,No,No,No,Yes,No,DSL,No,No,No,No,No,No,Month-to-month,No,Mailed check,44.4,44.4,Yes,1,0,0,0,0,0,0,0,1,Below 1 year,0.7571982,33.619600725173946,High Risk - New Customer,Onboarding intervention
Female,No,No,No,Yes,Yes,No,No internet service,No internet service,No internet service,No internet service,No internet service,No internet service,Two year,Yes,Credit card (automatic),25.7,1188.2,No,1,1,0,0,0,0,0,0,2,Below 5 years,0.061349552,72.89553783461452,Low Risk,Standard engagement
Female,No,No,No,Yes,No,DSL,Yes,No,Yes,No,No,No,Month-to-month,No,Credit card (automatic),55.8,300.4,No,1,0,1,0,1,0,0,0,3,Below 1 year,0.5331591,160.1609867811203,Medium Risk,Offer technical support
Male,Yes,No,No,Yes,Yes,Fiber optic,No,Yes,No,No,Yes,No,Month-to-month,Yes,Electronic check,88.2,1775.8,Yes,1,1,0,1,0,0,1,0,4,Below 3 years,0.7981376,1417.332759296894,High Risk - High Value,Priority retention offer
Female,No,No,Yes,Yes,No,No,No internet service,No internet service,No internet service,No internet service,No internet service,No internet service,One year,No,Mailed check,19.95,936.7,No,1,0,0,0,0,0,0,0,1,Below 5 years,0.086570986,81.09104222580791,Low Risk,Standard engagement
Female,No,No,No,Yes,Yes,DSL,No,No,No,No,No,No,Month-to-month,Yes,Mailed check,50.65,151.3,Yes,1,1,0,0,0,0,0,0,2,Below 1 year,0.7342922,111.09841124415398,High Risk - New Customer,Onboarding intervention
Male,No,Yes,Yes,Yes,Yes,Fiber optic,Yes,Yes,No,No,Yes,No,Month-to-month,Yes,Electronic check,94.4,2838.7,Yes,1,1,1,1,0,0,1,0,5,Below 3 years,0.6917193,1963.5835587263107,Medium Risk,Offer technical support
Male,Yes,Yes,No,Yes,Yes,Fiber optic,Yes,No,No,No,Yes,No,Month-to-month,No,Electronic check,89.45,2807.65,No,1,1,1,0,0,0,1,0,4,Below 3 years,0.67985576,1908.797035548091,Medium Risk,Offer technical support
Male,No,Yes,Yes,Yes,Yes,DSL,Yes,Yes,Yes,No,Yes,Yes,Two year,No,Credit card (automatic),83.5,5435.0,No,1,1,1,1,1,0,1,1,7,oldest Customers,0.09428142,512.4195183068514,Low Risk,Offer technical support
Female,No,Yes,Yes,No,No phone service,DSL,No,No,No,Yes,No,No,One year,No,Credit card (automatic),30.25,368.85,No,0,0,0,0,0,1,0,0,1,Below 3 years,0.21035771,77.59044159874321,Low Risk,Promote security service
Female,No,Yes,No,Yes,Yes,Fiber optic,No,No,No,No,Yes,Yes,Month-to-month,No,Electronic check,92.6,1579.7,No,1,1,0,0,0,0,1,1,4,Below 3 years,0.7751901,1224.567824625969,High Risk - High Value,Priority retention offer
Female,No,No,No,Yes,Yes,DSL,Yes,No,Yes,Yes,No,No,One year,No,Electronic check,64.75,4039.5,No,1,1,1,0,1,1,0,0,5,oldest Customers,0.13959241,563.883536696434,Low Risk,Standard engagement
Male,No,Yes,Yes,Yes,Yes,No,No internet service,No internet service,No internet service,No internet service,No internet service,No internet service,Two year,No,Credit card (automatic),25.55,1867.7,No,1,1,0,0,0,0,0,0,2,oldest Customers,0.047771703,89.22321053706109,Low Risk,Standard engagement
Female,No,No,No,Yes,Yes,Fiber optic,No,Yes,Yes,No,Yes,Yes,Month-to-month,Yes,Electronic check,106.4,5127.95,Yes,1,1,0,1,1,0,1,1,6,Below 5 years,0.738377,3786.3602092564106,High Risk - High Value,Priority retention offer
Female,No,Yes,Yes,No,No phone service,DSL,Yes,No,Yes,Yes,Yes,Yes,Two year,No,Credit card (automatic),59.85,3590.2,No,0,0,1,0,1,1,1,1,5,oldest Customers,0.05561244,199.65978622511028,Low Risk,Standard engagement
Male,No,No,No,Yes,Yes,Fiber optic,Yes,Yes,Yes,Yes,Yes,Yes,One year,No,Credit card (automatic),114.35,5791.1,No,1,1,1,1,1,1,1,1,8,Below 5 years,0.35635084,2063.6633445322514,Low Risk,Standard engagement
Male,No,No,Yes,Yes,No,No,No internet service,No internet service,No internet service,No internet service,No internet service,No internet service,Month-to-month,No,Mailed check,20.75,20.75,No,1,0,0,0,0,0,0,0,1,Below 1 year,0.53941774,11.192918181419373,Medium Risk,Promote long-term contract
Male,Yes,No,No,Yes,Yes,Fiber optic,No,No,Yes,No,No,No,Month-to-month,Yes,Electronic check,81.25,585.95,Yes,1,1,0,0,1,0,0,0,3,Below 1 year,0.8498404,497.96398390531544,High Risk - High Value,Priority retention offer
Male,Yes,Yes,No,Yes,No,Fiber optic,No,No,No,No,Yes,Yes,Month-to-month,Yes,Electronic check,89.5,676.7,Yes,1,0,0,0,0,0,1,1,3,Below 1 year,0.8751975,592.2461684107781,High Risk - High Value,Priority retention offer
Male,No,Yes,No,Yes,No,DSL,Yes,Yes,Yes,No,No,No,Month-to-month,No,Mailed check,61.0,2130.45,No,1,0,1,1,1,0,0,0,4,Below 3 years,0.28229842,601.4226601526141,Low Risk,Offer technical support
Male,No,No,No,Yes,Yes,Fiber optic,No,Yes,Yes,No,Yes,Yes,Month-to-month,Yes,Mailed check,102.65,4108.15,No,1,1,0,1,1,0,1,1,6,Below 5 years,0.67116743,2757.2564909547564,Medium Risk,Promote security service
Female,No,No,No,Yes,Yes,Fiber optic,No,No,No,No,Yes,Yes,Month-to-month,Yes,Bank transfer (automatic),93.55,536.4,Yes,1,1,0,0,0,0,1,1,4,Below 1 year,0.8590719,460.8061727285385,High Risk - High Value,Priority retention offer
Female,No,Yes,No,Yes,No,No,No internet service,No internet service,No internet service,No internet service,No internet service,No internet service,One year,No,Bank transfer (automatic),20.8,1021.8,Yes,1,0,0,0,0,0,0,0,1,Below 5 years,0.09862237,100.77233438193798,Low Risk,Standard engagement
Male,No,Yes,No,Yes,No,No,No internet service,No internet service,No internet service,No internet service,No internet service,No internet service,Month-to-month,Yes,Credit card (automatic),20.55,51.15,Yes,1,0,0,0,0,0,0,0,1,Below 1 year,0.44524226,22.77414139062166,Medium Risk,Promote long-term contract
Female,Yes,Yes,No,Yes,No,Fiber optic,No,No,No,No,No,No,Month-to-month,Yes,Electronic check,69.55,69.55,Yes,1,0,0,0,0,0,0,0,1,Below 1 year,0.9087798,63.20563508570194,High Risk - New Customer,Onboarding intervention
Female,No,No,Yes,Yes,No,DSL,No,No,No,No,Yes,Yes,Month-to-month,Yes,Mailed check,64.7,1093.1,Yes,1,0,0,0,0,0,1,1,3,Below 3 years,0.46859524,512.2214530616998,Medium Risk,Promote security service
Male,Yes,No,No,Yes,No,Fiber optic,Yes,No,No,No,No,Yes,Month-to-month,No,Electronic check,85.0,3969.4,Yes,1,0,1,0,0,0,0,1,3,Below 5 years,0.5885828,2336.3206208586694,Medium Risk,Offer technical support
Male,No,No,No,Yes,No,Fiber optic,Yes,Yes,Yes,No,Yes,Yes,One year,Yes,Electronic check,106.05,4510.8,No,1,0,1,1,1,0,1,1,6,Below 5 years,0.4629875,2088.444070708752,Medium Risk,Offer technical support
Female,No,Yes,No,No,No phone service,DSL,Yes,No,Yes,No,No,Yes,Month-to-month,Yes,Bank transfer (automatic),45.3,2145.0,Yes,0,0,1,0,1,0,0,1,3,Below 5 years,0.37846756,811.812915802002,Low Risk,Offer technical support
Male,No,Yes,Yes,Yes,No,No,No internet service,No internet service,No internet service,No internet service,No internet service,No internet service,One year,No,Mailed check,19.4,1061.6,No,1,0,0,0,0,0,0,0,1,Below 5 years,0.08223501,87.3006850004196,Low Risk,Standard engagement
Female,Yes,No,No,Yes,Yes,Fiber optic,No,No,No,No,Yes,Yes,Month-to-month,Yes,Bank transfer (automatic),95.15,997.65,Yes,1,1,0,0,0,0,1,1,4,Below 1 year,0.8343762,832.4154318273067,High Risk - High Value,Priority retention offer
Female,Yes,Yes,No,Yes,Yes,Fiber optic,No,Yes,No,No,Yes,No,Month-to-month,Yes,Electronic check,88.05,4367.35,Yes,1,1,0,1,0,0,1,0,4,Below 5 years,0.7039543,3074.414722236991,High Risk - High Value,Priority retention offer
Female,No,No,No,Yes,No,DSL,No,No,No,No,No,No,Month-to-month,No,Mailed check,44.4,44.4,Yes,1,0,0,0,0,0,0,0,1,Below 1 year,0.7639607,33.91985592842102,High Risk - New Customer,Onboarding intervention
Female,Yes,Yes,No,Yes,No,Fiber optic,Yes,No,Yes,No,Yes,Yes,Month-to-month,Yes,Electronic check,101.25,2754.45,Yes,1,0,1,0,1,0,1,1,5,Below 3 years,0.7891487,2173.670604532957,High Risk - High Value,Priority retention offer
Female,No,Yes,Yes,Yes,Yes,Fiber optic,Yes,No,Yes,No,Yes,Yes,Month-to-month,Yes,Credit card (automatic),104.5,3684.95,No,1,1,1,0,1,0,1,1,6,Below 5 years,0.6058317,2232.4594590991733,Medium Risk,Offer technical support
Male,No,Yes,No,Yes,Yes,Fiber optic,No,Yes,No,No,No,No,Month-to-month,Yes,Bank transfer (automatic),80.15,2265.25,Yes,1,1,0,1,0,0,0,0,3,Below 3 years,0.55061054,1247.2705309391022,Medium Risk,Promote security service
Male,No,Yes,Yes,Yes,No,DSL,No,Yes,Yes,Yes,Yes,Yes,One year,No,Credit card (automatic),76.75,4541.9,No,1,0,0,1,1,1,1,1,6,Below 5 years,0.19855528,901.8182071462273,Low Risk,Promote security service
Male,No,No,No,Yes,Yes,Fiber optic,No,No,No,No,No,No,Month-to-month,Yes,Electronic check,74.95,1710.45,Yes,1,1,0,0,0,0,0,0,2,Below 3 years,0.74099267,1267.4309043467044,High Risk - High Value,Priority retention offer
Female,No,Yes,Yes,Yes,Yes,Fiber optic,No,No,No,No,No,Yes,Month-to-month,Yes,Electronic check,85.45,1451.6,Yes,1,1,0,0,0,0,0,1,3,Below 3 years,0.77108943,1119.3134232997893,High Risk - High Value,Priority retention offer
Male,No,No,Yes,Yes,No,DSL,No,No,No,No,Yes,No,Month-to-month,No,Electronic check,55.35,449.75,Yes,1,0,0,0,0,0,1,0,2,Below 1 year,0.6771006,304.52599431574345,Medium Risk,Promote security service
Female,No,Yes,No,Yes,Yes,Fiber optic,No,Yes,No,No,Yes,Yes,Two year,Yes,Credit card (automatic),97.7,6869.7,No,1,1,0,1,0,0,1,1,5,oldest Customers,0.17864086,1227.209097661078,Low Risk,Promote security service
Male,No,No,No,Yes,Yes,Fiber optic,No,No,No,Yes,No,Yes,Month-to-month,Yes,Credit card (automatic),89.05,1448.6,Yes,1,1,0,0,0,1,0,1,4,Below 3 years,0.6747258,977.4077517986296,Medium Risk,Promote security service
Male,No,Yes,No,Yes,Yes,Fiber optic,No,No,Yes,No,No,No,Month-to-month,Yes,Electronic check,78.9,2447.95,Yes,1,1,0,0,1,0,0,0,3,Below 3 years,0.7362042,1802.19108838737,High Risk - High Value,Priority retention offer
Male,No,No,No,No,No phone service,DSL,No,No,Yes,No,No,No,Month-to-month,No,Mailed check,29.5,255.25,Yes,0,0,0,0,1,0,0,0,1,Below 1 year,0.49012884,125.10538768023252,Medium Risk,Promote security service
Male,Yes,Yes,No,Yes,No,Fiber optic,No,Yes,No,Yes,No,Yes,Month-to-month,Yes,Bank transfer (automatic),89.05,1169.35,Yes,1,0,0,1,0,1,0,1,4,Below 3 years,0.71796393,839.5511261582374,High Risk - High Value,Priority retention offer
Female,No,No,No,Yes,No,DSL,Yes,Yes,Yes,Yes,Yes,No,One year,No,Mailed check,74.3,1863.8,Yes,1,0,1,1,1,1,1,0,6,Below 3 years,0.19128624,356.51928674578664,Low Risk,Standard engagement
Male,No,No,No,Yes,No,Fiber optic,No,Yes,Yes,No,No,Yes,Month-to-month,Yes,Electronic check,89.55,2187.15,No,1,0,0,1,1,0,0,1,4,Below 3 years,0.7499373,1640.2253567576408,High Risk - High Value,Priority retention offer
Male,No,No,No,No,No phone service,DSL,No,Yes,No,No,No,No,Month-to-month,Yes,Credit card (automatic),30.5,208.7,Yes,0,0,0,1,0,0,0,0,1,Below 1 year,0.63598907,132.73091889619826,Medium Risk,Promote security service
Male,No,No,No,Yes,No,Fiber optic,No,No,No,No,No,No,Month-to-month,Yes,Electronic check,70.05,70.05,Yes,1,0,0,0,0,0,0,0,1,Below 1 year,0.9051153,63.40332721173763,High Risk - New Customer,Onboarding intervention
Female,Yes,No,No,Yes,Yes,Fiber optic,No,No,No,No,No,No,Month-to-month,Yes,Electronic check,74.3,1096.25,Yes,1,1,0,0,0,0,0,0,2,Below 3 years,0.8356329,916.062588840723,High Risk - General,Promote security service
Female,No,No,No,Yes,No,DSL,No,No,No,No,No,No,Month-to-month,No,Mailed check,45.25,428.7,No,1,0,0,0,0,0,0,0,1,Below 1 year,0.44963875,192.76013389527796,Medium Risk,Promote security service
Male,No,No,No,Yes,No,No,No internet service,No internet service,No internet service,No internet service,No internet service,No internet service,Two year,No,Mailed check,19.35,1099.6,Yes,1,0,0,0,0,0,0,0,1,Below 5 years,0.05795782,63.730419525504104,Low Risk,Standard engagement
Female,No,Yes,No,Yes,No,DSL,No,Yes,Yes,Yes,Yes,Yes,Month-to-month,No,Bank transfer (automatic),81.9,2078.55,No,1,0,0,1,1,1,1,1,6,Below 3 years,0.28042164,582.8704090699554,Low Risk,Promote security service
Female,No,No,No,Yes,Yes,DSL,Yes,Yes,No,No,No,No,Month-to-month,Yes,Credit card (automatic),59.75,2934.3,Yes,1,1,1,1,0,0,0,0,4,Below 5 years,0.3129771,918.3687203139067,Low Risk,Offer technical support
Male,No,No,No,Yes,No,Fiber optic,No,Yes,Yes,No,No,No,One year,No,Credit card (automatic),79.6,5461.45,No,1,0,0,1,1,0,0,0,3,oldest Customers,0.20032963,1094.0902663215995,Low Risk,Promote security service
Female,No,Yes,No,Yes,Yes,Fiber optic,Yes,Yes,No,Yes,Yes,Yes,Month-to-month,Yes,Bank transfer (automatic),109.65,5405.8,No,1,1,1,1,0,1,1,1,7,Below 5 years,0.44960275,2430.4625617563725,Medium Risk,Promote long-term contract
Female,No,Yes,Yes,Yes,No,DSL,No,Yes,No,Yes,No,No,One year,Yes,Credit card (automatic),54.15,2319.8,Yes,1,0,0,1,0,1,0,0,3,Below 5 years,0.19802316,459.3741157382727,Low Risk,Promote security service
Male,No,Yes,Yes,Yes,Yes,Fiber optic,No,No,No,No,No,No,Month-to-month,Yes,Electronic check,74.5,74.5,Yes,1,1,0,0,0,0,0,0,2,Below 1 year,0.90543467,67.45488277077675,High Risk - New Customer,Onboarding intervention
Male,No,Yes,Yes,Yes,No,No,No internet service,No internet service,No internet service,No internet service,No internet service,No internet service,Two year,No,Credit card (automatic),20.55,1305.95,No,1,0,0,0,0,0,0,0,1,oldest Customers,0.045241393,59.082997382804756,Low Risk,Standard engagement
Male,Yes,No,No,No,No phone service,DSL,No,Yes,Yes,No,Yes,Yes,Month-to-month,Yes,Electronic check,54.45,2854.55,Yes,0,0,0,1,1,0,1,1,4,Below 5 years,0.67943513,1939.4815615713599,Medium Risk,Promote security service
Male,Yes,No,Yes,Yes,No,DSL,No,Yes,No,Yes,No,No,Month-to-month,Yes,Electronic check,54.55,601.25,No,1,0,0,1,0,1,0,0,3,Below 1 year,0.46521154,279.70843870192766,Medium Risk,Promote security service
Female,No,Yes,No,Yes,No,No,No internet service,No internet service,No internet service,No internet service,No internet service,No internet service,One year,No,Mailed check,19.35,307.0,No,1,0,0,0,0,0,0,0,1,Below 3 years,0.105406284,32.359729290008545,Low Risk,Standard engagement
Male,No,No,No,Yes,No,Fiber optic,No,Yes,Yes,No,Yes,No,Month-to-month,No,Electronic check,89.8,2335.3,Yes,1,0,0,1,1,0,1,0,4,Below 3 years,0.6976862,1629.3065720558168,Medium Risk,Promote security service
Male,No,No,No,Yes,No,No,No internet service,No internet service,No internet service,No internet service,No internet service,No internet service,Month-to-month,Yes,Electronic check,19.65,31.2,No,1,0,0,0,0,0,0,0,1,Below 1 year,0.49550462,15.459744071960449,Medium Risk,Promote long-term contract
Male,No,No,No,Yes,No,DSL,Yes,No,No,No,No,No,Month-to-month,Yes,Mailed check,48.55,48.55,Yes,1,0,1,0,0,0,0,0,2,Below 1 year,0.75820994,36.811092770099634,High Risk - New Customer,Onboarding intervention
Male,No,No,No,Yes,No,Fiber optic,No,No,No,Yes,Yes,Yes,Month-to-month,Yes,Electronic check,96.2,3183.4,Yes,1,0,0,0,0,1,1,1,4,Below 3 years,0.68982977,2196.004079473019,Medium Risk,Promote security service
Male,Yes,Yes,No,Yes,Yes,Fiber optic,No,No,Yes,No,No,No,One year,Yes,Bank transfer (automatic),81.6,2815.25,No,1,1,0,0,1,0,0,0,3,Below 3 years,0.3302412,929.7115476131439,Low Risk,Promote security service
Male,Yes,Yes,No,Yes,Yes,Fiber optic,No,No,Yes,Yes,Yes,Yes,Month-to-month,Yes,Electronic check,104.9,3351.55,Yes,1,1,0,0,1,1,1,1,6,Below 3 years,0.7198378,2412.572327536345,High Risk - High Value,Priority retention offer
Male,No,Yes,Yes,Yes,Yes,No,No internet service,No internet service,No internet service,No internet service,No internet service,No internet service,Two year,No,Mailed check,24.55,1160.45,No,1,1,0,0,0,0,0,0,2,Below 5 years,0.05321523,61.75361568015069,Low Risk,Standard engagement
Female,No,No,No,Yes,No,No,No internet service,No internet service,No internet service,No internet service,No internet service,No internet service,Month-to-month,Yes,Mailed check,20.25,20.25,No,1,0,0,0,0,0,0,0,1,Below 1 year,0.67439693,13.656537875533104,Medium Risk,Promote long-term contract
Female,Yes,Yes,No,Yes,No,Fiber optic,Yes,No,No,No,No,Yes,Month-to-month,Yes,Electronic check,83.45,3147.15,No,1,0,1,0,0,0,0,1,3,Below 5 years,0.6412047,2017.9674181044102,Medium Risk,Offer technical support
Female,No,Yes,No,Yes,Yes,DSL,Yes,No,Yes,Yes,Yes,Yes,Two year,Yes,Credit card (automatic),84.4,6096.45,No,1,1,1,0,1,1,1,1,7,oldest Customers,0.062022384,378.11636449825016,Low Risk,Standard engagement
Female,No,Yes,Yes,Yes,No,DSL,Yes,No,Yes,Yes,Yes,Yes,Two year,Yes,Credit card (automatic),82.0,5999.85,No,1,0,1,0,1,1,1,1,6,oldest Customers,0.060110915,360.6564760761336,Low Risk,Standard engagement
Male,No,Yes,Yes,Yes,No,DSL,No,No,No,No,No,No,Month-to-month,Yes,Mailed check,45.85,45.85,Yes,1,0,0,0,0,0,0,0,1,Below 1 year,0.81069,37.17013584673405,High Risk - New Customer,Onboarding intervention
Male,No,No,Yes,Yes,No,Fiber optic,No,No,No,No,Yes,Yes,Month-to-month,Yes,Electronic check,90.85,90.85,Yes,1,0,0,0,0,0,1,1,3,Below 1 year,0.9226341,83.82131023406981,High Risk - High Value,Priority retention offer
Male,Yes,Yes,No,Yes,Yes,Fiber optic,No,No,No,No,No,No,Month-to-month,Yes,Mailed check,74.4,527.9,Yes,1,1,0,0,0,0,0,0,2,Below 1 year,0.76722586,405.0185323119163,High Risk - New Customer,Onboarding intervention
Female,No,No,No,Yes,Yes,DSL,Yes,No,Yes,Yes,Yes,Yes,Two year,Yes,Mailed check,85.25,5714.2,No,1,1,1,0,1,1,1,1,7,oldest Customers,0.085860774,490.6256343394518,Low Risk,Standard engagement
Male,No,Yes,Yes,Yes,Yes,Fiber optic,Yes,No,Yes,Yes,Yes,Yes,Two year,No,Bank transfer (automatic),108.65,6937.95,Yes,1,1,1,0,1,1,1,1,7,oldest Customers,0.35539275,2465.697158154845,Low Risk,Standard engagement
Female,No,Yes,No,Yes,No,DSL,Yes,Yes,No,Yes,No,Yes,Month-to-month,Yes,Mailed check,71.05,1837.7,No,1,0,1,1,0,1,0,1,5,Below 3 years,0.2529109,464.7743830502033,Low Risk,Promote long-term contract
Male,No,Yes,No,Yes,No,Fiber optic,No,No,No,No,Yes,Yes,Month-to-month,Yes,Electronic check,90.75,90.75,Yes,1,0,0,0,0,0,1,1,3,Below 1 year,0.9251303,83.95557542145252,High Risk - High Value,Priority retention offer
Female,No,No,No,No,No phone service,DSL,No,No,No,No,Yes,No,Month-to-month,Yes,Electronic check,35.75,35.75,Yes,0,0,0,0,0,0,1,0,1,Below 1 year,0.8635523,30.871993735432625,High Risk - New Customer,Onboarding intervention
Female,No,No,No,Yes,Yes,DSL,Yes,No,Yes,Yes,Yes,No,One year,No,Credit card (automatic),74.0,3877.65,No,1,1,1,0,1,1,1,0,6,Below 5 years,0.1565531,607.0581457413733,Low Risk,Standard engagement
Male,No,No,Yes,Yes,No,No,No internet service,No internet service,No internet service,No internet service,No internet service,No internet service,Month-to-month,No,Mailed check,19.75,19.75,Yes,1,0,0,0,0,0,0,0,1,Below 1 year,0.4763404,9.407723158597946,Medium Risk,Promote long-term contract
Male,No,Yes,No,Yes,Yes,Fiber optic,No,Yes,No,No,No,No,Month-to-month,Yes,Bank transfer (automatic),80.5,1336.9,No,1,1,0,1,0,0,0,0,3,Below 3 years,0.56032,749.0918343663216,Medium Risk,Promote security service
Male,No,No,Yes,Yes,Yes,Fiber optic,No,No,Yes,No,No,Yes,Month-to-month,No,Electronic check,91.85,257.05,Yes,1,1,0,0,1,0,0,1,4,Below 1 year,0.870413,223.73966302573683,High Risk - High Value,Priority retention offer
Male,Yes,Yes,No,No,No phone service,DSL,No,Yes,No,No,No,No,Month-to-month,Yes,Electronic check,30.35,1359.7,Yes,0,0,0,1,0,0,0,0,1,Below 5 years,0.62172127,845.3544076919555,Medium Risk,Promote security service
Male,No,No,Yes,Yes,No,No,No internet service,No internet service,No internet service,No internet service,No internet service,No internet service,Month-to-month,No,Mailed check,20.2,83.75,No,1,0,0,0,0,0,0,0,1,Below 1 year,0.2740944,22.955406233668327,Low Risk,Promote long-term contract
Female,No,No,No,Yes,Yes,Fiber optic,No,No,Yes,No,Yes,Yes,One year,Yes,Electronic check,101.1,4674.4,No,1,1,0,0,1,0,1,1,5,Below 5 years,0.48258838,2255.8111261606214,Medium Risk,Promote security service
Male,No,No,No,Yes,No,Fiber optic,No,No,Yes,No,Yes,No,Month-to-month,Yes,Electronic check,84.85,84.85,Yes,1,0,0,0,1,0,1,0,3,Below 1 year,0.9224521,78.2700600206852,High Risk - High Value,Priority retention offer
Female,Yes,No,No,Yes,Yes,Fiber optic,No,Yes,Yes,Yes,Yes,No,Two year,Yes,Bank transfer (automatic),99.9,5706.3,No,1,1,0,1,1,1,1,0,6,Below 5 years,0.2667437,1522.119516965747,Low Risk,Promote security service
Female,No,Yes,No,Yes,Yes,DSL,No,Yes,No,No,No,No,Month-to-month,No,Electronic check,54.1,1373.0,No,1,1,0,1,0,0,0,0,3,Below 3 years,0.47660694,654.3813221156597,Medium Risk,Promote security service
Male,No,Yes,Yes,Yes,Yes,Fiber optic,No,No,Yes,No,Yes,Yes,Month-to-month,Yes,Electronic check,99.8,4872.45,Yes,1,1,0,0,1,0,1,1,5,Below 5 years,0.7693012,3748.3815153479572,High Risk - High Value,Priority retention offer
Male,Yes,No,No,Yes,Yes,Fiber optic,No,No,No,No,No,No,Month-to-month,Yes,Electronic check,75.35,75.35,Yes,1,1,0,0,0,0,0,0,2,Below 1 year,0.9102514,68.58744140863418,High Risk - High Value,Priority retention offer
Female,No,Yes,No,Yes,Yes,Fiber optic,No,No,Yes,Yes,Yes,Yes,Month-to-month,Yes,Electronic check,105.0,4026.4,Yes,1,1,0,0,1,1,1,1,6,Below 5 years,0.73276573,2950.4079521656035,High Risk - High Value,Priority retention offer
Female,No,Yes,Yes,Yes,No,No,No internet service,No internet service,No internet service,No internet service,No internet service,No internet service,One year,Yes,Mailed check,19.75,145.0,Yes,1,0,0,0,0,0,0,0,1,Below 1 year,0.1290589,18.713540136814117,Low Risk,Standard engagement
Male,No,No,No,No,No phone service,DSL,No,No,No,No,No,Yes,Month-to-month,Yes,Electronic check,35.45,35.45,Yes,0,0,0,0,0,0,0,1,1,Below 1 year,0.8628675,30.58865197300911,High Risk - New Customer,Onboarding intervention
Male,Yes,Yes,No,Yes,Yes,Fiber optic,No,No,Yes,No,Yes,Yes,Month-to-month,Yes,Electronic check,98.7,5812.6,Yes,1,1,0,0,1,0,1,1,5,Below 5 years,0.71262324,4142.193836474419,High Risk - High Value,Priority retention offer
Male,No,Yes,No,Yes,Yes,Fiber optic,No,No,Yes,Yes,Yes,Yes,One year,Yes,Electronic check,104.15,5743.05,Yes,1,1,0,0,1,1,1,1,6,Below 5 years,0.5805916,3334.3666975826027,Medium Risk,Promote security service
Male,Yes,No,No,No,No phone service,DSL,No,No,Yes,No,No,Yes,Month-to-month,Yes,Electronic check,41.15,132.2,Yes,0,0,0,0,1,0,0,1,2,Below 1 year,0.85021126,112.39792892932891,High Risk - New Customer,Onboarding intervention
Female,No,No,No,Yes,No,No,No internet service,No internet service,No internet service,No internet service,No internet service,No internet service,Month-to-month,No,Electronic check,19.75,58.85,Yes,1,0,0,0,0,0,0,0,1,Below 1 year,0.45468614,26.7582790479064,Medium Risk,Promote long-term contract
Female,No,No,No,Yes,No,DSL,No,No,No,No,No,No,Month-to-month,Yes,Electronic check,45.4,80.95,No,1,0,0,0,0,0,0,0,1,Below 1 year,0.84046036,68.0352661460638,High Risk - New Customer,Onboarding intervention
Male,Yes,Yes,No,Yes,No,Fiber optic,Yes,No,No,Yes,Yes,No,One year,No,Mailed check,90.15,3128.8,No,1,0,1,0,0,1,1,0,4,Below 3 years,0.20792715,650.5624747872353,Low Risk,Standard engagement
Male,No,No,No,Yes,No,DSL,No,Yes,No,No,Yes,No,Month-to-month,Yes,Mailed check,59.65,638.95,No,1,0,0,1,0,0,1,0,3,Below 1 year,0.4641714,296.58232216835023,Medium Risk,Promote security service
Female,No,No,No,Yes,No,DSL,Yes,Yes,Yes,Yes,Yes,Yes,Month-to-month,No,Mailed check,84.45,1287.85,No,1,0,1,1,1,1,1,1,7,Below 3 years,0.3760676,484.3186697289347,Low Risk,Promote long-term contract
Female,No,Yes,No,Yes,No,Fiber optic,No,No,Yes,No,Yes,No,Month-to-month,Yes,Electronic check,84.3,1308.4,Yes,1,0,0,0,1,0,1,0,3,Below 3 years,0.8387358,1097.4019454002382,High Risk - High Value,Priority retention offer
Male,No,Yes,Yes,Yes,Yes,DSL,Yes,Yes,No,Yes,No,No,Month-to-month,No,Credit card (automatic),64.4,316.9,No,1,1,1,1,0,1,0,0,5,Below 1 year,0.30491316,96.6269814133644,Low Risk,Promote long-term contract
Female,No,No,No,Yes,No,DSL,Yes,Yes,No,No,Yes,Yes,Month-to-month,Yes,Electronic check,74.65,703.55,Yes,1,0,1,1,0,0,1,1,5,Below 1 year,0.6125965,430.9922759056091,Medium Risk,Offer technical support
Female,No,No,No,Yes,Yes,DSL,Yes,No,Yes,Yes,Yes,Yes,One year,Yes,Credit card (automatic),82.5,4179.1,No,1,1,1,0,1,1,1,1,7,Below 5 years,0.20233847,845.5927083715798,Low Risk,Standard engagement
Male,No,No,Yes,Yes,Yes,Fiber optic,Yes,Yes,Yes,No,Yes,Yes,One year,Yes,Credit card (automatic),109.2,5290.45,No,1,1,1,1,1,0,1,1,7,Below 5 years,0.365916,1935.8603747725485,Low Risk,Offer technical support
Male,No,Yes,No,Yes,No,Fiber optic,Yes,No,No,No,No,No,Month-to-month,No,Electronic check,75.0,632.95,Yes,1,0,1,0,0,0,0,0,2,Below 1 year,0.6918784,437.92441960275175,Medium Risk,Offer technical support
Male,No,Yes,Yes,Yes,Yes,Fiber optic,No,No,No,No,No,No,Month-to-month,Yes,Electronic check,74.3,4018.35,No,1,1,0,0,0,0,0,0,2,Below 5 years,0.53722966,2158.776792901754,Medium Risk,Promote security service
Male,No,Yes,Yes,Yes,No,Fiber optic,No,Yes,Yes,Yes,Yes,Yes,One year,No,Credit card (automatic),103.9,6449.15,No,1,0,0,1,1,1,1,1,6,oldest Customers,0.33594084,2166.5328544855115,Low Risk,Promote security service
Male,No,No,No,Yes,No,No,No internet service,No internet service,No internet service,No internet service,No internet service,No internet service,Month-to-month,Yes,Bank transfer (automatic),20.2,20.2,Yes,1,0,0,0,0,0,0,0,1,Below 1 year,0.6666138,13.465599107742309,Medium Risk,Promote long-term contract
Female,Yes,No,No,Yes,Yes,Fiber optic,No,Yes,Yes,Yes,Yes,Yes,Two year,Yes,Bank transfer (automatic),108.1,7774.05,No,1,1,0,1,1,1,1,1,7,oldest Customers,0.23531266,1829.3323500193655,Low Risk,Promote security service
Female,No,No,No,No,No phone service,DSL,No,No,No,No,No,No,Month-to-month,Yes,Mailed check,24.25,96.05,Yes,0,0,0,0,0,0,0,0,0,Below 1 year,0.66214997,63.59950421154499,Medium Risk,Promote security service
Female,No,No,No,Yes,Yes,Fiber optic,No,No,No,No,Yes,Yes,Month-to-month,Yes,Electronic check,93.85,93.85,Yes,1,1,0,0,0,0,1,1,4,Below 1 year,0.93116856,87.3901690006256,High Risk - High Value,Priority retention offer
Female,No,Yes,Yes,Yes,No,Fiber optic,No,No,Yes,Yes,No,No,Month-to-month,Yes,Bank transfer (automatic),81.5,3107.3,No,1,0,0,0,1,1,0,0,3,Below 5 years,0.3915605,1216.6959258019924,Low Risk,Promote security service
Male,No,No,No,Yes,No,Fiber optic,No,No,Yes,No,Yes,No,Month-to-month,Yes,Electronic check,83.2,1060.6,Yes,1,0,0,0,1,0,1,0,3,Below 3 years,0.82729393,877.4279447436332,High Risk - High Value,Priority retention offer
Male,No,No,No,Yes,No,DSL,No,Yes,No,No,No,No,Month-to-month,No,Mailed check,49.25,97.0,No,1,0,0,1,0,0,0,0,2,Below 1 year,0.6627121,64.28307342529297,Medium Risk,Promote security service
Male,No,No,No,Yes,Yes,Fiber optic,No,No,Yes,Yes,No,No,Two year,Yes,Credit card (automatic),86.4,6172.0,No,1,1,0,0,1,1,0,0,4,oldest Customers,0.11056064,682.3802743554115,Low Risk,Promote security service
Female,No,Yes,No,Yes,Yes,Fiber optic,No,No,No,No,No,Yes,Month-to-month,Yes,Electronic check,85.0,2624.25,Yes,1,1,0,0,0,0,0,1,3,Below 3 years,0.759167,1992.2440405637026,High Risk - High Value,Priority retention offer
Male,No,Yes,No,Yes,Yes,DSL,Yes,Yes,Yes,No,Yes,Yes,Two year,Yes,Electronic check,85.25,6083.1,No,1,1,1,1,1,0,1,1,7,oldest Customers,0.11689297,711.071632488817,Low Risk,Offer technical support
Male,No,Yes,No,Yes,Yes,Fiber optic,No,No,No,No,Yes,No,Month-to-month,Yes,Electronic check,82.85,460.25,Yes,1,1,0,0,0,0,1,0,3,Below 1 year,0.87029326,400.55247274041176,High Risk - High Value,Priority retention offer
Female,No,No,No,Yes,No,Fiber optic,No,Yes,No,No,No,No,Month-to-month,Yes,Credit card (automatic),73.95,2524.45,Yes,1,0,0,1,0,0,0,0,2,Below 3 years,0.5367744,1355.0601262450218,Medium Risk,Promote security service
Male,No,No,No,Yes,Yes,Fiber optic,No,No,Yes,No,Yes,Yes,Month-to-month,Yes,Bank transfer (automatic),98.05,713.0,Yes,1,1,0,0,1,0,1,1,5,Below 1 year,0.8534316,608.496718287468,High Risk - High Value,Priority retention offer
Male,Yes,No,No,Yes,No,Fiber optic,No,No,No,No,No,Yes,Month-to-month,Yes,Credit card (automatic),79.15,827.7,No,1,0,0,0,0,0,0,1,2,Below 1 year,0.7452782,616.8667492926121,High Risk - High Value,Priority retention offer
Female,Yes,No,No,Yes,Yes,Fiber optic,No,Yes,Yes,No,No,Yes,Month-to-month,Yes,Electronic check,94.1,1782.4,Yes,1,1,0,1,1,0,0,1,5,Below 3 years,0.7895377,1407.2720460891724,High Risk - High Value,Priority retention offer
Male,No,No,No,Yes,No,Fiber optic,No,Yes,No,Yes,Yes,Yes,Month-to-month,No,Electronic check,100.55,4398.15,Yes,1,0,0,1,0,1,1,1,5,Below 5 years,0.6187283,2721.259784978628,Medium Risk,Promote security service
Female,No,Yes,Yes,Yes,No,Fiber optic,No,No,Yes,No,No,No,Two year,No,Electronic check,76.05,5436.45,No,1,0,0,0,1,0,0,0,2,oldest Customers,0.18879506,1026.37490349859,Low Risk,Promote security service
Male,Yes,Yes,No,Yes,Yes,Fiber optic,Yes,No,No,No,Yes,Yes,Month-to-month,No,Electronic check,101.85,4086.3,Yes,1,1,1,0,0,0,1,1,5,Below 5 years,0.71186996,2908.9141973733904,High Risk - High Value,Priority retention offer
Male,Yes,No,No,Yes,Yes,Fiber optic,No,No,No,No,No,No,Month-to-month,Yes,Electronic check,73.65,73.65,Yes,1,1,0,0,0,0,0,0,2,Below 1 year,0.91136897,67.1223243534565,High Risk - New Customer,Onboarding intervention
Male,No,Yes,Yes,Yes,No,Fiber optic,No,No,No,No,Yes,No,Month-to-month,No,Electronic check,78.3,2564.3,Yes,1,0,0,0,0,0,1,0,2,Below 3 years,0.71571785,1835.315288180113,High Risk - High Value,Priority retention offer
Male,No,No,No,Yes,Yes,DSL,No,No,Yes,No,No,No,Month-to-month,No,Electronic check,53.75,608.0,Yes,1,1,0,0,1,0,0,0,3,Below 1 year,0.64699143,393.3707904815674,Medium Risk,Promote security service
Male,No,No,No,Yes,No,Fiber optic,No,No,No,No,No,No,Month-to-month,Yes,Mailed check,69.05,1793.25,No,1,0,0,0,0,0,0,0,1,Below 3 years,0.4826307,865.4775025472045,Medium Risk,Promote security service
Female,No,No,Yes,Yes,No,Fiber optic,No,No,No,No,Yes,No,Month-to-month,Yes,Electronic check,79.35,79.35,Yes,1,0,0,0,0,0,1,0,2,Below 1 year,0.91968423,72.9769437521696,High Risk - High Value,Priority retention offer
Female,No,No,No,Yes,Yes,DSL,No,No,Yes,No,No,Yes,Month-to-month,Yes,Credit card (automatic),65.2,1043.35,Yes,1,1,0,0,1,0,0,1,4,Below 3 years,0.525616,548.4014433354139,Medium Risk,Promote security service
Male,No,Yes,Yes,No,No phone service,DSL,No,Yes,Yes,Yes,Yes,Yes,One year,Yes,Credit card (automatic),60.0,1682.05,No,0,0,0,1,1,1,1,1,5,Below 3 years,0.2537418,426.8063960105181,Low Risk,Promote security service
Male,No,Yes,No,Yes,Yes,Fiber optic,Yes,No,No,No,No,Yes,Month-to-month,Yes,Electronic check,88.05,801.3,No,1,1,1,0,0,0,0,1,4,Below 1 year,0.7566937,606.3386784911155,High Risk - High Value,Priority retention offer
Male,No,No,No,Yes,No,Fiber optic,No,No,Yes,No,No,Yes,Month-to-month,Yes,Electronic check,85.85,167.3,Yes,1,0,0,0,1,0,0,1,3,Below 1 year,0.90133417,150.79320605993271,High Risk - High Value,Priority retention offer
Female,No,Yes,Yes,Yes,Yes,Fiber optic,No,Yes,Yes,No,Yes,Yes,Month-to-month,Yes,Credit card (automatic),102.1,1068.85,Yes,1,1,0,1,1,0,1,1,6,Below 1 year,0.8052916,860.7359192579984,High Risk - High Value,Priority retention offer
Female,Yes,No,No,Yes,No,DSL,Yes,Yes,No,Yes,Yes,No,Two year,Yes,Credit card (automatic),70.2,4481.0,Yes,1,0,1,1,0,1,1,0,5,oldest Customers,0.10829215,485.2571130245924,Low Risk,Standard engagement
Male,No,Yes,No,Yes,No,Fiber optic,Yes,Yes,No,No,No,No,Month-to-month,Yes,Electronic check,79.45,3013.05,Yes,1,0,1,1,0,0,0,0,3,Below 5 years,0.5826764,1755.633159184456,Medium Risk,Offer technical support
Male,No,No,No,Yes,Yes,Fiber optic,No,No,No,No,Yes,Yes,Month-to-month,Yes,Electronic check,96.8,5283.95,Yes,1,1,0,0,0,0,1,1,4,Below 5 years,0.71596867,3783.1426457136868,High Risk - High Value,Priority retention offer
Male,No,Yes,Yes,Yes,No,No,No internet service,No internet service,No internet service,No internet service,No internet service,No internet service,One year,No,Credit card (automatic),19.6,678.8,No,1,0,0,0,0,0,0,0,1,Below 3 years,0.09453889,64.17299841344357,Low Risk,Standard engagement
Female,Yes,No,No,Yes,Yes,Fiber optic,No,Yes,No,No,No,No,Month-to-month,Yes,Credit card (automatic),80.45,5224.35,Yes,1,1,0,1,0,0,0,0,3,oldest Customers,0.46490315,2428.8167509540917,Medium Risk,Promote security service
Male,No,Yes,Yes,Yes,No,DSL,Yes,Yes,No,No,No,No,Month-to-month,No,Mailed check,54.5,2301.15,No,1,0,1,1,0,0,0,0,3,Below 5 years,0.2703177,622.0415833756327,Low Risk,Offer technical support
Male,No,Yes,Yes,Yes,No,Fiber optic,Yes,Yes,No,No,No,No,One year,Yes,Credit card (automatic),81.45,4983.05,No,1,0,1,1,0,0,0,0,3,oldest Customers,0.15069243,750.907928852737,Low Risk,Offer technical support
Male,No,No,No,Yes,Yes,Fiber optic,Yes,No,No,No,Yes,Yes,Month-to-month,No,Electronic check,98.55,1008.55,Yes,1,1,1,0,0,0,1,1,5,Below 1 year,0.80592465,812.8153097987174,High Risk - High Value,Priority retention offer
Male,No,No,No,Yes,Yes,No,No internet service,No internet service,No internet service,No internet service,No internet service,No internet service,Two year,No,Mailed check,24.6,1279.0,No,1,1,0,0,0,0,0,0,2,Below 5 years,0.053393133,68.28981708735228,Low Risk,Standard engagement
Male,No,Yes,Yes,Yes,No,No,No internet service,No internet service,No internet service,No internet service,No internet service,No internet service,One year,Yes,Bank transfer (automatic),20.5,865.05,No,1,0,0,0,0,0,0,0,1,Below 5 years,0.09532721,82.46280595734714,Low Risk,Standard engagement
Female,No,Yes,No,Yes,Yes,No,No internet service,No internet service,No internet service,No internet service,No internet service,No internet service,Two year,No,Credit card (automatic),25.0,1849.2,No,1,1,0,0,0,0,0,0,2,oldest Customers,0.047580786,87.9863895624876,Low Risk,Standard engagement
Male,Yes,No,No,Yes,Yes,Fiber optic,No,No,Yes,No,Yes,No,Month-to-month,No,Electronic check,91.05,289.1,Yes,1,1,0,0,1,0,1,0,4,Below 1 year,0.8781787,253.8814667105675,High Risk - High Value,Priority retention offer
Male,No,No,Yes,Yes,No,No,No internet service,No internet service,No internet service,No internet service,No internet service,No internet service,Month-to-month,No,Mailed check,19.25,19.25,Yes,1,0,0,0,0,0,0,0,1,Below 1 year,0.47165155,9.07929241657257,Medium Risk,Promote long-term contract
Female,No,Yes,Yes,Yes,No,No,No internet service,No internet service,No internet service,No internet service,No internet service,No internet service,Month-to-month,No,Mailed check,19.45,19.45,Yes,1,0,0,0,0,0,0,0,1,Below 1 year,0.5015667,9.755472472310066,Medium Risk,Promote long-term contract
Male,No,Yes,Yes,Yes,No,No,No internet service,No internet service,No internet service,No internet service,No internet service,No internet service,Two year,Yes,Bank transfer (automatic),19.95,1303.25,No,1,0,0,0,0,0,0,0,1,oldest Customers,0.044929076,58.55381827894598,Low Risk,Standard engagement
Female,No,No,No,Yes,No,No,No internet service,No internet service,No internet service,No internet service,No internet service,No internet service,Month-to-month,No,Mailed check,19.15,19.15,No,1,0,0,0,0,0,0,0,1,Below 1 year,0.4782935,9.15932068377733,Medium Risk,Promote long-term contract
Female,No,No,No,Yes,No,No,No internet service,No internet service,No internet service,No internet service,No internet service,No internet service,Month-to-month,No,Credit card (automatic),19.55,19.55,No,1,0,0,0,0,0,0,0,1,Below 1 year,0.5270032,10.302913120388984,Medium Risk,Promote long-term contract
Male,No,No,No,Yes,No,Fiber optic,No,No,No,No,Yes,Yes,Month-to-month,Yes,Electronic check,90.35,2238.5,Yes,1,0,0,0,0,0,1,1,3,Below 3 years,0.7960833,1782.0324032604694,High Risk - High Value,Priority retention offer
Male,No,No,No,Yes,No,No,No internet service,No internet service,No internet service,No internet service,No internet service,No internet service,Month-to-month,Yes,Mailed check,18.85,18.85,Yes,1,0,0,0,0,0,0,0,1,Below 1 year,0.5562641,10.485578331351281,Medium Risk,Promote long-term contract
Male,No,Yes,No,Yes,No,DSL,No,No,Yes,No,No,No,Month-to-month,Yes,Mailed check,49.55,878.35,Yes,1,0,0,0,1,0,0,0,2,Below 3 years,0.38720396,340.10059968084096,Low Risk,Promote security service
Female,No,Yes,Yes,Yes,No,No,No internet service,No internet service,No internet service,No internet service,No internet service,No internet service,Two year,No,Bank transfer (automatic),20.4,478.75,No,1,0,0,0,0,0,0,0,1,Below 3 years,0.05520937,26.431485153734684,Low Risk,Standard engagement
Male,Yes,Yes,No,No,No phone service,DSL,No,Yes,Yes,No,No,Yes,Month-to-month,Yes,Electronic check,45.3,2651.2,Yes,0,0,0,1,1,0,0,1,3,Below 5 years,0.5874331,1557.4026340484618,Medium Risk,Promote security service
Female,No,Yes,Yes,Yes,Yes,Fiber optic,Yes,Yes,Yes,No,Yes,Yes,Two year,No,Credit card (automatic),109.7,8129.3,No,1,1,1,1,1,0,1,1,7,oldest Customers,0.08451641,687.059280345589,Low Risk,Offer technical support
Male,No,No,No,Yes,No,DSL,No,Yes,No,No,No,No,Month-to-month,Yes,Electronic check,50.75,50.75,Yes,1,0,0,1,0,0,0,0,2,Below 1 year,0.8507063,43.17334367334843,High Risk - New Customer,Onboarding intervention
Male,No,No,No,No,No phone service,DSL,No,No,No,No,No,No,Month-to-month,Yes,Mailed check,24.45,24.45,Yes,0,0,0,0,0,0,0,0,0,Below 1 year,0.74309105,18.168576094508172,High Risk - New Customer,Onboarding intervention
Female,Yes,No,No,Yes,No,DSL,No,No,No,No,No,No,Month-to-month,No,Mailed check,45.1,45.1,Yes,1,0,0,0,0,0,0,0,1,Below 1 year,0.7869603,35.4919097006321,High Risk - New Customer,Onboarding intervention
Female,No,Yes,Yes,No,No phone service,DSL,Yes,Yes,No,Yes,Yes,No,Two year,No,Bank transfer (automatic),48.7,3008.55,No,0,0,1,1,0,1,1,0,4,oldest Customers,0.06320309,190.1496532279998,Low Risk,Standard engagement
Female,No,No,No,Yes,No,Fiber optic,No,Yes,No,Yes,Yes,Yes,Two year,Yes,Mailed check,100.2,5038.45,No,1,0,0,1,0,1,1,1,5,Below 5 years,0.21411768,1078.8212047412992,Low Risk,Promote security service
Female,No,No,No,Yes,No,Fiber optic,No,No,No,No,No,No,Month-to-month,Yes,Electronic check,70.1,70.1,Yes,1,0,0,0,0,0,0,0,1,Below 1 year,0.9074568,63.61272274851798,High Risk - New Customer,Onboarding intervention
Male,No,No,No,Yes,No,DSL,No,No,No,No,No,No,Month-to-month,Yes,Credit card (automatic),44.85,435.4,Yes,1,0,0,0,0,0,0,0,1,Below 1 year,0.48754627,212.27764383554458,Medium Risk,Promote security service
Female,No,No,No,Yes,No,DSL,Yes,Yes,No,No,No,No,Month-to-month,No,Electronic check,55.35,165.2,Yes,1,0,1,1,0,0,0,0,3,Below 1 year,0.61021006,100.80670208930968,Medium Risk,Offer technical support
Female,No,No,No,Yes,No,Fiber optic,No,No,No,No,No,Yes,Month-to-month,No,Electronic check,80.75,159.45,Yes,1,0,0,0,0,0,0,1,2,Below 1 year,0.8882846,141.6369832366705,High Risk - High Value,Priority retention offer
Female,No,No,No,Yes,Yes,Fiber optic,No,No,No,Yes,Yes,No,Month-to-month,Yes,Electronic check,90.0,1993.8,Yes,1,1,0,0,0,1,1,0,4,Below 3 years,0.70346344,1402.5653970479964,High Risk - High Value,Priority retention offer
Male,No,No,No,Yes,Yes,No,No internet service,No internet service,No internet service,No internet service,No internet service,No internet service,One year,No,Electronic check,24.6,592.65,No,1,1,0,0,0,0,0,0,2,Below 3 years,0.13409863,79.47355551347137,Low Risk,Standard engagement
Female,No,Yes,Yes,Yes,No,No,No internet service,No internet service,No internet service,No internet service,No internet service,No internet service,Month-to-month,No,Bank transfer (automatic),19.2,702.9,No,1,0,0,0,0,0,0,0,1,Below 5 years,0.20772919,146.0128480643034,Low Risk,Promote long-term contract
Male,No,No,No,No,No phone service,DSL,Yes,Yes,No,Yes,No,No,Two year,Yes,Mailed check,40.55,1390.85,No,0,0,1,1,0,1,0,0,3,Below 5 years,0.07247411,100.80061192438006,Low Risk,Standard engagement
Female,Yes,No,No,Yes,Yes,Fiber optic,No,Yes,No,No,Yes,Yes,Month-to-month,Yes,Electronic check,99.7,2967.35,Yes,1,1,0,1,0,0,1,1,5,Below 3 years,0.8233578,2443.190828692913,High Risk - High Value,Priority retention offer
Male,No,Yes,No,Yes,No,Fiber optic,No,No,Yes,No,Yes,Yes,One year,Yes,Electronic check,95.8,3036.75,Yes,1,0,0,0,1,0,1,1,4,Below 3 years,0.49358737,1498.9014600813389,Medium Risk,Promote security service
Male,No,No,No,Yes,No,DSL,No,No,No,No,No,No,Month-to-month,Yes,Mailed check,45.0,96.45,Yes,1,0,0,0,0,0,0,0,1,Below 1 year,0.7540203,72.72525539696217,High Risk - New Customer,Onboarding intervention
Male,No,Yes,No,Yes,Yes,No,No internet service,No internet service,No internet service,No internet service,No internet service,No internet service,Two year,No,Credit card (automatic),25.75,1864.2,No,1,1,0,0,0,0,0,0,2,oldest Customers,0.049014993,91.37374997287989,Low Risk,Standard engagement
Male,Yes,No,No,Yes,No,Fiber optic,No,Yes,No,No,No,No,Month-to-month,Yes,Electronic check,74.5,606.55,Yes,1,0,0,1,0,0,0,0,2,Below 1 year,0.81452435,494.0497460395097,High Risk - New Customer,Onboarding intervention
Female,No,Yes,No,Yes,Yes,Fiber optic,No,Yes,No,Yes,No,Yes,Two year,Yes,Bank transfer (automatic),94.35,5703.0,No,1,1,0,1,0,1,0,1,5,oldest Customers,0.19795796,1128.954261571169,Low Risk,Promote security service
Female,No,No,No,Yes,Yes,No,No internet service,No internet service,No internet service,No internet service,No internet service,No internet service,Two year,No,Credit card (automatic),24.75,692.1,Yes,1,1,0,0,0,0,0,0,2,Below 3 years,0.06607769,45.73236706629395,Low Risk,Standard engagement
Male,Yes,No,No,No,No phone service,DSL,No,Yes,No,No,Yes,Yes,Month-to-month,Yes,Electronic check,49.15,2550.9,Yes,0,0,0,1,0,0,1,1,3,Below 5 years,0.67853683,1730.8796055972578,Medium Risk,Promote security service
Female,No,Yes,No,Yes,No,No,No internet service,No internet service,No internet service,No internet service,No internet service,No internet service,One year,No,Electronic check,19.7,1140.05,No,1,0,0,0,0,0,0,0,1,Below 5 years,0.11182161,127.48222278133034,Low Risk,Standard engagement
Female,No,No,No,Yes,No,No,No internet service,No internet service,No internet service,No internet service,No internet service,No internet service,Month-to-month,No,Bank transfer (automatic),19.9,601.55,No,1,0,0,0,0,0,0,0,1,Below 3 years,0.20376052,122.57214057967066,Low Risk,Promote long-term contract
Male,No,Yes,Yes,Yes,Yes,Fiber optic,Yes,No,Yes,No,Yes,Yes,Month-to-month,No,Credit card (automatic),105.95,5341.8,Yes,1,1,1,0,1,0,1,1,6,Below 5 years,0.54816145,2928.168817842007,Medium Risk,Offer technical support
Female,No,Yes,Yes,Yes,No,DSL,No,No,No,No,Yes,No,Month-to-month,No,Electronic check,56.15,2499.3,Yes,1,0,0,0,0,0,1,0,2,Below 5 years,0.5720178,1429.644059765339,Medium Risk,Promote security service
Male,No,Yes,Yes,Yes,No,No,No internet service,No internet service,No internet service,No internet service,No internet service,No internet service,Month-to-month,Yes,Credit card (automatic),20.05,218.5,No,1,0,0,0,0,0,0,0,1,Below 1 year,0.24250105,52.986479476094246,Low Risk,Promote long-term contract
Male,No,Yes,No,Yes,No,Fiber optic,No,Yes,Yes,No,No,Yes,Month-to-month,Yes,Electronic check,91.0,531.0,Yes,1,0,0,1,1,0,0,1,4,Below 1 year,0.85840213,455.8115326166153,High Risk - High Value,Priority retention offer
Female,No,No,No,Yes,Yes,Fiber optic,No,No,No,No,No,Yes,Month-to-month,Yes,Electronic check,86.55,1066.9,No,1,1,0,0,0,0,0,1,3,Below 3 years,0.85670704,914.0207372367382,High Risk - High Value,Priority retention offer
Female,No,Yes,Yes,Yes,Yes,DSL,Yes,Yes,No,Yes,Yes,Yes,Two year,Yes,Credit card (automatic),85.3,4107.25,No,1,1,1,1,0,1,1,1,7,Below 5 years,0.06509945,267.37970765680075,Low Risk,Standard engagement
Male,No,No,No,Yes,No,Fiber optic,No,No,No,Yes,No,Yes,One year,Yes,Credit card (automatic),87.7,1725.95,No,1,0,0,0,0,1,0,1,3,Below 3 years,0.32670254,563.8722405463458,Low Risk,Promote security service
Male,No,No,No,Yes,No,Fiber optic,No,Yes,No,No,No,No,Month-to-month,No,Electronic check,74.95,151.75,No,1,0,0,1,0,0,0,0,2,Below 1 year,0.80993056,122.90696293115616,High Risk - High Value,Priority retention offer
Male,Yes,No,No,Yes,No,Fiber optic,No,No,No,No,Yes,Yes,Month-to-month,No,Credit card (automatic),90.45,1266.1,Yes,1,0,0,0,0,0,1,1,3,Below 3 years,0.7692099,973.896681433916,High Risk - High Value,Priority retention offer
Female,Yes,No,No,Yes,Yes,Fiber optic,No,No,No,No,No,No,Month-to-month,Yes,Electronic check,74.2,74.2,Yes,1,1,0,0,0,0,0,0,2,Below 1 year,0.9115024,67.63347963094712,High Risk - New Customer,Onboarding intervention
Female,No,No,No,Yes,No,No,No internet service,No internet service,No internet service,No internet service,No internet service,No internet service,Month-to-month,Yes,Credit card (automatic),20.15,68.45,No,1,0,0,0,0,0,0,0,1,Below 1 year,0.3736173,25.57410359978676,Low Risk,Promote long-term contract
Female,No,No,No,Yes,Yes,Fiber optic,No,No,No,No,No,No,Month-to-month,Yes,Electronic check,75.9,143.35,Yes,1,1,0,0,0,0,0,0,2,Below 1 year,0.90021574,129.04592704176903,High Risk - High Value,Priority retention offer
Female,No,Yes,Yes,No,No phone service,DSL,Yes,Yes,Yes,Yes,Yes,No,Two year,No,Credit card (automatic),54.2,3623.95,No,0,0,1,1,1,1,1,0,5,oldest Customers,0.06202522,224.77629312723874,Low Risk,Standard engagement
Female,No,No,No,Yes,No,No,No internet service,No internet service,No internet service,No internet service,No internet service,No internet service,One year,No,Mailed check,19.3,228.75,No,1,0,0,0,0,0,0,0,1,Below 3 years,0.115732595,26.473831180483103,Low Risk,Standard engagement
Male,No,Yes,Yes,Yes,No,DSL,Yes,No,Yes,No,No,No,One year,Yes,Credit card (automatic),56.25,1454.25,No,1,0,1,0,1,0,0,0,3,Below 3 years,0.14622197,212.64329340308905,Low Risk,Offer technical support
Male,No,No,No,Yes,No,Fiber optic,No,No,No,No,No,No,Month-to-month,Yes,Credit card (automatic),71.3,157.75,No,1,0,0,0,0,0,0,0,1,Below 1 year,0.79505163,125.4193953126669,High Risk - New Customer,Onboarding intervention
Female,Yes,No,No,Yes,Yes,Fiber optic,No,No,No,No,No,No,Month-to-month,Yes,Electronic check,75.75,606.25,Yes,1,1,0,0,0,0,0,0,2,Below 1 year,0.84862906,514.4813660532236,High Risk - High Value,Priority retention offer
Male,Yes,No,No,Yes,Yes,Fiber optic,Yes,No,No,No,Yes,No,Month-to-month,Yes,Electronic check,90.6,1660.0,Yes,1,1,1,0,0,0,1,0,4,Below 3 years,0.7602168,1261.9598424434662,High Risk - High Value,Priority retention offer
Male,No,No,No,Yes,No,Fiber optic,No,Yes,No,Yes,Yes,No,Month-to-month,No,Mailed check,89.65,2623.65,No,1,0,0,1,0,1,1,0,4,Below 3 years,0.39977917,1048.880621342361,Low Risk,Promote security service
Female,No,Yes,Yes,Yes,No,No,No internet service,No internet service,No internet service,No internet service,No internet service,No internet service,Month-to-month,Yes,Mailed check,19.55,658.95,Yes,1,0,0,0,0,0,0,0,1,Below 3 years,0.18594001,122.52517112866045,Low Risk,Promote long-term contract
Female,No,Yes,No,Yes,Yes,Fiber optic,Yes,Yes,Yes,No,Yes,Yes,Two year,Yes,Bank transfer (automatic),109.45,6144.55,Yes,1,1,1,1,1,0,1,1,7,Below 5 years,0.28828683,1771.3928717240692,Low Risk,Offer technical support
Female,No,No,No,Yes,No,Fiber optic,No,No,No,No,Yes,Yes,Month-to-month,No,Electronic check,90.6,90.6,Yes,1,0,0,0,0,0,1,1,3,Below 1 year,0.9137602,82.78667278289794,High Risk - High Value,Priority retention offer
Male,No,Yes,No,Yes,No,Fiber optic,No,Yes,No,No,Yes,No,Month-to-month,Yes,Credit card (automatic),85.3,4297.95,No,1,0,0,1,0,0,1,0,3,Below 5 years,0.47474977,2040.4507900491355,Medium Risk,Promote security service
Female,No,Yes,Yes,Yes,No,No,No internet service,No internet service,No internet service,No internet service,No internet service,No internet service,Month-to-month,Yes,Electronic check,19.9,19.9,Yes,1,0,0,0,0,0,0,0,1,Below 1 year,0.6408449,12.75281314253807,Medium Risk,Promote long-term contract
Male,No,Yes,No,Yes,Yes,Fiber optic,Yes,No,Yes,Yes,Yes,Yes,Two year,Yes,Credit card (automatic),111.9,8071.05,No,1,1,1,0,1,1,1,1,7,oldest Customers,0.11710676,945.1744996245951,Low Risk,Standard engagement
Male,No,Yes,Yes,Yes,No,DSL,Yes,Yes,No,Yes,Yes,Yes,Two year,No,Bank transfer (automatic),82.85,5776.45,No,1,0,1,1,0,1,1,1,6,oldest Customers,0.08028044,463.7359364636242,Low Risk,Standard engagement
Male,No,No,No,Yes,No,Fiber optic,Yes,Yes,Yes,Yes,Yes,Yes,One year,No,Credit card (automatic),112.2,5031.85,No,1,0,1,1,1,1,1,1,7,Below 5 years,0.34727257,1747.4235060185194,Low Risk,Standard engagement
Male,No,No,No,Yes,No,DSL,No,No,No,No,No,No,Month-to-month,Yes,Mailed check,45.05,45.05,Yes,1,0,0,0,0,0,0,0,1,Below 1 year,0.8092262,36.45564098060131,High Risk - New Customer,Onboarding intervention
Female,No,No,No,Yes,No,No,No internet service,No internet service,No internet service,No internet service,No internet service,No internet service,Month-to-month,Yes,Mailed check,20.55,33.6,No,1,0,0,0,0,0,0,0,1,Below 1 year,0.46935531,15.770338582992554,Medium Risk,Promote long-term contract
Male,Yes,Yes,No,Yes,Yes,Fiber optic,No,Yes,No,No,No,Yes,Month-to-month,No,Credit card (automatic),90.05,4547.25,Yes,1,1,0,1,0,0,0,1,4,Below 5 years,0.53809583,2446.8562714755535,Medium Risk,Promote security service
Female,Yes,No,No,Yes,Yes,Fiber optic,No,Yes,Yes,Yes,Yes,Yes,Month-to-month,Yes,Electronic check,110.45,3655.45,Yes,1,1,0,1,1,1,1,1,7,Below 3 years,0.70788616,2587.642461451888,High Risk - High Value,Priority retention offer
Female,Yes,No,No,Yes,Yes,Fiber optic,Yes,Yes,Yes,No,Yes,Yes,One year,Yes,Electronic check,108.35,3726.15,No,1,1,1,1,1,0,1,1,7,Below 3 years,0.44431695,1655.5916159883143,Medium Risk,Offer technical support
Male,Yes,Yes,No,Yes,No,Fiber optic,No,No,No,No,No,No,Month-to-month,No,Bank transfer (automatic),70.45,849.1,No,1,0,0,0,0,0,0,0,1,Below 3 years,0.64530337,547.9270902514457,Medium Risk,Promote security service
Female,No,Yes,No,Yes,Yes,Fiber optic,Yes,Yes,Yes,No,Yes,No,Two year,No,Bank transfer (automatic),100.65,7334.05,No,1,1,1,1,1,0,1,0,6,oldest Customers,0.0961081,704.8616204004735,Low Risk,Offer technical support
Female,No,No,No,Yes,No,Fiber optic,No,No,No,No,No,No,Month-to-month,Yes,Electronic check,70.7,151.65,Yes,1,0,0,0,0,0,0,0,1,Below 1 year,0.87930286,133.34627861380577,High Risk - New Customer,Onboarding intervention
Male,No,Yes,No,Yes,No,No,No internet service,No internet service,No internet service,No internet service,No internet service,No internet service,Two year,Yes,Mailed check,20.05,1036.0,No,1,0,0,0,0,0,0,0,1,Below 5 years,0.04889179,50.65189465880394,Low Risk,Standard engagement
Female,No,Yes,Yes,Yes,No,DSL,Yes,No,No,No,No,No,Two year,Yes,Bank transfer (automatic),50.65,3221.25,No,1,0,1,0,0,0,0,0,2,oldest Customers,0.069425575,223.63713487051427,Low Risk,Offer technical support
Male,No,No,No,No,No phone service,DSL,No,No,Yes,Yes,Yes,Yes,One year,No,Credit card (automatic),54.9,3045.75,No,0,0,0,0,1,1,1,1,4,Below 5 years,0.22320336,679.8216368705034,Low Risk,Promote security service
Female,No,No,No,Yes,Yes,Fiber optic,No,Yes,Yes,No,Yes,No,One year,Yes,Bank transfer (automatic),94.75,5121.75,No,1,1,0,1,1,0,1,0,5,Below 5 years,0.2810011,1439.217337846756,Low Risk,Promote security service
Male,No,No,No,Yes,No,No,No internet service,No internet service,No internet service,No internet service,No internet service,No internet service,One year,No,Mailed check,19.6,422.5,No,1,0,0,0,0,0,0,0,1,Below 3 years,0.094632365,39.98217413201928,Low Risk,Standard engagement
Male,No,Yes,Yes,Yes,Yes,No,No internet service,No internet service,No internet service,No internet service,No internet service,No internet service,Two year,No,Bank transfer (automatic),26.3,1245.05,No,1,1,0,0,0,0,0,0,2,Below 5 years,0.05529294,68.84247697629034,Low Risk,Standard engagement
Female,No,No,No,Yes,No,DSL,Yes,Yes,No,Yes,No,No,One year,No,Credit card (automatic),60.5,3870.0,No,1,0,1,1,0,1,0,0,4,oldest Customers,0.12137937,469.7381541877985,Low Risk,Standard engagement
Male,No,No,No,Yes,Yes,Fiber optic,No,No,No,No,Yes,No,Month-to-month,Yes,Electronic check,85.35,758.6,Yes,1,1,0,0,0,0,1,0,3,Below 1 year,0.8619471,653.8730846524239,High Risk - High Value,Priority retention offer
Male,Yes,Yes,No,Yes,Yes,DSL,No,Yes,Yes,No,Yes,No,One year,Yes,Credit card (automatic),71.1,4140.1,No,1,1,0,1,1,0,1,0,5,Below 5 years,0.24236508,1003.4156558588148,Low Risk,Promote security service
Male,No,Yes,No,Yes,Yes,DSL,No,No,No,Yes,Yes,Yes,Two year,Yes,Bank transfer (automatic),75.2,3901.25,No,1,1,0,0,0,1,1,1,5,Below 5 years,0.10376166,404.8001685552299,Low Risk,Promote security service
Female,Yes,No,No,No,No phone service,DSL,No,No,No,No,No,Yes,Month-to-month,Yes,Electronic check,34.7,329.8,Yes,0,0,0,0,0,0,0,1,1,Below 1 year,0.74495095,245.68482335805894,High Risk - New Customer,Onboarding intervention
Male,Yes,No,Yes,Yes,Yes,Fiber optic,Yes,No,No,No,No,No,Month-to-month,Yes,Mailed check,80.45,3162.65,No,1,1,1,0,0,0,0,0,3,Below 5 years,0.47928604,1515.8140097007156,Medium Risk,Offer technical support
Female,No,No,No,Yes,No,DSL,No,No,No,No,No,No,Month-to-month,No,Electronic check,45.8,45.8,Yes,1,0,0,0,0,0,0,0,1,Below 1 year,0.83582735,38.28089265823364,High Risk - New Customer,Onboarding intervention
Male,Yes,Yes,No,Yes,Yes,Fiber optic,Yes,Yes,Yes,No,No,No,Month-to-month,Yes,Electronic check,89.1,5618.3,No,1,1,1,1,1,0,0,0,5,oldest Customers,0.37695876,2117.8673880428078,Low Risk,Offer technical support
Female,No,No,No,Yes,Yes,Fiber optic,No,No,Yes,Yes,Yes,Yes,Two year,Yes,Electronic check,106.6,6428.4,Yes,1,1,0,0,1,1,1,1,6,oldest Customers,0.39488348,2538.4689862847326,Low Risk,Promote security service
Male,No,Yes,No,Yes,Yes,Fiber optic,No,No,Yes,Yes,Yes,Yes,Month-to-month,Yes,Bank transfer (automatic),106.15,4512.7,Yes,1,1,0,0,1,1,1,1,6,Below 5 years,0.59979934,2706.714459067583,Medium Risk,Promote security service
Male,No,No,No,No,No phone service,DSL,No,No,Yes,No,Yes,Yes,Month-to-month,Yes,Electronic check,49.25,90.35,Yes,0,0,0,0,1,0,1,1,3,Below 1 year,0.8625783,77.93394694924353,High Risk - New Customer,Onboarding intervention
Male,Yes,No,No,Yes,Yes,Fiber optic,No,Yes,Yes,No,Yes,Yes,Month-to-month,Yes,Electronic check,106.4,2483.5,Yes,1,1,0,1,1,0,1,1,6,Below 3 years,0.84268034,2092.796612083912,High Risk - High Value,Priority retention offer
Male,No,Yes,No,Yes,No,No,No internet service,No internet service,No internet service,No internet service,No internet service,No internet service,One year,No,Bank transfer (automatic),19.6,189.45,No,1,0,0,0,0,0,0,0,1,Below 1 year,0.12126817,22.97425444498658,Low Risk,Standard engagement
Female,No,No,No,Yes,No,DSL,No,Yes,No,No,No,No,Month-to-month,No,Bank transfer (automatic),50.55,244.75,No,1,0,0,1,0,0,0,0,2,Below 1 year,0.54601157,133.63633105158806,Medium Risk,Promote security service
Female,No,No,No,Yes,No,Fiber optic,No,No,No,No,No,No,Month-to-month,No,Mailed check,70.75,70.75,Yes,1,0,0,0,0,0,0,0,1,Below 1 year,0.8207924,58.07106067240238,High Risk - New Customer,Onboarding intervention
Male,No,Yes,Yes,Yes,Yes,Fiber optic,No,Yes,No,No,Yes,Yes,Two year,No,Bank transfer (automatic),98.3,6859.5,Yes,1,1,0,1,0,0,1,1,5,oldest Customers,0.31808603,2181.9111097455025,Low Risk,Promote security service
Male,Yes,Yes,No,Yes,No,Fiber optic,No,No,No,No,No,No,Month-to-month,No,Mailed check,70.85,70.85,Yes,1,0,0,0,0,0,0,0,1,Below 1 year,0.8250391,58.454019436240195,High Risk - New Customer,Onboarding intervention
Male,No,No,No,Yes,No,No,No internet service,No internet service,No internet service,No internet service,No internet service,No internet service,Month-to-month,Yes,Mailed check,19.8,58.15,Yes,1,0,0,0,0,0,0,0,1,Below 1 year,0.40062568,23.29638305455446,Medium Risk,Promote long-term contract
Female,No,No,Yes,Yes,No,Fiber optic,No,No,No,No,No,No,Month-to-month,No,Bank transfer (automatic),69.0,994.8,Yes,1,0,0,0,0,0,0,0,1,Below 3 years,0.597379,594.2726578474045,Medium Risk,Promote security service
Female,No,Yes,No,Yes,Yes,Fiber optic,No,Yes,Yes,No,Yes,Yes,Month-to-month,Yes,Electronic check,105.3,545.2,Yes,1,1,0,1,1,0,1,1,6,Below 1 year,0.87958986,479.55238931179053,High Risk - High Value,Priority retention offer
Female,Yes,Yes,No,Yes,Yes,Fiber optic,Yes,Yes,No,Yes,Yes,No,Month-to-month,Yes,Bank transfer (automatic),100.5,3653.35,Yes,1,1,1,1,0,1,1,0,6,Below 3 years,0.54253596,1982.0737519294023,Medium Risk,Promote long-term contract
Female,No,Yes,Yes,Yes,No,Fiber optic,No,Yes,No,No,No,Yes,Month-to-month,No,Electronic check,83.3,1845.9,Yes,1,0,0,1,0,0,0,1,3,Below 3 years,0.6784993,1252.4418235480787,Medium Risk,Promote security service
Female,No,No,No,No,No phone service,DSL,Yes,Yes,Yes,Yes,No,Yes,One year,Yes,Electronic check,54.75,2348.45,No,0,0,1,1,1,1,0,1,5,Below 5 years,0.20792452,488.30032727271316,Low Risk,Standard engagement
Male,No,Yes,No,Yes,Yes,Fiber optic,Yes,Yes,Yes,Yes,Yes,Yes,Two year,No,Bank transfer (automatic),115.15,8349.45,No,1,1,1,1,1,1,1,1,8,oldest Customers,0.105361335,879.7091983448714,Low Risk,Standard engagement
Female,Yes,No,No,Yes,No,Fiber optic,Yes,Yes,No,Yes,No,Yes,One year,Yes,Mailed check,96.75,5206.55,No,1,0,1,1,0,1,0,1,5,Below 5 years,0.24536198,1277.4894366294145,Low Risk,Standard engagement
Female,Yes,Yes,No,Yes,Yes,Fiber optic,No,No,Yes,Yes,Yes,Yes,One year,Yes,Electronic check,107.55,4533.9,Yes,1,1,0,0,1,1,1,1,6,Below 5 years,0.5414041,2454.6721762776374,Medium Risk,Promote security service
Male,No,Yes,No,Yes,Yes,Fiber optic,Yes,No,Yes,No,No,Yes,Month-to-month,No,Electronic check,93.9,5029.2,Yes,1,1,1,0,1,0,0,1,5,Below 5 years,0.49448875,2486.8828010201455,Medium Risk,Offer technical support
Female,No,Yes,Yes,No,No phone service,DSL,No,No,No,Yes,No,No,Month-to-month,Yes,Mailed check,31.0,95.05,Yes,0,0,0,0,0,1,0,0,1,Below 1 year,0.60475934,57.482374840974806,Medium Risk,Promote security service
Female,No,Yes,No,No,No phone service,DSL,No,No,No,No,Yes,Yes,Month-to-month,Yes,Electronic check,43.95,2007.85,No,0,0,0,0,0,0,1,1,2,Below 5 years,0.6122504,1229.3069408804179,Medium Risk,Promote security service
Male,No,No,No,Yes,No,No,No internet service,No internet service,No internet service,No internet service,No internet service,No internet service,One year,No,Credit card (automatic),19.3,28.3,Yes,1,0,0,0,0,0,0,0,1,Below 1 year,0.20058264,5.676488666236401,Low Risk,Standard engagement
Male,No,No,No,No,No phone service,DSL,Yes,Yes,No,No,No,Yes,Month-to-month,Yes,Bank transfer (automatic),46.3,2546.85,No,0,0,1,1,0,0,0,1,3,Below 5 years,0.3533564,899.9457249060273,Low Risk,Offer technical support
Female,No,Yes,Yes,Yes,Yes,No,No internet service,No internet service,No internet service,No internet service,No internet service,No internet service,Two year,No,Mailed check,25.25,1211.65,No,1,1,0,0,0,0,0,0,2,Below 5 years,0.05462298,66.18393577355891,Low Risk,Standard engagement
Male,No,No,No,Yes,No,DSL,No,No,No,No,No,No,Month-to-month,Yes,Mailed check,45.85,45.85,Yes,1,0,0,0,0,0,0,0,1,Below 1 year,0.8123098,37.244404402375224,High Risk - New Customer,Onboarding intervention
Male,No,No,No,Yes,Yes,Fiber optic,No,No,No,No,No,No,Month-to-month,No,Electronic check,75.25,3017.65,Yes,1,1,0,0,0,0,0,0,2,Below 5 years,0.6951761,2097.798232316971,Medium Risk,Promote security service
Male,No,No,No,Yes,No,Fiber optic,No,Yes,Yes,No,No,Yes,Month-to-month,Yes,Credit card (automatic),90.95,1612.2,No,1,0,0,1,1,0,0,1,4,Below 3 years,0.6474046,1043.74571403265,Medium Risk,Promote security service
Female,No,No,No,Yes,Yes,Fiber optic,Yes,Yes,No,No,Yes,No,Month-to-month,Yes,Electronic check,94.4,1617.5,Yes,1,1,1,1,0,0,1,0,5,Below 3 years,0.74888957,1211.3288721442223,High Risk - High Value,Priority retention offer
Male,Yes,No,No,Yes,Yes,Fiber optic,No,Yes,No,No,No,No,Month-to-month,Yes,Credit card (automatic),80.55,1411.65,No,1,1,0,1,0,0,0,0,3,Below 3 years,0.61121404,862.8203019797802,Medium Risk,Promote security service
Female,No,No,No,Yes,Yes,Fiber optic,No,No,No,No,No,No,Month-to-month,Yes,Electronic check,76.05,2227.8,No,1,1,0,0,0,0,0,0,2,Below 3 years,0.7234526,1611.7077638983728,High Risk - High Value,Priority retention offer
Female,No,Yes,No,Yes,Yes,Fiber optic,No,No,Yes,Yes,No,No,Month-to-month,Yes,Electronic check,84.3,3588.4,Yes,1,1,0,0,1,1,0,0,4,Below 5 years,0.5729963,2056.139988732338,Medium Risk,Promote security service
Female,No,No,No,Yes,No,Fiber optic,No,No,Yes,No,No,Yes,Month-to-month,Yes,Mailed check,86.2,178.7,Yes,1,0,0,0,1,0,0,1,3,Below 1 year,0.85557425,152.8911185145378,High Risk - High Value,Priority retention offer
Female,Yes,No,No,Yes,Yes,Fiber optic,No,No,No,No,Yes,Yes,Month-to-month,Yes,Electronic check,96.15,1529.2,Yes,1,1,0,0,0,0,1,1,4,Below 3 years,0.86562866,1323.7193464517593,High Risk - High Value,Priority retention offer
Male,Yes,No,No,Yes,No,Fiber optic,No,No,No,No,Yes,No,Month-to-month,Yes,Electronic check,79.7,497.6,No,1,0,0,0,0,0,1,0,2,Below 1 year,0.8526704,424.28877687454224,High Risk - High Value,Priority retention offer
Male,No,No,No,Yes,Yes,DSL,No,No,No,No,No,No,Month-to-month,No,Mailed check,49.0,1291.35,No,1,1,0,0,0,0,0,0,2,Below 3 years,0.32840785,424.0894820585847,Low Risk,Promote security service
Male,No,Yes,Yes,Yes,Yes,Fiber optic,No,No,No,No,Yes,No,Month-to-month,Yes,Electronic check,83.75,2070.6,Yes,1,1,0,0,0,0,1,0,3,Below 3 years,0.7740682,1602.7855667710303,High Risk - High Value,Priority retention offer
Male,No,No,No,No,No phone service,DSL,No,No,Yes,Yes,Yes,Yes,Two year,No,Bank transfer (automatic),56.75,1304.85,No,0,0,0,0,1,1,1,1,4,Below 3 years,0.10015791,130.69104768298564,Low Risk,Promote security service
Male,No,No,No,Yes,No,Fiber optic,No,No,Yes,No,Yes,Yes,Month-to-month,Yes,Electronic check,94.7,740.3,Yes,1,0,0,0,1,0,1,1,4,Below 1 year,0.8611705,637.5244994699955,High Risk - High Value,Priority retention offer
Female,Yes,No,No,Yes,No,Fiber optic,No,No,Yes,No,No,No,Month-to-month,Yes,Bank transfer (automatic),75.3,75.3,Yes,1,0,0,0,1,0,0,0,2,Below 1 year,0.881678,66.39035228490829,High Risk - High Value,Priority retention offer
Female,No,Yes,No,Yes,No,Fiber optic,No,Yes,Yes,No,Yes,Yes,Month-to-month,No,Electronic check,101.15,842.9,Yes,1,0,0,1,1,0,1,1,5,Below 1 year,0.81584966,687.679679954052,High Risk - High Value,Priority retention offer
Female,No,No,No,Yes,No,Fiber optic,No,Yes,Yes,Yes,Yes,Yes,One year,Yes,Electronic check,105.65,443.9,Yes,1,0,0,1,1,1,1,1,6,Below 1 year,0.60810393,269.93733494877813,Medium Risk,Promote security service
Male,Yes,Yes,No,Yes,Yes,Fiber optic,No,No,No,No,Yes,Yes,Month-to-month,Yes,Bank transfer (automatic),95.6,644.35,Yes,1,1,0,0,0,0,1,1,4,Below 1 year,0.8626958,555.878047221899,High Risk - High Value,Priority retention offer
Female,No,Yes,Yes,Yes,No,DSL,Yes,Yes,Yes,Yes,Yes,Yes,Two year,No,Mailed check,84.75,2839.45,No,1,0,1,1,1,1,1,1,7,Below 3 years,0.07249367,205.8421580135822,Low Risk,Standard engagement
Female,No,Yes,No,Yes,Yes,Fiber optic,No,Yes,Yes,Yes,Yes,Yes,One year,Yes,Bank transfer (automatic),111.8,5809.75,No,1,1,0,1,1,1,1,1,7,Below 5 years,0.47806883,2777.4603768587112,Medium Risk,Promote security service
Male,No,Yes,No,Yes,Yes,Fiber optic,Yes,Yes,Yes,Yes,Yes,No,Month-to-month,Yes,Electronic check,106.75,6252.9,Yes,1,1,1,1,1,1,1,0,7,Below 5 years,0.5097064,3187.1430108904838,Medium Risk,Promote long-term contract
Male,Yes,No,No,Yes,Yes,Fiber optic,No,Yes,No,No,Yes,No,Month-to-month,Yes,Electronic check,89.5,2196.15,Yes,1,1,0,1,0,0,1,0,4,Below 3 years,0.8026684,1762.78019053638,High Risk - High Value,Priority retention offer
Female,No,Yes,Yes,Yes,No,DSL,Yes,Yes,Yes,No,No,No,Month-to-month,No,Mailed check,61.15,1422.05,Yes,1,0,1,1,1,0,0,0,4,Below 3 years,0.29088208,413.64886299222707,Low Risk,Offer technical support
Male,No,Yes,Yes,Yes,No,Fiber optic,No,No,Yes,No,Yes,Yes,Month-to-month,Yes,Electronic check,94.75,759.55,No,1,0,0,0,1,0,1,1,4,Below 1 year,0.84759486,643.7906737983226,High Risk - High Value,Priority retention offer
Female,No,Yes,Yes,Yes,No,Fiber optic,No,No,No,No,Yes,Yes,Month-to-month,Yes,Electronic check,90.8,2361.8,Yes,1,0,0,0,0,0,1,1,3,Below 3 years,0.7821992,1847.3980799317362,High Risk - High Value,Priority retention offer
Female,No,No,No,Yes,Yes,Fiber optic,No,Yes,No,No,Yes,No,Month-to-month,Yes,Electronic check,89.75,552.65,No,1,1,0,1,0,0,1,0,4,Below 1 year,0.8827341,487.8430113583803,High Risk - High Value,Priority retention offer
Female,No,Yes,Yes,Yes,Yes,Fiber optic,Yes,Yes,Yes,Yes,Yes,Yes,Two year,Yes,Credit card (automatic),113.05,7869.05,No,1,1,1,1,1,1,1,1,8,oldest Customers,0.15191862,1195.4552156969905,Low Risk,Standard engagement
Male,No,Yes,Yes,Yes,Yes,DSL,No,No,No,Yes,Yes,Yes,One year,Yes,Bank transfer (automatic),73.45,2661.1,No,1,1,0,0,0,1,1,1,5,Below 3 years,0.34225038,910.7624780744314,Low Risk,Promote security service
Male,No,Yes,Yes,Yes,No,No,No internet service,No internet service,No internet service,No internet service,No internet service,No internet service,Month-to-month,No,Mailed check,18.85,84.2,No,1,0,0,0,0,0,0,0,1,Below 1 year,0.27584207,23.225902342796328,Low Risk,Promote long-term contract
Female,Yes,No,No,Yes,Yes,Fiber optic,No,Yes,Yes,No,Yes,Yes,One year,No,Bank transfer (automatic),108.1,7238.6,No,1,1,0,1,1,0,1,1,6,oldest Customers,0.46643284,3376.3207529604438,Medium Risk,Promote security service
Male,No,Yes,Yes,Yes,No,No,No internet service,No internet service,No internet service,No internet service,No internet service,No internet service,Two year,No,Bank transfer (automatic),19.8,726.1,No,1,0,0,0,0,0,0,0,1,Below 5 years,0.054057937,39.25146813951433,Low Risk,Standard engagement
Female,No,No,No,Yes,Yes,Fiber optic,No,No,No,No,No,Yes,Month-to-month,Yes,Mailed check,85.45,85.45,Yes,1,1,0,0,0,0,0,1,3,Below 1 year,0.8943285,76.42036818861962,High Risk - High Value,Priority retention offer
Male,No,No,No,Yes,No,DSL,No,No,No,No,Yes,No,Month-to-month,No,Credit card (automatic),53.4,188.7,Yes,1,0,0,0,0,0,1,0,2,Below 1 year,0.69753504,131.6248616695404,Medium Risk,Promote security service
Male,No,No,No,Yes,No,No,No internet service,No internet service,No internet service,No internet service,No internet service,No internet service,Month-to-month,No,Mailed check,20.1,20.1,Yes,1,0,0,0,0,0,0,0,1,Below 1 year,0.5702775,11.462577992677689,Medium Risk,Promote long-term contract
Male,No,Yes,No,Yes,Yes,Fiber optic,No,No,Yes,No,Yes,No,Month-to-month,No,Credit card (automatic),88.65,2683.2,No,1,1,0,0,1,0,1,0,4,Below 3 years,0.5508317,1477.9915517807005,Medium Risk,Promote security service
Female,No,No,No,Yes,No,Fiber optic,No,No,Yes,No,Yes,Yes,Month-to-month,Yes,Electronic check,95.35,660.9,Yes,1,0,0,0,1,0,1,1,4,Below 1 year,0.88441795,584.5118238866329,High Risk - High Value,Priority retention offer
Female,No,Yes,Yes,Yes,Yes,Fiber optic,Yes,Yes,No,No,Yes,No,One year,Yes,Credit card (automatic),94.45,3923.8,No,1,1,1,1,0,0,1,0,5,Below 5 years,0.18926471,742.6368876099586,Low Risk,Offer technical support
Male,No,Yes,Yes,No,No phone service,DSL,Yes,No,Yes,Yes,Yes,No,Two year,No,Credit card (automatic),48.15,2032.3,No,0,0,1,0,1,1,1,0,4,Below 5 years,0.066943035,136.0483290746808,Low Risk,Standard engagement
Male,No,Yes,No,Yes,Yes,No,No internet service,No internet service,No internet service,No internet service,No internet service,No internet service,Two year,No,Credit card (automatic),24.8,1874.3,No,1,1,0,0,0,0,0,0,2,oldest Customers,0.047654342,89.3185330349952,Low Risk,Standard engagement
Female,No,Yes,Yes,Yes,No,Fiber optic,No,Yes,Yes,No,Yes,No,Month-to-month,Yes,Electronic check,91.55,5511.65,No,1,0,0,1,1,0,1,0,4,Below 5 years,0.5012301,2762.6049945294853,Medium Risk,Promote security service
Male,Yes,Yes,Yes,Yes,Yes,DSL,Yes,Yes,Yes,No,No,Yes,Two year,Yes,Bank transfer (automatic),75.15,3822.45,No,1,1,1,1,1,0,0,1,6,Below 5 years,0.10494512,401.1474861592054,Low Risk,Offer technical support
Female,No,No,No,Yes,No,DSL,No,Yes,No,No,Yes,No,Month-to-month,Yes,Electronic check,59.0,114.15,No,1,0,0,1,0,0,1,0,3,Below 1 year,0.81671715,93.228262424469,High Risk - New Customer,Onboarding intervention
Female,No,Yes,No,Yes,Yes,DSL,Yes,Yes,Yes,Yes,Yes,Yes,Two year,No,Bank transfer (automatic),92.0,6474.4,No,1,1,1,1,1,1,1,1,8,oldest Customers,0.07580139,490.7685027718544,Low Risk,Standard engagement
Female,No,No,No,Yes,No,Fiber optic,No,No,No,No,No,Yes,Month-to-month,Yes,Electronic check,81.1,81.1,Yes,1,0,0,0,0,0,0,1,2,Below 1 year,0.9201837,74.6268995463848,High Risk - High Value,Priority retention offer
Male,No,Yes,No,Yes,No,DSL,No,No,No,No,Yes,No,Month-to-month,No,Bank transfer (automatic),54.6,1125.2,No,1,0,0,0,0,0,1,0,2,Below 3 years,0.4064779,457.3689312338829,Medium Risk,Promote security service
Female,Yes,No,No,Yes,No,Fiber optic,No,No,No,No,No,No,Month-to-month,Yes,Electronic check,70.3,235.5,Yes,1,0,0,0,0,0,0,0,1,Below 1 year,0.86140525,202.86093717813492,High Risk - New Customer,Onboarding intervention
Male,No,No,No,Yes,No,No,No internet service,No internet service,No internet service,No internet service,No internet service,No internet service,Month-to-month,No,Mailed check,20.25,20.25,No,1,0,0,0,0,0,0,0,1,Below 1 year,0.5702775,11.548119619488716,Medium Risk,Promote long-term contract
Female,No,No,No,Yes,No,Fiber optic,No,No,No,No,Yes,Yes,Month-to-month,No,Electronic check,89.25,1907.85,Yes,1,0,0,0,0,0,1,1,3,Below 3 years,0.7758079,1480.1251346737145,High Risk - High Value,Priority retention offer
Male,No,Yes,Yes,Yes,Yes,Fiber optic,No,Yes,Yes,Yes,No,No,Two year,No,Bank transfer (automatic),90.45,6565.85,No,1,1,0,1,1,1,0,0,5,oldest Customers,0.1254338,823.5795328319073,Low Risk,Promote security service
Female,No,No,Yes,Yes,No,No,No internet service,No internet service,No internet service,No internet service,No internet service,No internet service,Month-to-month,No,Credit card (automatic),19.7,216.2,No,1,0,0,0,0,0,0,0,1,Below 1 year,0.27199176,58.80461841225624,Low Risk,Promote long-term contract
Male,No,Yes,Yes,Yes,No,No,No internet service,No internet service,No internet service,No internet service,No internet service,No internet service,Month-to-month,No,Mailed check,20.8,635.9,No,1,0,0,0,0,0,0,0,1,Below 3 years,0.16565982,105.34307640492916,Low Risk,Promote long-term contract
Male,Yes,No,No,Yes,Yes,DSL,Yes,No,Yes,Yes,No,Yes,Two year,No,Credit card (automatic),74.1,5031.0,No,1,1,1,0,1,1,0,1,6,oldest Customers,0.103631124,521.3681843429804,Low Risk,Standard engagement
Male,No,No,No,Yes,Yes,DSL,Yes,No,No,Yes,Yes,Yes,Two year,Yes,Credit card (automatic),79.75,4217.8,No,1,1,1,0,0,1,1,1,6,Below 5 years,0.06953771,293.29613920599223,Low Risk,Standard engagement
Female,No,Yes,Yes,Yes,Yes,Fiber optic,No,Yes,No,No,Yes,Yes,One year,No,Mailed check,100.45,4941.8,Yes,1,1,0,1,0,0,1,1,5,Below 5 years,0.4258266,2104.3499370217323,Medium Risk,Promote security service
Female,No,No,No,Yes,No,DSL,No,Yes,No,Yes,No,No,Month-to-month,Yes,Electronic check,54.3,654.5,No,1,0,0,1,0,1,0,0,3,Below 3 years,0.49197358,321.9967074096203,Medium Risk,Promote security service
Female,No,Yes,Yes,Yes,No,Fiber optic,No,No,No,No,Yes,No,Month-to-month,Yes,Credit card (automatic),77.95,3384.0,Yes,1,0,0,0,0,0,1,0,2,Below 5 years,0.447236,1513.4466290473938,Medium Risk,Promote security service
Female,No,No,No,Yes,No,DSL,No,Yes,No,Yes,No,No,Month-to-month,Yes,Credit card (automatic),55.05,102.75,Yes,1,0,0,1,0,1,0,0,3,Below 1 year,0.6537222,67.16995878517628,Medium Risk,Promote security service
Female,No,No,Yes,Yes,Yes,Fiber optic,No,No,No,No,No,Yes,Month-to-month,Yes,Electronic check,84.75,1816.75,No,1,1,0,0,0,0,0,1,3,Below 3 years,0.76851606,1396.2015587091446,High Risk - High Value,Priority retention offer
Male,No,No,No,Yes,No,Fiber optic,No,No,No,No,No,No,Month-to-month,No,Mailed check,69.4,69.4,Yes,1,0,0,0,0,0,0,0,1,Below 1 year,0.81091213,56.277301979064944,High Risk - New Customer,Onboarding intervention
Female,No,Yes,No,Yes,No,Fiber optic,No,No,Yes,No,No,No,Month-to-month,Yes,Bank transfer (automatic),75.75,655.9,Yes,1,0,0,0,1,0,0,0,2,Below 1 year,0.7269669,476.81760119795797,High Risk - High Value,Priority retention offer
Female,No,Yes,Yes,Yes,Yes,Fiber optic,No,No,No,No,Yes,No,Month-to-month,Yes,Electronic check,84.8,1203.9,No,1,1,0,0,0,0,1,0,3,Below 3 years,0.83456075,1004.7276892304421,High Risk - High Value,Priority retention offer
Female,No,Yes,Yes,Yes,No,DSL,Yes,Yes,Yes,Yes,Yes,Yes,Two year,Yes,Bank transfer (automatic),83.7,6096.9,No,1,0,1,1,1,1,1,1,7,oldest Customers,0.05601077,341.4920730192214,Low Risk,Standard engagement
Male,No,No,No,No,No phone service,DSL,No,No,No,Yes,No,No,Month-to-month,No,Electronic check,30.4,82.15,No,0,0,0,0,0,1,0,0,1,Below 1 year,0.71618396,58.83451234996319,High Risk - New Customer,Onboarding intervention
Male,Yes,Yes,No,Yes,No,No,No internet service,No internet service,No internet service,No internet service,No internet service,No internet service,Month-to-month,No,Mailed check,19.95,214.75,Yes,1,0,0,0,0,0,0,0,1,Below 1 year,0.2952726,63.40978842973709,Low Risk,Promote long-term contract
Male,No,No,No,Yes,No,No,No internet service,No internet service,No internet service,No internet service,No internet service,No internet service,Month-to-month,No,Mailed check,20.25,178.5,Yes,1,0,0,0,0,0,0,0,1,Below 1 year,0.30514196,54.46783907711506,Low Risk,Promote long-term contract
Female,No,No,No,Yes,Yes,Fiber optic,No,No,No,No,No,No,Month-to-month,Yes,Electronic check,75.8,246.3,Yes,1,1,0,0,0,0,0,0,2,Below 1 year,0.8877186,218.64509559273722,High Risk - High Value,Priority retention offer
Male,No,No,No,Yes,No,DSL,Yes,No,No,Yes,No,No,Month-to-month,No,Mailed check,53.45,1461.45,No,1,0,1,0,0,1,0,0,3,Below 3 years,0.22239666,325.02159418389203,Low Risk,Promote long-term contract
Male,Yes,No,No,Yes,Yes,Fiber optic,No,No,No,No,Yes,Yes,Month-to-month,Yes,Electronic check,95.35,898.35,Yes,1,1,0,0,0,0,1,1,4,Below 1 year,0.88327354,793.4887863904238,High Risk - High Value,Priority retention offer
Male,No,No,No,No,No phone service,DSL,No,No,No,Yes,No,No,Month-to-month,No,Bank transfer (automatic),29.85,75.6,Yes,0,0,0,0,0,1,0,0,1,Below 1 year,0.64726096,48.932928872108455,Medium Risk,Promote security service
Female,No,Yes,No,Yes,No,No,No internet service,No internet service,No internet service,No internet service,No internet service,No internet service,Month-to-month,No,Mailed check,20.05,669.45,No,1,0,0,0,0,0,0,0,1,Below 3 years,0.18156207,121.54672513604164,Low Risk,Promote long-term contract
Male,No,No,No,Yes,Yes,Fiber optic,No,No,No,No,Yes,Yes,Month-to-month,Yes,Bank transfer (automatic),94.85,462.8,Yes,1,1,0,0,0,0,1,1,4,Below 1 year,0.85124576,393.9565381526947,High Risk - High Value,Priority retention offer
Male,No,Yes,No,Yes,Yes,Fiber optic,Yes,Yes,Yes,No,No,No,One year,No,Electronic check,89.75,5769.6,Yes,1,1,1,1,1,0,0,0,5,oldest Customers,0.24330084,1403.748527956009,Low Risk,Offer technical support
Female,No,Yes,Yes,Yes,Yes,Fiber optic,No,No,Yes,No,No,Yes,One year,Yes,Electronic check,90.15,4554.85,No,1,1,0,0,1,0,0,1,4,Below 5 years,0.33467108,1524.376569250226,Low Risk,Promote security service
Male,Yes,Yes,No,Yes,Yes,Fiber optic,Yes,Yes,Yes,No,Yes,No,One year,Yes,Bank transfer (automatic),101.9,5265.5,No,1,1,1,1,1,0,1,0,6,Below 5 years,0.36251265,1908.8103486001492,Low Risk,Offer technical support
Female,Yes,No,No,Yes,No,Fiber optic,No,No,Yes,No,No,No,Month-to-month,No,Electronic check,74.4,434.1,Yes,1,0,0,0,1,0,0,0,2,Below 1 year,0.82424384,357.8042524874211,High Risk - New Customer,Onboarding intervention
Male,No,No,Yes,No,No phone service,DSL,No,No,No,No,No,No,Month-to-month,No,Electronic check,24.75,24.75,Yes,0,0,0,0,0,0,0,0,0,Below 1 year,0.7583211,18.768447384238243,High Risk - New Customer,Onboarding intervention
Male,No,Yes,Yes,Yes,No,DSL,Yes,No,Yes,Yes,No,Yes,One year,No,Credit card (automatic),71.4,4487.3,No,1,0,1,0,1,1,0,1,5,oldest Customers,0.15243138,684.0053482070565,Low Risk,Standard engagement
Male,Yes,No,No,Yes,Yes,Fiber optic,No,Yes,Yes,No,No,No,Month-to-month,Yes,Credit card (automatic),83.85,2716.3,Yes,1,1,0,1,1,0,0,0,4,Below 3 years,0.62841755,1706.970595186949,Medium Risk,Promote security service
Female,No,No,No,Yes,Yes,Fiber optic,No,Yes,Yes,Yes,Yes,Yes,Two year,Yes,Electronic check,111.25,7984.15,No,1,1,0,1,1,1,1,1,7,oldest Customers,0.22336423,1783.373548656702,Low Risk,Promote security service
Female,No,No,Yes,Yes,Yes,Fiber optic,Yes,Yes,Yes,Yes,Yes,Yes,Two year,Yes,Credit card (automatic),116.15,3946.9,No,1,1,1,1,1,1,1,1,8,Below 3 years,0.15724196,620.6182737663388,Low Risk,Standard engagement
Female,No,Yes,No,No,No phone service,DSL,Yes,No,No,No,No,No,Month-to-month,Yes,Electronic check,29.05,129.6,No,0,0,1,0,0,0,0,0,1,Below 1 year,0.6789668,87.99409990310669,Medium Risk,Offer technical support
Female,No,No,No,Yes,Yes,Fiber optic,No,No,No,No,Yes,Yes,Month-to-month,No,Electronic check,94.4,857.25,Yes,1,1,0,0,0,0,1,1,4,Below 1 year,0.85453296,732.5483774542809,High Risk - High Value,Priority retention offer
Female,No,Yes,No,Yes,Yes,Fiber optic,No,No,No,Yes,Yes,Yes,One year,No,Bank transfer (automatic),101.15,6383.9,No,1,1,0,0,0,1,1,1,5,oldest Customers,0.42419988,2708.0496086299418,Medium Risk,Promote security service
Female,Yes,No,No,Yes,Yes,Fiber optic,No,Yes,No,Yes,Yes,Yes,Month-to-month,Yes,Credit card (automatic),103.6,1806.35,No,1,1,0,1,0,1,1,1,6,Below 3 years,0.6656723,1202.4371631622314,Medium Risk,Promote security service
Male,No,No,No,Yes,No,DSL,No,Yes,Yes,Yes,No,No,Month-to-month,Yes,Electronic check,60.9,688.5,No,1,0,0,1,1,1,0,0,4,Below 1 year,0.48099878,331.16766299307346,Medium Risk,Promote security service
Male,No,No,No,Yes,Yes,No,No internet service,No internet service,No internet service,No internet service,No internet service,No internet service,Two year,No,Bank transfer (automatic),25.7,251.6,No,1,1,0,0,0,0,0,0,2,Below 1 year,0.07051302,17.74107519686222,Low Risk,Standard engagement
Female,Yes,No,No,Yes,No,Fiber optic,No,No,No,Yes,Yes,Yes,Month-to-month,Yes,Electronic check,94.45,1511.2,Yes,1,0,0,0,0,1,1,1,4,Below 3 years,0.79652864,1203.7140768527986,High Risk - High Value,Priority retention offer
Male,No,No,No,No,No phone service,DSL,No,Yes,Yes,No,No,Yes,One year,Yes,Bank transfer (automatic),43.75,903.6,Yes,0,0,0,1,1,0,0,1,3,Below 3 years,0.38679034,349.50374686717987,Low Risk,Promote security service
Male,No,Yes,No,Yes,No,Fiber optic,Yes,Yes,Yes,Yes,Yes,Yes,Two year,No,Bank transfer (automatic),109.75,6110.2,Yes,1,0,1,1,1,1,1,1,7,Below 5 years,0.2888301,1764.8096861243248,Low Risk,Standard engagement
Male,No,No,No,Yes,Yes,Fiber optic,No,No,Yes,No,Yes,No,Month-to-month,Yes,Credit card (automatic),90.7,1781.35,No,1,1,0,0,1,0,1,0,4,Below 3 years,0.63423437,1129.7933928638697,Medium Risk,Promote security service
Male,No,Yes,Yes,Yes,No,DSL,No,Yes,Yes,No,No,No,Month-to-month,Yes,Mailed check,56.15,168.15,Yes,1,0,0,1,1,0,0,0,3,Below 1 year,0.6893691,115.91741121411324,Medium Risk,Promote security service
Female,No,Yes,No,Yes,No,No,No internet service,No internet service,No internet service,No internet service,No internet service,No internet service,Month-to-month,No,Bank transfer (automatic),19.5,146.3,Yes,1,0,0,0,0,0,0,0,1,Below 1 year,0.3596642,52.618872714042666,Low Risk,Promote long-term contract
Female,No,Yes,No,Yes,No,No,No internet service,No internet service,No internet service,No internet service,No internet service,No internet service,Two year,No,Mailed check,20.4,292.4,No,1,0,0,0,0,0,0,0,1,Below 3 years,0.057188008,16.72177353352308,Low Risk,Standard engagement
Male,No,No,No,Yes,No,No,No internet service,No internet service,No internet service,No internet service,No internet service,No internet service,Month-to-month,Yes,Electronic check,19.85,19.85,Yes,1,0,0,0,0,0,0,0,1,Below 1 year,0.64972633,12.897067674994469,Medium Risk,Promote long-term contract
Male,No,No,No,Yes,Yes,Fiber optic,No,No,Yes,Yes,No,Yes,Month-to-month,Yes,Bank transfer (automatic),95.65,1640.0,No,1,1,0,0,1,1,0,1,5,Below 3 years,0.5918203,970.5852913856506,Medium Risk,Promote security service
Male,No,No,No,Yes,No,DSL,Yes,Yes,No,Yes,Yes,No,One year,No,Electronic check,70.4,2044.75,No,1,0,1,1,0,1,1,0,5,Below 3 years,0.18618432,380.7003819271922,Low Risk,Standard engagement
Male,Yes,No,No,Yes,Yes,Fiber optic,No,No,Yes,No,Yes,Yes,Month-to-month,Yes,Electronic check,100.5,918.6,Yes,1,1,0,0,1,0,1,1,5,Below 1 year,0.8866011,814.4317616701127,High Risk - High Value,Priority retention offer
Male,Yes,Yes,No,Yes,Yes,DSL,Yes,No,No,Yes,No,No,One year,Yes,Electronic check,60.05,3229.65,Yes,1,1,1,0,0,1,0,0,4,Below 5 years,0.17791693,574.6094101510943,Low Risk,Standard engagement
Female,No,Yes,Yes,Yes,Yes,DSL,No,Yes,Yes,Yes,Yes,Yes,Month-to-month,Yes,Electronic check,86.2,4524.05,No,1,1,0,1,1,1,1,1,7,Below 5 years,0.39018697,1765.225341114402,Low Risk,Promote security service
Male,Yes,No,No,No,No phone service,DSL,No,No,Yes,No,No,Yes,Month-to-month,Yes,Electronic check,39.65,39.65,Yes,0,0,0,0,1,0,0,1,2,Below 1 year,0.8715457,34.55678591132164,High Risk - New Customer,Onboarding intervention
Male,No,No,No,No,No phone service,DSL,No,No,No,No,No,No,Month-to-month,Yes,Electronic check,25.05,56.35,Yes,0,0,0,0,0,0,0,0,0,Below 1 year,0.82193655,46.316124466061595,High Risk - New Customer,Onboarding intervention
Male,No,Yes,No,Yes,Yes,Fiber optic,No,No,No,No,Yes,No,Month-to-month,Yes,Electronic check,85.6,813.85,Yes,1,1,0,0,0,0,1,0,3,Below 1 year,0.8598975,699.8275757491589,High Risk - High Value,Priority retention offer
Female,No,No,No,Yes,No,Fiber optic,No,No,No,No,Yes,No,Month-to-month,Yes,Mailed check,81.9,1028.9,No,1,0,0,0,0,0,1,0,2,Below 3 years,0.6764422,695.9913856565953,Medium Risk,Promote security service
Male,Yes,No,No,Yes,Yes,Fiber optic,Yes,No,No,Yes,No,Yes,Two year,No,Electronic check,93.75,5625.55,No,1,1,1,0,0,1,0,1,5,Below 5 years,0.20384198,1146.7232746213674,Low Risk,Standard engagement
Male,No,No,No,Yes,Yes,Fiber optic,No,No,No,No,No,No,Month-to-month,Yes,Electronic check,74.9,74.9,Yes,1,1,0,0,0,0,0,0,2,Below 1 year,0.90769964,67.98670337796212,High Risk - High Value,Priority retention offer
Female,No,No,No,Yes,No,Fiber optic,No,No,No,No,No,No,Month-to-month,No,Electronic check,68.95,119.75,Yes,1,0,0,0,0,0,0,0,1,Below 1 year,0.86275595,103.31502552330494,High Risk - New Customer,Onboarding intervention
Female,No,No,No,Yes,Yes,Fiber optic,No,Yes,No,Yes,Yes,Yes,Month-to-month,Yes,Bank transfer (automatic),105.45,5916.95,No,1,1,0,1,0,1,1,1,6,Below 5 years,0.52472574,3104.775938817859,Medium Risk,Promote security service
Male,No,Yes,Yes,Yes,No,Fiber optic,Yes,Yes,Yes,Yes,Yes,Yes,Two year,No,Credit card (automatic),109.3,7782.85,No,1,0,1,1,1,1,1,1,7,oldest Customers,0.1276279,993.3087570153177,Low Risk,Standard engagement
Female,No,No,Yes,No,No phone service,DSL,No,No,Yes,No,Yes,Yes,One year,Yes,Credit card (automatic),49.45,1031.4,No,0,0,0,0,1,0,1,1,3,Below 3 years,0.2915834,300.73910745978355,Low Risk,Promote security service
Female,No,No,No,Yes,No,Fiber optic,Yes,Yes,Yes,No,No,No,Month-to-month,Yes,Credit card (automatic),83.9,3233.6,Yes,1,0,1,1,1,0,0,0,4,Below 5 years,0.489501,1582.8504318237303,Medium Risk,Offer technical support
Male,No,Yes,Yes,Yes,No,DSL,Yes,No,Yes,Yes,Yes,Yes,Month-to-month,No,Electronic check,83.25,1611.15,No,1,0,1,0,1,1,1,1,6,Below 3 years,0.40795335,657.2740426495671,Medium Risk,Promote long-term contract
Male,No,No,No,Yes,No,No,No internet service,No internet service,No internet service,No internet service,No internet service,No internet service,Month-to-month,No,Mailed check,19.1,19.1,No,1,0,0,0,0,0,0,0,1,Below 1 year,0.46767974,8.93268301486969,Medium Risk,Promote long-term contract
Female,No,No,No,Yes,Yes,Fiber optic,No,No,Yes,No,Yes,Yes,Month-to-month,No,Bank transfer (automatic),98.05,3990.6,No,1,1,0,0,1,0,1,1,5,Below 5 years,0.59566706,2377.0689863562584,Medium Risk,Promote security service
Female,Yes,Yes,No,Yes,Yes,Fiber optic,Yes,No,Yes,No,Yes,Yes,Month-to-month,No,Bank transfer (automatic),105.25,6786.4,Yes,1,1,1,0,1,0,1,1,6,oldest Customers,0.5398719,3663.786468553543,Medium Risk,Offer technical support
Male,No,No,Yes,Yes,No,DSL,No,No,No,No,Yes,Yes,Month-to-month,No,Credit card (automatic),66.4,831.75,No,1,0,0,0,0,0,1,1,3,Below 3 years,0.49788526,414.11606251448393,Medium Risk,Promote security service
Female,Yes,Yes,No,Yes,Yes,Fiber optic,No,No,Yes,Yes,No,No,Month-to-month,Yes,Electronic check,83.05,1258.3,Yes,1,1,0,0,1,1,0,0,4,Below 3 years,0.7747389,974.8539677023887,High Risk - High Value,Priority retention offer
Female,No,No,No,Yes,No,DSL,Yes,No,No,No,No,No,Month-to-month,Yes,Electronic check,49.45,314.6,No,1,0,1,0,0,0,0,0,2,Below 1 year,0.6206323,195.25091869831087,Medium Risk,Offer technical support
Male,No,Yes,Yes,Yes,No,Fiber optic,No,No,No,No,Yes,Yes,Month-to-month,Yes,Bank transfer (automatic),89.55,185.55,Yes,1,0,0,0,0,0,1,1,3,Below 1 year,0.86756253,160.97622789144518,High Risk - High Value,Priority retention offer
Female,Yes,Yes,Yes,Yes,Yes,Fiber optic,Yes,Yes,No,Yes,Yes,Yes,One year,Yes,Credit card (automatic),110.6,7210.85,No,1,1,1,1,0,1,1,1,7,oldest Customers,0.3882396,2799.5374642357233,Low Risk,Standard engagement
Male,No,Yes,No,Yes,No,Fiber optic,Yes,Yes,Yes,Yes,Yes,Yes,One year,Yes,Bank transfer (automatic),109.5,7534.65,Yes,1,0,1,1,1,1,1,1,7,oldest Customers,0.4829132,3638.581912896037,Medium Risk,Standard engagement
Male,No,No,No,Yes,No,Fiber optic,No,No,No,No,No,Yes,Month-to-month,Yes,Electronic check,80.8,80.8,Yes,1,0,0,0,0,0,0,1,2,Below 1 year,0.9168726,74.08330774307251,High Risk - High Value,Priority retention offer
Female,No,No,No,Yes,No,DSL,No,Yes,No,No,No,No,Month-to-month,Yes,Credit card (automatic),49.05,91.1,Yes,1,0,0,1,0,0,0,0,2,Below 1 year,0.7653083,69.71958799958229,High Risk - New Customer,Onboarding intervention
Female,No,No,Yes,Yes,No,DSL,Yes,Yes,Yes,Yes,No,No,One year,No,Credit card (automatic),65.6,1010.0,No,1,0,1,1,1,1,0,0,5,Below 3 years,0.15879086,160.37876516580582,Low Risk,Standard engagement
Female,No,No,No,Yes,Yes,Fiber optic,No,Yes,No,Yes,No,No,Month-to-month,No,Credit card (automatic),85.3,2917.5,Yes,1,1,0,1,0,1,0,0,4,Below 3 years,0.38644364,1127.4493335932493,Low Risk,Promote security service
Female,No,Yes,No,Yes,Yes,No,No internet service,No internet service,No internet service,No internet service,No internet service,No internet service,Two year,Yes,Credit card (automatic),24.25,1732.95,No,1,1,0,0,0,0,0,0,2,oldest Customers,0.04794242,83.08181432168931,Low Risk,Standard engagement
Female,No,No,No,No,No phone service,DSL,No,No,No,Yes,No,No,Month-to-month,No,Credit card (automatic),28.6,973.55,Yes,0,0,0,0,0,1,0,0,1,Below 5 years,0.29226804,284.53754819631575,Low Risk,Promote security service
Male,Yes,Yes,No,Yes,Yes,Fiber optic,No,No,Yes,No,Yes,Yes,Month-to-month,Yes,Electronic check,100.05,4871.05,Yes,1,1,0,0,1,0,1,1,5,Below 5 years,0.8045664,3919.083081674576,High Risk - High Value,Priority retention offer
Male,Yes,No,No,No,No phone service,DSL,No,No,No,No,Yes,Yes,One year,Yes,Electronic check,45.25,3264.45,Yes,0,0,0,0,0,0,1,1,2,oldest Customers,0.3932978,1283.9009754002093,Low Risk,Promote security service
Male,No,No,No,Yes,No,Fiber optic,No,No,No,No,Yes,No,Month-to-month,Yes,Electronic check,79.5,79.5,Yes,1,0,0,0,0,0,1,0,2,Below 1 year,0.91723704,72.92034494876862,High Risk - High Value,Priority retention offer
Female,No,Yes,Yes,No,No phone service,DSL,Yes,No,Yes,No,Yes,Yes,Two year,Yes,Credit card (automatic),53.8,3952.45,No,0,0,1,0,1,0,1,1,4,oldest Customers,0.06711546,265.2705129850656,Low Risk,Offer technical support
Male,Yes,No,No,Yes,No,No,No internet service,No internet service,No internet service,No internet service,No internet service,No internet service,One year,No,Bank transfer (automatic),20.5,429.55,No,1,0,0,0,0,0,0,0,1,Below 3 years,0.11218605,48.18951859585941,Low Risk,Standard engagement
Male,No,No,No,Yes,No,DSL,No,No,No,No,No,No,Month-to-month,Yes,Bank transfer (automatic),43.85,43.85,No,1,0,0,0,0,0,0,0,1,Below 1 year,0.8092378,35.4850765734911,High Risk - New Customer,Onboarding intervention
Female,No,Yes,Yes,Yes,Yes,DSL,No,No,No,No,No,No,Month-to-month,No,Electronic check,48.8,349.8,No,1,1,0,0,0,0,0,0,2,Below 1 year,0.68700314,240.3136968612671,Medium Risk,Promote security service
Male,No,No,No,Yes,Yes,Fiber optic,No,No,Yes,No,Yes,No,Month-to-month,Yes,Electronic check,88.7,1761.45,Yes,1,1,0,0,1,0,1,0,4,Below 3 years,0.79215854,1395.347667440772,High Risk - High Value,Priority retention offer
Female,No,Yes,Yes,Yes,No,DSL,No,No,No,No,No,Yes,Month-to-month,No,Electronic check,55.95,734.35,Yes,1,0,0,0,0,0,0,1,2,Below 3 years,0.65903574,483.9628973454237,Medium Risk,Promote security service
Male,No,No,No,Yes,No,DSL,Yes,No,No,Yes,No,No,Month-to-month,No,Mailed check,55.1,1253.15,No,1,0,1,0,0,1,0,0,3,Below 3 years,0.25052992,313.9515631005168,Low Risk,Promote long-term contract
Female,No,No,No,Yes,No,DSL,Yes,No,Yes,Yes,No,No,Month-to-month,No,Electronic check,58.95,955.15,No,1,0,1,0,1,1,0,0,4,Below 3 years,0.459573,438.9611515894532,Medium Risk,Promote long-term contract
Female,Yes,Yes,No,Yes,Yes,Fiber optic,No,No,Yes,Yes,Yes,Yes,Month-to-month,Yes,Bank transfer (automatic),104.05,1133.65,Yes,1,1,0,0,1,1,1,1,6,Below 1 year,0.792168,898.0412772357464,High Risk - High Value,Priority retention offer
Male,No,No,No,Yes,No,No,No internet service,No internet service,No internet service,No internet service,No internet service,No internet service,Month-to-month,No,Mailed check,20.4,181.8,No,1,0,0,0,0,0,0,0,1,Below 1 year,0.30366346,55.20601746439934,Low Risk,Promote long-term contract
Male,No,No,No,No,No phone service,DSL,No,No,No,No,No,No,Month-to-month,No,Mailed check,24.4,24.4,No,0,0,0,0,0,0,0,0,0,Below 1 year,0.68804204,16.788225889205933,Medium Risk,Promote security service
Male,Yes,Yes,No,Yes,Yes,Fiber optic,No,No,No,No,Yes,Yes,Month-to-month,Yes,Electronic check,94.8,1563.9,No,1,1,0,0,0,0,1,1,4,Below 3 years,0.8236265,1288.0695118904114,High Risk - High Value,Priority retention offer
Female,Yes,Yes,No,Yes,Yes,Fiber optic,No,Yes,No,No,No,Yes,Month-to-month,Yes,Bank transfer (automatic),89.6,6127.6,Yes,1,1,0,1,0,0,0,1,4,oldest Customers,0.5568906,3412.40288271904,Medium Risk,Promote security service
Male,No,Yes,Yes,Yes,Yes,DSL,Yes,Yes,Yes,Yes,Yes,Yes,Two year,No,Credit card (automatic),90.3,6287.3,No,1,1,1,1,1,1,1,1,8,oldest Customers,0.061131604,384.3527339287102,Low Risk,Standard engagement
Male,No,Yes,No,Yes,Yes,Fiber optic,No,No,No,No,Yes,Yes,Month-to-month,Yes,Bank transfer (automatic),97.1,3706.95,Yes,1,1,0,0,0,0,1,1,4,Below 5 years,0.6531174,2421.073613727093,Medium Risk,Promote security service
Female,No,Yes,Yes,Yes,No,No,No internet service,No internet service,No internet service,No internet service,No internet service,No internet service,One year,No,Bank transfer (automatic),19.8,229.6,Yes,1,0,0,0,0,0,0,0,1,Below 3 years,0.12578486,28.880203640460966,Low Risk,Standard engagement
Female,No,No,No,Yes,No,Fiber optic,No,No,No,No,Yes,No,Month-to-month,Yes,Electronic check,79.65,79.65,Yes,1,0,0,0,0,0,1,0,2,Below 1 year,0.9209923,73.35703787505628,High Risk - High Value,Priority retention offer
Female,No,No,No,Yes,Yes,Fiber optic,No,Yes,No,No,No,No,Month-to-month,Yes,Credit card (automatic),81.0,818.05,Yes,1,1,0,1,0,0,0,0,3,Below 1 year,0.72575146,593.7009815245866,High Risk - High Value,Priority retention offer
Female,No,No,No,Yes,No,Fiber optic,No,No,No,No,Yes,Yes,Month-to-month,Yes,Bank transfer (automatic),90.8,809.75,Yes,1,0,0,0,0,0,1,1,3,Below 1 year,0.8167153,661.3352142423391,High Risk - High Value,Priority retention offer
Male,No,No,Yes,Yes,Yes,Fiber optic,Yes,No,Yes,No,Yes,Yes,Two year,No,Bank transfer (automatic),106.7,7382.25,No,1,1,1,0,1,0,1,1,6,oldest Customers,0.19432227,1434.5356008522213,Low Risk,Offer technical support
Male,No,No,Yes,Yes,No,No,No internet service,No internet service,No internet service,No internet service,No internet service,No internet service,One year,No,Credit card (automatic),20.55,1013.05,No,1,0,0,0,0,0,0,0,1,Below 5 years,0.091429606,92.62276243939995,Low Risk,Standard engagement
Male,No,No,Yes,Yes,No,DSL,No,No,No,No,No,No,Month-to-month,Yes,Credit card (automatic),45.65,747.2,No,1,0,0,0,0,0,0,0,1,Below 3 years,0.39115864,292.2737360954285,Low Risk,Promote security service
Male,No,No,No,Yes,Yes,Fiber optic,No,Yes,No,No,No,Yes,Month-to-month,Yes,Electronic check,90.05,368.1,Yes,1,1,0,1,0,0,0,1,4,Below 1 year,0.8771196,322.8677250444889,High Risk - High Value,Priority retention offer
Female,No,No,No,Yes,No,Fiber optic,No,No,No,No,Yes,Yes,Month-to-month,No,Electronic check,89.3,577.6,Yes,1,0,0,0,0,0,1,1,3,Below 1 year,0.866984,500.7699640274048,High Risk - High Value,Priority retention offer
Male,No,No,No,Yes,No,DSL,No,No,No,No,No,No,Month-to-month,Yes,Electronic check,45.35,141.5,Yes,1,0,0,0,0,0,0,0,1,Below 1 year,0.81640613,115.52146750688553,High Risk - New Customer,Onboarding intervention
Male,No,No,No,Yes,No,DSL,No,No,No,No,No,No,Month-to-month,No,Electronic check,44.35,81.25,Yes,1,0,0,0,0,0,0,0,1,Below 1 year,0.80636233,65.51693938672543,High Risk - New Customer,Onboarding intervention
Female,Yes,No,No,Yes,Yes,Fiber optic,No,No,Yes,No,No,Yes,Month-to-month,No,Credit card (automatic),88.3,2467.75,Yes,1,1,0,0,1,0,0,1,4,Below 3 years,0.64338726,1587.7189060598612,Medium Risk,Promote security service
Female,No,No,No,Yes,Yes,Fiber optic,No,No,No,Yes,No,Yes,Month-to-month,Yes,Electronic check,89.55,2259.35,No,1,1,0,0,0,1,0,1,4,Below 3 years,0.66341716,1498.8915616005659,Medium Risk,Promote security service
Female,No,Yes,Yes,Yes,Yes,Fiber optic,Yes,Yes,Yes,Yes,Yes,Yes,Two year,No,Credit card (automatic),115.25,6758.45,No,1,1,1,1,1,1,1,1,8,oldest Customers,0.1875259,1267.384406812489,Low Risk,Standard engagement
Male,No,No,No,Yes,No,DSL,Yes,No,No,Yes,No,No,Month-to-month,No,Mailed check,56.65,654.85,Yes,1,0,1,0,0,1,0,0,3,Below 3 years,0.33999392,222.64502106755972,Low Risk,Promote long-term contract
Female,No,No,No,Yes,No,Fiber optic,No,No,No,No,No,Yes,Month-to-month,Yes,Electronic check,79.15,317.25,Yes,1,0,0,0,0,0,0,1,2,Below 1 year,0.86914545,275.73639495670795,High Risk - High Value,Priority retention offer
Male,No,Yes,Yes,Yes,Yes,No,No internet service,No internet service,No internet service,No internet service,No internet service,No internet service,Two year,No,Credit card (automatic),25.05,963.95,No,1,1,0,0,0,0,0,0,2,Below 5 years,0.058699366,56.58325357157737,Low Risk,Standard engagement
Female,No,No,No,Yes,No,No,No internet service,No internet service,No internet service,No internet service,No internet service,No internet service,Month-to-month,No,Bank transfer (automatic),20.95,85.5,Yes,1,0,0,0,0,0,0,0,1,Below 1 year,0.38943467,33.29666389524937,Low Risk,Promote long-term contract
Male,No,Yes,No,Yes,Yes,Fiber optic,No,Yes,Yes,Yes,Yes,Yes,Two year,Yes,Bank transfer (automatic),110.0,7611.85,Yes,1,1,0,1,1,1,1,1,7,oldest Customers,0.41278866,3142.085356552899,Medium Risk,Promote security service
Female,Yes,No,No,Yes,Yes,Fiber optic,No,Yes,Yes,No,No,No,Month-to-month,Yes,Bank transfer (automatic),86.45,2401.05,No,1,1,0,1,1,0,0,0,4,Below 3 years,0.6452209,1549.2075836956503,Medium Risk,Promote security service
Male,No,Yes,No,Yes,Yes,Fiber optic,No,No,No,No,No,No,Month-to-month,Yes,Electronic check,75.5,438.0,Yes,1,1,0,0,0,0,0,0,2,Below 1 year,0.8488208,371.78351283073425,High Risk - High Value,Priority retention offer
Female,Yes,Yes,No,Yes,Yes,Fiber optic,No,No,No,No,No,No,Month-to-month,Yes,Electronic check,74.35,334.8,Yes,1,1,0,0,0,0,0,0,2,Below 1 year,0.8596956,287.8260913610458,High Risk - New Customer,Onboarding intervention
Female,No,No,No,No,No phone service,DSL,No,No,Yes,Yes,No,No,Month-to-month,Yes,Mailed check,35.75,961.4,No,0,0,0,0,1,1,0,0,2,Below 3 years,0.27894792,268.180529910326,Low Risk,Promote security service
Female,No,Yes,No,No,No phone service,DSL,Yes,Yes,Yes,Yes,Yes,Yes,Two year,No,Bank transfer (automatic),65.5,4919.7,No,0,0,1,1,1,1,1,1,6,oldest Customers,0.054196846,266.632221987471,Low Risk,Standard engagement
Male,Yes,No,No,Yes,No,Fiber optic,No,No,No,No,No,No,Month-to-month,Yes,Electronic check,69.65,69.65,Yes,1,0,0,0,0,0,0,0,1,Below 1 year,0.9077792,63.2268224477768,High Risk - New Customer,Onboarding intervention
Female,No,No,No,Yes,Yes,Fiber optic,No,Yes,Yes,No,Yes,No,One year,Yes,Electronic check,95.5,6153.85,No,1,1,0,1,1,0,1,0,5,oldest Customers,0.42175832,2595.4374615803363,Medium Risk,Promote security service
Female,No,Yes,Yes,Yes,Yes,No,No internet service,No internet service,No internet service,No internet service,No internet service,No internet service,Two year,No,Mailed check,25.1,611.45,No,1,1,0,0,0,0,0,0,2,Below 3 years,0.06239346,38.150481375493115,Low Risk,Standard engagement
Male,No,No,No,No,No phone service,DSL,No,No,No,No,No,No,Month-to-month,No,Electronic check,24.75,66.95,Yes,0,0,0,0,0,0,0,0,0,Below 1 year,0.7671203,51.358704200387,High Risk - New Customer,Onboarding intervention
Female,No,No,No,Yes,Yes,Fiber optic,Yes,Yes,Yes,Yes,Yes,Yes,Month-to-month,Yes,Bank transfer (automatic),114.5,4527.45,Yes,1,1,1,1,1,1,1,1,8,Below 5 years,0.5248697,2376.321234548092,Medium Risk,Promote long-term contract
Female,No,Yes,Yes,Yes,Yes,Fiber optic,Yes,Yes,Yes,Yes,Yes,Yes,Two year,Yes,Bank transfer (automatic),115.6,8220.4,No,1,1,1,1,1,1,1,1,8,oldest Customers,0.08977677,738.0009541928767,Low Risk,Standard engagement
Male,No,No,No,Yes,Yes,Fiber optic,No,No,Yes,Yes,Yes,Yes,Two year,Yes,Bank transfer (automatic),106.5,7348.8,Yes,1,1,0,0,1,1,1,1,6,oldest Customers,0.42664444,3135.324693489075,Medium Risk,Promote security service
Female,No,Yes,No,Yes,Yes,DSL,No,Yes,No,No,Yes,No,One year,No,Bank transfer (automatic),63.9,2635.0,No,1,1,0,1,0,0,1,0,4,Below 5 years,0.24111536,635.3389774262905,Low Risk,Promote security service
Male,No,Yes,Yes,Yes,Yes,Fiber optic,No,No,Yes,Yes,Yes,Yes,Month-to-month,No,Electronic check,103.3,2012.7,Yes,1,1,0,0,1,1,1,1,6,Below 3 years,0.70384187,1416.6225218117238,High Risk - High Value,Priority retention offer
Male,No,Yes,No,Yes,Yes,Fiber optic,No,Yes,Yes,No,Yes,Yes,Month-to-month,Yes,Electronic check,104.65,2542.45,Yes,1,1,0,1,1,0,1,1,6,Below 3 years,0.8295451,2109.076890328526,High Risk - High Value,Priority retention offer
Male,No,No,No,Yes,No,Fiber optic,No,No,No,Yes,No,No,Month-to-month,Yes,Bank transfer (automatic),75.9,1373.05,No,1,0,0,0,0,1,0,0,2,Below 3 years,0.4163837,571.7156577989459,Medium Risk,Promote security service
Male,No,Yes,No,Yes,No,DSL,Yes,Yes,No,Yes,Yes,No,Month-to-month,Yes,Mailed check,68.95,593.85,No,1,0,1,1,0,1,1,0,5,Below 1 year,0.3639915,216.1563516497612,Low Risk,Promote long-term contract
Male,Yes,Yes,No,Yes,No,Fiber optic,No,No,No,No,No,No,Month-to-month,Yes,Electronic check,70.2,834.7,No,1,0,0,0,0,0,0,0,1,Below 1 year,0.80437684,671.4133488416672,High Risk - New Customer,Onboarding intervention
Female,Yes,No,No,Yes,No,Fiber optic,No,Yes,No,No,No,Yes,Month-to-month,Yes,Electronic check,86.0,86.0,Yes,1,0,0,1,0,0,0,1,3,Below 1 year,0.91696894,78.85932898521423,High Risk - High Value,Priority retention offer
Male,No,No,No,Yes,No,No,No internet service,No internet service,No internet service,No internet service,No internet service,No internet service,Month-to-month,No,Mailed check,20.0,20.0,Yes,1,0,0,0,0,0,0,0,1,Below 1 year,0.54483366,10.896673202514648,Medium Risk,Promote long-term contract
Female,No,Yes,No,Yes,Yes,Fiber optic,No,Yes,No,No,No,No,Month-to-month,Yes,Credit card (automatic),77.75,4266.4,No,1,1,0,1,0,0,0,0,3,Below 5 years,0.40789124,1740.227202105522,Medium Risk,Promote security service
Female,No,Yes,No,Yes,Yes,Fiber optic,Yes,Yes,Yes,Yes,No,Yes,Two year,Yes,Credit card (automatic),106.05,3834.4,No,1,1,1,1,1,1,0,1,7,Below 5 years,0.15348232,588.5125998497009,Low Risk,Standard engagement
Male,No,No,No,Yes,No,DSL,No,No,No,No,No,No,Month-to-month,No,Electronic check,45.3,45.3,Yes,1,0,0,0,0,0,0,0,1,Below 1 year,0.8321113,37.69464184641838,High Risk - New Customer,Onboarding intervention
Female,No,No,No,Yes,No,DSL,Yes,No,No,Yes,No,No,One year,Yes,Mailed check,54.6,617.85,No,1,0,1,0,0,1,0,0,3,Below 1 year,0.15438826,95.38878880217672,Low Risk,Standard engagement
Female,No,Yes,No,No,No phone service,DSL,Yes,No,Yes,No,Yes,Yes,One year,Yes,Electronic check,54.4,3723.65,No,0,0,1,0,1,0,1,1,4,oldest Customers,0.19531061,727.2683438129724,Low Risk,Offer technical support
Male,No,No,No,Yes,No,DSL,No,No,Yes,Yes,No,No,Month-to-month,Yes,Credit card (automatic),55.0,1046.5,Yes,1,0,0,0,1,1,0,0,3,Below 3 years,0.2988943,312.79287046194077,Low Risk,Promote security service
Female,No,No,No,Yes,No,Fiber optic,No,No,Yes,No,Yes,Yes,Month-to-month,No,Electronic check,94.4,94.4,Yes,1,0,0,0,1,0,1,1,4,Below 1 year,0.9093875,85.84618272781373,High Risk - High Value,Priority retention offer
Female,Yes,Yes,Yes,Yes,Yes,Fiber optic,No,Yes,No,No,No,No,Month-to-month,Yes,Mailed check,79.6,2718.3,Yes,1,1,0,1,0,0,0,0,3,Below 3 years,0.5935191,1613.3629467129708,Medium Risk,Promote security service
Male,No,Yes,Yes,Yes,Yes,Fiber optic,Yes,Yes,Yes,Yes,Yes,Yes,Two year,Yes,Electronic check,113.15,7856.0,Yes,1,1,1,1,1,1,1,1,8,oldest Customers,0.2811283,2208.543825149536,Low Risk,Standard engagement
Female,Yes,No,No,Yes,Yes,Fiber optic,No,Yes,No,Yes,No,No,Month-to-month,Yes,Electronic check,85.45,1505.85,Yes,1,1,0,1,0,1,0,0,4,Below 3 years,0.6495763,978.1644809067249,Medium Risk,Promote security service
Male,Yes,No,No,Yes,Yes,Fiber optic,No,Yes,No,Yes,Yes,Yes,One year,Yes,Bank transfer (automatic),104.65,2964.0,No,1,1,0,1,0,1,1,1,6,Below 3 years,0.547119,1621.6607794761658,Medium Risk,Promote security service
Female,Yes,Yes,Yes,Yes,Yes,Fiber optic,No,No,No,No,Yes,Yes,Month-to-month,Yes,Credit card (automatic),94.55,3640.45,Yes,1,1,0,0,0,0,1,1,4,Below 5 years,0.6285575,2288.2321626096964,Medium Risk,Promote security service
Male,Yes,No,No,Yes,Yes,Fiber optic,No,No,No,No,No,No,Month-to-month,Yes,Electronic check,76.1,1712.7,Yes,1,1,0,0,0,0,0,0,2,Below 3 years,0.7665192,1312.8174147963525,High Risk - High Value,Priority retention offer
Male,No,Yes,Yes,Yes,Yes,DSL,Yes,Yes,No,Yes,No,No,Two year,Yes,Credit card (automatic),65.65,3566.7,No,1,1,1,1,0,1,0,0,5,Below 5 years,0.06390522,227.93073659464716,Low Risk,Standard engagement
Female,No,No,No,Yes,No,No,No internet service,No internet service,No internet service,No internet service,No internet service,No internet service,Month-to-month,No,Mailed check,20.35,20.35,No,1,0,0,0,0,0,0,0,1,Below 1 year,0.5806797,11.816832193732262,Medium Risk,Promote long-term contract
Male,No,Yes,Yes,Yes,No,DSL,Yes,Yes,No,Yes,No,Yes,Month-to-month,Yes,Credit card (automatic),70.3,1706.45,No,1,0,1,1,0,1,0,1,5,Below 3 years,0.23668854,403.8971580348909,Low Risk,Promote long-term contract
Female,No,Yes,No,Yes,Yes,Fiber optic,Yes,Yes,No,No,No,No,Two year,Yes,Bank transfer (automatic),84.7,5711.05,No,1,1,1,1,0,0,0,0,4,oldest Customers,0.1271738,726.2959093369544,Low Risk,Offer technical support
Male,Yes,Yes,No,Yes,Yes,Fiber optic,Yes,Yes,Yes,Yes,Yes,Yes,Month-to-month,Yes,Credit card (automatic),112.9,8061.5,No,1,1,1,1,1,1,1,1,8,oldest Customers,0.46213174,3725.475011229515,Medium Risk,Promote long-term contract
Female,No,Yes,Yes,Yes,Yes,Fiber optic,No,No,No,No,Yes,Yes,Month-to-month,Yes,Bank transfer (automatic),95.4,4613.95,No,1,1,0,0,0,0,1,1,4,Below 5 years,0.5871467,2709.065513828397,Medium Risk,Promote security service
Female,No,Yes,Yes,Yes,Yes,No,No internet service,No internet service,No internet service,No internet service,No internet service,No internet service,Two year,No,Electronic check,22.95,1014.25,No,1,1,0,0,0,0,0,0,2,Below 5 years,0.094804175,96.15513469465077,Low Risk,Standard engagement
Male,No,No,No,Yes,No,Fiber optic,Yes,No,No,No,Yes,Yes,Month-to-month,Yes,Electronic check,94.25,1483.25,Yes,1,0,1,0,0,0,1,1,4,Below 3 years,0.7735335,1147.343598112464,High Risk - High Value,Priority retention offer
Female,No,No,No,Yes,No,Fiber optic,No,No,No,No,No,No,Month-to-month,No,Electronic check,70.5,70.5,Yes,1,0,0,0,0,0,0,0,1,Below 1 year,0.88995886,62.74209952354431,High Risk - New Customer,Onboarding intervention
Male,Yes,No,No,Yes,Yes,Fiber optic,No,No,No,No,No,No,Month-to-month,Yes,Credit card (automatic),74.2,1133.9,Yes,1,1,0,0,0,0,0,0,2,Below 3 years,0.70569754,800.1904366016389,High Risk - General,Promote security service
Female,No,No,No,Yes,No,Fiber optic,No,No,No,No,No,No,Month-to-month,No,Electronic check,69.65,145.15,Yes,1,0,0,0,0,0,0,0,1,Below 1 year,0.86042637,124.89088707268239,High Risk - New Customer,Onboarding intervention
Male,No,No,No,Yes,No,DSL,No,No,Yes,No,Yes,Yes,Month-to-month,Yes,Electronic check,70.05,346.4,Yes,1,0,0,0,1,0,1,1,4,Below 1 year,0.77832633,269.61224160194394,High Risk - New Customer,Onboarding intervention
Female,No,Yes,No,Yes,No,Fiber optic,No,Yes,No,Yes,Yes,Yes,Two year,Yes,Mailed check,100.05,6034.85,No,1,0,0,1,0,1,1,1,5,Below 5 years,0.22889236,1381.3310355558992,Low Risk,Promote security service
Male,No,Yes,Yes,Yes,No,DSL,No,No,No,No,No,No,Month-to-month,Yes,Bank transfer (automatic),44.6,260.8,Yes,1,0,0,0,0,0,0,0,1,Below 1 year,0.62636817,163.35681743621828,Medium Risk,Promote security service
Female,Yes,No,No,Yes,Yes,Fiber optic,No,No,No,No,Yes,Yes,Month-to-month,Yes,Electronic check,95.45,396.1,Yes,1,1,0,0,0,0,1,1,4,Below 1 year,0.8992368,356.1876958012581,High Risk - High Value,Priority retention offer
Male,No,No,No,Yes,No,DSL,No,No,Yes,Yes,Yes,Yes,One year,Yes,Bank transfer (automatic),75.35,2243.9,No,1,0,0,0,1,1,1,1,5,Below 3 years,0.31488448,706.569293230772,Low Risk,Promote security service
Female,No,Yes,Yes,Yes,No,No,No internet service,No internet service,No internet service,No internet service,No internet service,No internet service,Month-to-month,No,Electronic check,20.0,417.65,No,1,0,0,0,0,0,0,0,1,Below 3 years,0.25983667,108.5207867860794,Low Risk,Promote long-term contract
Male,No,Yes,No,No,No phone service,DSL,Yes,No,Yes,No,Yes,Yes,One year,No,Credit card (automatic),53.15,1930.9,No,0,0,1,0,1,0,1,1,4,Below 3 years,0.20775491,401.1539557039738,Low Risk,Offer technical support
Male,No,Yes,Yes,Yes,No,DSL,No,No,Yes,No,No,No,Month-to-month,Yes,Electronic check,51.05,415.05,Yes,1,0,0,0,1,0,0,0,2,Below 1 year,0.6764388,280.75592744350433,Medium Risk,Promote security service
Female,Yes,Yes,No,Yes,Yes,DSL,Yes,Yes,Yes,Yes,Yes,Yes,Two year,Yes,Bank transfer (automatic),92.2,6474.45,No,1,1,1,1,1,1,1,1,8,oldest Customers,0.13387373,866.7587770119309,Low Risk,Standard engagement
Female,No,No,No,Yes,No,DSL,No,Yes,No,Yes,No,No,Month-to-month,Yes,Mailed check,53.9,834.15,Yes,1,0,0,1,0,1,0,0,3,Below 3 years,0.35931447,299.72216638773676,Low Risk,Promote security service
Male,No,No,No,Yes,Yes,DSL,No,Yes,No,Yes,No,No,Month-to-month,No,Mailed check,60.1,60.1,Yes,1,1,0,1,0,1,0,0,4,Below 1 year,0.6336584,38.082870388031004,Medium Risk,Promote security service
Male,No,No,No,Yes,No,Fiber optic,No,No,No,No,No,No,Month-to-month,No,Electronic check,68.25,2171.15,Yes,1,0,0,0,0,0,0,0,1,Below 3 years,0.67673254,1469.2878545045853,Medium Risk,Promote security service
Male,No,No,No,Yes,No,No,No internet service,No internet service,No internet service,No internet service,No internet service,No internet service,Two year,No,Mailed check,20.75,487.05,No,1,0,0,0,0,0,0,0,1,Below 3 years,0.05188622,25.271183222718538,Low Risk,Standard engagement
Female,No,Yes,No,Yes,Yes,DSL,Yes,Yes,Yes,No,No,Yes,One year,No,Bank transfer (automatic),74.1,3833.95,No,1,1,1,1,1,0,0,1,6,Below 5 years,0.18226661,698.801061283797,Low Risk,Offer technical support
Male,No,Yes,Yes,Yes,No,No,No internet service,No internet service,No internet service,No internet service,No internet service,No internet service,Two year,No,Bank transfer (automatic),21.05,262.05,No,1,0,0,0,0,0,0,0,1,Below 3 years,0.06258327,16.39994529783726,Low Risk,Standard engagement
Female,No,Yes,Yes,Yes,No,No,No internet service,No internet service,No internet service,No internet service,No internet service,No internet service,Month-to-month,Yes,Bank transfer (automatic),19.8,196.75,No,1,0,0,0,0,0,0,0,1,Below 1 year,0.27304012,53.720642790198326,Low Risk,Promote long-term contract
Female,No,Yes,Yes,No,No phone service,DSL,Yes,Yes,Yes,Yes,Yes,Yes,Two year,Yes,Credit card (automatic),65.2,4784.45,No,0,0,1,1,1,1,1,1,6,oldest Customers,0.052952018,253.34628077428786,Low Risk,Standard engagement
Female,No,No,No,Yes,Yes,DSL,No,No,Yes,Yes,Yes,Yes,One year,No,Credit card (automatic),80.55,4847.05,No,1,1,0,0,1,1,1,1,6,oldest Customers,0.1901824,921.8236151523888,Low Risk,Promote security service
Female,No,No,No,Yes,No,No,No internet service,No internet service,No internet service,No internet service,No internet service,No internet service,Month-to-month,Yes,Mailed check,19.5,470.2,No,1,0,0,0,0,0,0,0,1,Below 3 years,0.19828634,93.23423689901828,Low Risk,Promote long-term contract
Male,No,Yes,No,No,No phone service,DSL,No,No,No,Yes,Yes,No,Month-to-month,No,Mailed check,40.65,328.95,Yes,0,0,0,0,0,1,1,0,2,Below 1 year,0.4734238,155.73276190906762,Medium Risk,Promote security service
Female,No,No,No,Yes,No,No,No internet service,No internet service,No internet service,No internet service,No internet service,No internet service,Month-to-month,No,Mailed check,20.9,20.9,Yes,1,0,0,0,0,0,0,0,1,Below 1 year,0.5756212,12.03048282265663,Medium Risk,Promote long-term contract
Female,No,Yes,Yes,Yes,Yes,Fiber optic,Yes,No,Yes,Yes,Yes,Yes,Two year,No,Credit card (automatic),111.75,7511.3,No,1,1,1,0,1,1,1,1,7,oldest Customers,0.22238459,1670.3973478093744,Low Risk,Standard engagement
Male,No,No,No,Yes,Yes,No,No internet service,No internet service,No internet service,No internet service,No internet service,No internet service,Two year,No,Mailed check,25.75,1654.75,No,1,1,0,0,0,0,0,0,2,oldest Customers,0.05126271,84.82696977537125,Low Risk,Standard engagement
Male,Yes,No,No,Yes,Yes,DSL,No,Yes,No,Yes,No,No,Two year,No,Bank transfer (automatic),59.6,2754.0,No,1,1,0,1,0,1,0,0,4,Below 5 years,0.13354811,367.79149693250656,Low Risk,Promote security service
Male,Yes,No,No,Yes,Yes,Fiber optic,No,Yes,No,No,No,No,Month-to-month,Yes,Electronic check,80.2,1217.25,Yes,1,1,0,1,0,0,0,0,3,Below 3 years,0.82560366,1004.9660599082708,High Risk - High Value,Priority retention offer
Female,No,Yes,No,Yes,No,Fiber optic,No,No,Yes,Yes,Yes,Yes,Month-to-month,Yes,Electronic check,98.7,5669.5,No,1,0,0,0,1,1,1,1,5,Below 5 years,0.5641313,3198.3425160348415,Medium Risk,Promote security service
Male,No,Yes,Yes,Yes,Yes,Fiber optic,No,No,Yes,No,No,Yes,Month-to-month,Yes,Electronic check,89.2,2698.35,Yes,1,1,0,0,1,0,0,1,4,Below 3 years,0.75123566,2027.0967536598444,High Risk - High Value,Priority retention offer
Male,Yes,Yes,No,Yes,Yes,Fiber optic,No,Yes,Yes,No,Yes,Yes,One year,Yes,Bank transfer (automatic),103.15,6792.45,No,1,1,0,1,1,0,1,1,6,oldest Customers,0.5779449,3925.661664587259,Medium Risk,Promote security service
Male,No,No,Yes,Yes,No,No,No internet service,No internet service,No internet service,No internet service,No internet service,No internet service,Two year,No,Mailed check,20.55,1357.1,No,1,0,0,0,0,0,0,0,1,oldest Customers,0.04418875,59.96855132915079,Low Risk,Standard engagement
Female,No,Yes,Yes,Yes,Yes,Fiber optic,Yes,Yes,Yes,No,Yes,No,Month-to-month,Yes,Electronic check,100.55,6215.35,Yes,1,1,1,1,1,0,1,0,6,oldest Customers,0.54493815,3386.981312379241,Medium Risk,Offer technical support
Male,No,Yes,No,Yes,No,No,No internet service,No internet service,No internet service,No internet service,No internet service,No internet service,One year,No,Bank transfer (automatic),19.9,942.95,No,1,0,0,0,0,0,0,0,1,Below 5 years,0.09571651,90.25588658712805,Low Risk,Standard engagement
Female,Yes,No,No,Yes,No,Fiber optic,No,Yes,No,No,No,No,Month-to-month,Yes,Credit card (automatic),75.3,1147.45,Yes,1,0,0,1,0,0,0,0,2,Below 3 years,0.6966701,799.3941234499216,Medium Risk,Promote security service
Male,No,No,No,Yes,No,DSL,Yes,No,Yes,Yes,Yes,Yes,Month-to-month,Yes,Credit card (automatic),79.2,2854.95,No,1,0,1,0,1,1,1,1,6,Below 5 years,0.32298803,922.1146856546401,Low Risk,Promote long-term contract
Male,No,No,Yes,Yes,No,DSL,No,No,No,Yes,Yes,Yes,Month-to-month,No,Mailed check,70.7,225.65,No,1,0,0,0,0,1,1,1,4,Below 1 year,0.52519464,118.51017162799836,Medium Risk,Promote security service
Male,Yes,Yes,Yes,Yes,Yes,Fiber optic,Yes,Yes,Yes,Yes,Yes,Yes,One year,Yes,Electronic check,116.25,7862.25,No,1,1,1,1,1,1,1,1,8,oldest Customers,0.43405503,3412.649162337184,Medium Risk,Standard engagement
Female,No,No,No,Yes,No,DSL,Yes,Yes,Yes,Yes,No,Yes,One year,No,Credit card (automatic),73.9,3160.55,Yes,1,0,1,1,1,1,0,1,6,Below 5 years,0.23660284,747.7951148360968,Low Risk,Standard engagement
Male,Yes,No,No,Yes,Yes,Fiber optic,No,Yes,No,No,Yes,No,Month-to-month,Yes,Electronic check,88.95,2291.2,Yes,1,1,0,1,0,0,1,0,4,Below 3 years,0.8005174,1834.1454216003417,High Risk - High Value,Priority retention offer
Female,Yes,No,No,No,No phone service,DSL,No,No,Yes,No,Yes,No,Month-to-month,Yes,Electronic check,40.3,1172.95,Yes,0,0,0,0,1,0,1,0,2,Below 3 years,0.65565276,769.0479065537453,Medium Risk,Promote security service
Male,No,No,No,Yes,No,No,No internet service,No internet service,No internet service,No internet service,No internet service,No internet service,Month-to-month,Yes,Credit card (automatic),20.6,330.25,No,1,0,0,0,0,0,0,0,1,Below 3 years,0.28696445,94.77000839263201,Low Risk,Promote long-term contract
Female,No,Yes,Yes,No,No phone service,DSL,No,Yes,Yes,Yes,Yes,Yes,One year,Yes,Bank transfer (automatic),58.4,4113.15,No,0,0,0,1,1,1,1,1,5,oldest Customers,0.23127462,951.2672020129859,Low Risk,Promote security service
Male,No,No,No,Yes,No,No,No internet service,No internet service,No internet service,No internet service,No internet service,No internet service,One year,No,Bank transfer (automatic),19.95,1004.5,No,1,0,0,0,0,0,0,0,1,Below 5 years,0.09571651,96.14723800495267,Low Risk,Standard engagement
Female,No,No,No,Yes,No,Fiber optic,Yes,No,No,No,No,No,Month-to-month,Yes,Bank transfer (automatic),75.0,1778.5,No,1,0,1,0,0,0,0,0,2,Below 3 years,0.4956892,881.5832658112049,Medium Risk,Offer technical support
Male,No,No,No,Yes,No,No,No internet service,No internet service,No internet service,No internet service,No internet service,No internet service,Month-to-month,No,Mailed check,20.15,20.15,Yes,1,0,0,0,0,0,0,0,1,Below 1 year,0.5702775,11.491091868281364,Medium Risk,Promote long-term contract
Female,No,Yes,Yes,Yes,Yes,Fiber optic,No,No,Yes,No,Yes,No,Month-to-month,No,Electronic check,87.45,2874.15,Yes,1,1,0,0,1,0,1,0,4,Below 3 years,0.72328854,2078.839745950699,High Risk - High Value,Priority retention offer
Female,No,Yes,Yes,Yes,No,Fiber optic,No,No,No,No,Yes,Yes,Month-to-month,No,Electronic check,88.35,1222.8,Yes,1,0,0,0,0,0,1,1,3,Below 3 years,0.82645226,1010.5858177185058,High Risk - High Value,Priority retention offer
Female,Yes,No,No,Yes,Yes,Fiber optic,No,No,No,No,No,Yes,Month-to-month,Yes,Electronic check,84.6,360.1,Yes,1,1,0,0,0,0,0,1,3,Below 1 year,0.887711,319.6647269666195,High Risk - High Value,Priority retention offer
Male,No,No,No,Yes,No,DSL,No,No,No,No,No,No,Month-to-month,Yes,Electronic check,44.8,44.8,No,1,0,0,0,0,0,0,0,1,Below 1 year,0.84850746,38.01313438415527,High Risk - New Customer,Onboarding intervention
Male,No,Yes,Yes,Yes,Yes,No,No internet service,No internet service,No internet service,No internet service,No internet service,No internet service,One year,No,Credit card (automatic),24.1,73.1,No,1,1,0,0,0,0,0,0,2,Below 1 year,0.14719848,10.76020913273096,Low Risk,Standard engagement
Male,No,Yes,No,Yes,No,No,No internet service,No internet service,No internet service,No internet service,No internet service,No internet service,One year,No,Mailed check,20.65,417.5,No,1,0,0,0,0,0,0,0,1,Below 3 years,0.095320925,39.79648623615503,Low Risk,Standard engagement
Male,Yes,Yes,No,Yes,Yes,Fiber optic,Yes,Yes,No,No,No,No,Month-to-month,No,Bank transfer (automatic),83.85,5588.8,No,1,1,1,1,0,0,0,0,4,oldest Customers,0.3512888,1963.2828201293946,Low Risk,Offer technical support
Male,No,No,No,Yes,No,Fiber optic,Yes,No,No,Yes,Yes,No,Two year,Yes,Electronic check,88.95,3027.65,No,1,0,1,0,0,1,1,0,4,Below 3 years,0.1696745,513.7150024168194,Low Risk,Standard engagement
Male,No,No,No,Yes,Yes,Fiber optic,Yes,No,No,No,No,Yes,Month-to-month,No,Mailed check,90.75,174.75,No,1,1,1,0,0,0,0,1,4,Below 1 year,0.7222039,126.20513333380222,High Risk - High Value,Priority retention offer
Female,No,No,No,Yes,No,Fiber optic,No,No,No,No,No,No,Month-to-month,Yes,Electronic check,71.1,1247.75,No,1,0,0,0,0,0,0,0,1,Below 3 years,0.7065141,881.5529933571815,High Risk - General,Promote security service
Female,No,No,No,No,No phone service,DSL,No,No,No,Yes,Yes,Yes,One year,Yes,Mailed check,49.25,255.6,No,0,0,0,0,0,1,1,1,3,Below 1 year,0.40294325,102.99229559898376,Medium Risk,Promote security service
Male,No,Yes,No,No,No phone service,DSL,No,No,No,No,No,Yes,Month-to-month,Yes,Electronic check,35.15,99.75,Yes,0,0,0,0,0,0,0,1,1,Below 1 year,0.8430208,84.09132447838783,High Risk - New Customer,Onboarding intervention
Female,No,No,No,Yes,No,Fiber optic,No,No,Yes,No,Yes,Yes,Two year,Yes,Electronic check,95.25,5464.65,Yes,1,0,0,0,1,0,1,1,4,Below 5 years,0.34308,1874.8121984526513,Low Risk,Promote security service
Female,No,No,No,Yes,Yes,Fiber optic,Yes,Yes,Yes,No,No,Yes,Month-to-month,Yes,Bank transfer (automatic),99.7,1238.45,Yes,1,1,1,1,1,0,0,1,6,Below 3 years,0.78596663,973.3803788065911,High Risk - High Value,Priority retention offer
Male,No,No,No,Yes,Yes,Fiber optic,No,No,No,No,No,No,Month-to-month,Yes,Electronic check,75.3,75.3,Yes,1,1,0,0,0,0,0,0,2,Below 1 year,0.90601766,68.22312988042832,High Risk - High Value,Priority retention offer
Female,No,No,No,Yes,No,Fiber optic,No,No,No,No,Yes,Yes,Month-to-month,Yes,Electronic check,90.4,168.2,Yes,1,0,0,0,0,0,1,1,3,Below 1 year,0.91532123,153.95703103542326,High Risk - High Value,Priority retention offer
Male,No,No,No,Yes,No,No,No internet service,No internet service,No internet service,No internet service,No internet service,No internet service,Two year,No,Bank transfer (automatic),19.65,978.0,No,1,0,0,0,0,0,0,0,1,Below 5 years,0.048903055,47.82718826830387,Low Risk,Standard engagement
Male,Yes,Yes,Yes,Yes,Yes,Fiber optic,Yes,Yes,No,No,No,Yes,Month-to-month,Yes,Electronic check,93.25,5774.55,No,1,1,1,1,0,0,0,1,5,oldest Customers,0.3838678,2216.6638058513404,Low Risk,Offer technical support
Male,No,Yes,Yes,No,No phone service,DSL,No,No,Yes,Yes,Yes,No,Month-to-month,Yes,Electronic check,44.85,1442.6,No,0,0,0,0,1,1,1,0,3,Below 3 years,0.40441245,583.4053980708122,Medium Risk,Promote security service
Male,No,Yes,No,Yes,No,Fiber optic,No,No,No,No,No,No,Month-to-month,Yes,Electronic check,69.15,69.15,Yes,1,0,0,0,0,0,0,0,1,Below 1 year,0.90344363,62.473127326369294,High Risk - New Customer,Onboarding intervention
Female,Yes,No,No,Yes,Yes,Fiber optic,No,No,No,No,Yes,Yes,Month-to-month,Yes,Electronic check,96.4,1581.2,Yes,1,1,0,0,0,0,1,1,4,Below 3 years,0.86598295,1369.2922401189805,High Risk - High Value,Priority retention offer
Female,No,No,No,Yes,No,DSL,No,No,No,No,No,No,Month-to-month,No,Mailed check,45.35,45.35,No,1,0,0,0,0,0,0,0,1,Below 1 year,0.7673905,34.801158702373506,High Risk - New Customer,Onboarding intervention
Male,No,No,No,Yes,Yes,Fiber optic,No,Yes,No,No,No,No,Month-to-month,Yes,Electronic check,82.35,1852.85,Yes,1,1,0,1,0,0,0,0,3,Below 3 years,0.73629034,1364.2355484187603,High Risk - High Value,Priority retention offer
Female,Yes,Yes,No,Yes,Yes,Fiber optic,No,Yes,Yes,No,Yes,Yes,One year,Yes,Credit card (automatic),104.4,6405.0,Yes,1,1,0,1,1,0,1,1,6,oldest Customers,0.48494086,3106.046187132597,Medium Risk,Promote security service
Male,Yes,Yes,No,Yes,Yes,Fiber optic,No,No,No,No,No,No,Month-to-month,Yes,Mailed check,74.4,306.6,Yes,1,1,0,0,0,0,0,0,2,Below 1 year,0.79363096,243.3272516012192,High Risk - New Customer,Onboarding intervention
Female,No,Yes,Yes,No,No phone service,DSL,Yes,No,No,No,Yes,Yes,Month-to-month,No,Electronic check,50.55,565.35,No,0,0,1,0,0,0,1,1,3,Below 1 year,0.58857495,332.7508456796408,Medium Risk,Offer technical support
Male,No,Yes,Yes,Yes,No,No,No internet service,No internet service,No internet service,No internet service,No internet service,No internet service,One year,Yes,Mailed check,19.5,239.75,No,1,0,0,0,0,0,0,0,1,Below 3 years,0.10107932,24.233767544850707,Low Risk,Standard engagement
Female,No,Yes,No,Yes,Yes,No,No internet service,No internet service,No internet service,No internet service,No internet service,No internet service,One year,No,Electronic check,24.3,1261.7,No,1,1,0,0,0,0,0,0,2,Below 5 years,0.12087345,152.50603342056274,Low Risk,Standard engagement
Female,Yes,Yes,No,Yes,Yes,Fiber optic,Yes,No,No,No,No,No,Month-to-month,Yes,Electronic check,77.5,3807.35,Yes,1,1,1,0,0,0,0,0,3,Below 5 years,0.53768915,2047.170782890916,Medium Risk,Offer technical support
Male,No,No,Yes,Yes,Yes,DSL,Yes,Yes,No,No,No,No,Month-to-month,No,Bank transfer (automatic),60.95,134.6,No,1,1,1,1,0,0,0,0,4,Below 1 year,0.50033265,67.34477516412734,Medium Risk,Offer technical support
Male,No,Yes,No,Yes,No,DSL,Yes,Yes,No,Yes,No,Yes,Two year,No,Mailed check,67.95,4664.15,No,1,0,1,1,0,1,0,1,5,oldest Customers,0.066898026,312.0224259730428,Low Risk,Standard engagement
Male,No,No,No,Yes,Yes,Fiber optic,No,No,No,Yes,Yes,Yes,Month-to-month,Yes,Mailed check,99.0,1301.7,Yes,1,1,0,0,0,1,1,1,5,Below 3 years,0.7534654,980.785929465294,High Risk - High Value,Priority retention offer
Female,No,Yes,No,Yes,Yes,No,No internet service,No internet service,No internet service,No internet service,No internet service,No internet service,One year,Yes,Bank transfer (automatic),24.45,1066.15,No,1,1,0,0,0,0,0,0,2,Below 5 years,0.10773432,114.86094798445703,Low Risk,Standard engagement
Female,Yes,Yes,No,Yes,Yes,Fiber optic,No,Yes,No,No,Yes,Yes,One year,Yes,Credit card (automatic),101.5,5373.1,Yes,1,1,0,1,0,0,1,1,5,Below 5 years,0.4839055,2600.0726109564307,Medium Risk,Promote security service
Male,No,No,No,Yes,No,Fiber optic,No,Yes,Yes,No,No,No,Month-to-month,Yes,Electronic check,79.8,973.45,Yes,1,0,0,1,1,0,0,0,3,Below 3 years,0.79706585,775.9037556469441,High Risk - High Value,Priority retention offer
Male,Yes,No,No,Yes,No,Fiber optic,Yes,No,No,No,No,Yes,Month-to-month,No,Mailed check,85.5,4042.3,Yes,1,0,1,0,0,0,0,1,3,Below 5 years,0.4865577,1966.8121595412495,Medium Risk,Offer technical support
Male,No,No,No,Yes,No,Fiber optic,Yes,No,No,No,Yes,No,One year,No,Mailed check,86.35,4267.15,No,1,0,1,0,0,0,1,0,3,Below 5 years,0.1717601,732.9260985366999,Low Risk,Offer technical support
Male,No,Yes,Yes,Yes,Yes,Fiber optic,Yes,Yes,Yes,Yes,Yes,Yes,Two year,Yes,Credit card (automatic),114.05,8289.2,No,1,1,1,1,1,1,1,1,8,oldest Customers,0.094170384,780.5971479564906,Low Risk,Standard engagement
Female,No,Yes,No,Yes,Yes,Fiber optic,No,Yes,Yes,No,No,No,Month-to-month,Yes,Bank transfer (automatic),85.4,5869.4,No,1,1,0,1,1,0,0,0,4,oldest Customers,0.45108256,2647.583962637186,Medium Risk,Promote security service
Female,No,No,No,Yes,Yes,DSL,Yes,Yes,Yes,Yes,Yes,No,Two year,Yes,Credit card (automatic),79.85,4861.45,No,1,1,1,1,1,1,1,0,7,oldest Customers,0.087284185,424.3277011308819,Low Risk,Standard engagement
Female,No,Yes,No,Yes,Yes,Fiber optic,Yes,No,No,No,No,No,Two year,No,Bank transfer (automatic),80.45,5737.6,No,1,1,1,0,0,0,0,0,3,oldest Customers,0.07894474,452.9533555984497,Low Risk,Offer technical support
Female,No,Yes,No,Yes,Yes,DSL,Yes,No,No,Yes,No,No,One year,No,Bank transfer (automatic),58.25,3975.7,No,1,1,1,0,0,1,0,0,4,oldest Customers,0.11050782,439.3459539957344,Low Risk,Standard engagement
Female,No,Yes,Yes,Yes,Yes,DSL,No,No,Yes,Yes,Yes,Yes,One year,Yes,Electronic check,79.15,2531.4,No,1,1,0,0,1,1,1,1,6,Below 3 years,0.3241023,820.4325934231282,Low Risk,Promote security service
Female,Yes,No,No,Yes,No,Fiber optic,No,No,Yes,No,No,Yes,Month-to-month,Yes,Electronic check,85.0,85.0,Yes,1,0,0,0,1,0,0,1,3,Below 1 year,0.92476624,78.60513061285019,High Risk - High Value,Priority retention offer
Female,No,Yes,Yes,Yes,No,DSL,No,No,Yes,Yes,Yes,Yes,Two year,Yes,Bank transfer (automatic),73.8,4616.05,No,1,0,0,0,1,1,1,1,5,oldest Customers,0.09350307,431.61485946550965,Low Risk,Promote security service
Male,No,No,No,Yes,No,DSL,Yes,Yes,No,No,Yes,No,Two year,Yes,Bank transfer (automatic),65.3,3512.9,No,1,0,1,1,0,0,1,0,4,Below 5 years,0.07014651,246.41766976192594,Low Risk,Offer technical support
Female,No,No,No,Yes,Yes,Fiber optic,Yes,Yes,Yes,Yes,Yes,Yes,Two year,Yes,Electronic check,118.65,8477.6,No,1,1,1,1,1,1,1,1,8,oldest Customers,0.12472957,1057.4073710620403,Low Risk,Standard engagement
Female,No,Yes,Yes,Yes,Yes,Fiber optic,No,Yes,No,No,No,Yes,Month-to-month,Yes,Bank transfer (automatic),90.9,1259.0,Yes,1,1,0,1,0,0,0,1,4,Below 3 years,0.77013963,969.605799973011,High Risk - High Value,Priority retention offer
Male,No,No,No,Yes,No,Fiber optic,No,No,No,No,Yes,No,Month-to-month,Yes,Credit card (automatic),80.5,463.05,Yes,1,0,0,0,0,0,1,0,2,Below 1 year,0.774231,358.5076722532511,High Risk - High Value,Priority retention offer
Male,No,Yes,Yes,Yes,No,Fiber optic,No,Yes,Yes,No,Yes,No,One year,No,Electronic check,90.95,5453.4,Yes,1,0,0,1,1,0,1,0,4,oldest Customers,0.33753425,1840.7092725634573,Low Risk,Promote security service
Male,No,No,No,Yes,Yes,Fiber optic,No,Yes,No,No,Yes,Yes,Month-to-month,No,Electronic check,98.7,4920.55,No,1,1,0,1,0,0,1,1,5,Below 5 years,0.66861755,3289.9660687178375,Medium Risk,Promote security service
Female,No,No,No,Yes,No,Fiber optic,No,No,Yes,Yes,Yes,No,One year,Yes,Credit card (automatic),90.05,5817.0,No,1,0,0,0,1,1,1,0,4,oldest Customers,0.20828024,1211.5661300718784,Low Risk,Promote security service
Male,Yes,Yes,No,Yes,No,Fiber optic,No,Yes,Yes,No,No,No,Month-to-month,Yes,Mailed check,79.65,2365.15,Yes,1,0,0,1,1,0,0,0,3,Below 3 years,0.57744914,1365.7538404077293,Medium Risk,Promote security service
Male,Yes,No,No,Yes,Yes,Fiber optic,No,No,No,No,No,No,Month-to-month,Yes,Electronic check,74.4,74.4,Yes,1,1,0,0,0,0,0,0,2,Below 1 year,0.91186506,67.8427601337433,High Risk - New Customer,Onboarding intervention
Female,Yes,Yes,No,Yes,Yes,Fiber optic,No,No,Yes,Yes,Yes,Yes,One year,Yes,Credit card (automatic),105.95,6975.25,Yes,1,1,0,0,1,1,1,1,6,oldest Customers,0.46914944,3272.4346350356936,Medium Risk,Promote security service
Female,No,Yes,Yes,Yes,Yes,DSL,Yes,Yes,Yes,Yes,Yes,Yes,Two year,Yes,Bank transfer (automatic),89.0,6293.2,No,1,1,1,1,1,1,1,1,8,oldest Customers,0.08073287,508.06807937026025,Low Risk,Standard engagement
Male,No,Yes,No,Yes,Yes,Fiber optic,No,No,Yes,No,Yes,Yes,One year,Yes,Bank transfer (automatic),99.5,5961.1,Yes,1,1,0,0,1,0,1,1,5,Below 5 years,0.48617414,2898.1326444953684,Medium Risk,Promote security service
Female,Yes,No,No,Yes,Yes,Fiber optic,No,Yes,No,No,No,Yes,Month-to-month,No,Electronic check,89.85,1424.95,Yes,1,1,0,1,0,0,0,1,4,Below 3 years,0.79531664,1133.286441269517,High Risk - High Value,Priority retention offer
Male,No,No,No,Yes,Yes,Fiber optic,No,Yes,Yes,Yes,Yes,Yes,Two year,No,Bank transfer (automatic),109.2,7878.3,No,1,1,0,1,1,1,1,1,7,oldest Customers,0.20529997,1617.4147811293603,Low Risk,Promote security service
Female,No,Yes,Yes,Yes,Yes,No,No internet service,No internet service,No internet service,No internet service,No internet service,No internet service,Two year,Yes,Bank transfer (automatic),26.25,1988.05,No,1,1,0,0,0,0,0,0,2,oldest Customers,0.04825593,95.93520478960126,Low Risk,Standard engagement
Male,No,No,No,Yes,Yes,Fiber optic,No,No,Yes,No,Yes,No,Two year,Yes,Electronic check,89.55,5231.2,No,1,1,0,0,1,0,1,0,4,oldest Customers,0.28454536,1488.5136976718902,Low Risk,Promote security service
Male,No,Yes,No,No,No phone service,DSL,No,Yes,No,No,Yes,Yes,Two year,No,Electronic check,49.35,3515.25,Yes,0,0,0,1,0,0,1,1,3,oldest Customers,0.25153363,884.2035841047764,Low Risk,Promote security service
Female,No,No,No,Yes,Yes,Fiber optic,No,No,No,No,Yes,Yes,Month-to-month,Yes,Electronic check,94.6,94.6,Yes,1,1,0,0,0,0,1,1,4,Below 1 year,0.93116856,88.08854541778564,High Risk - High Value,Priority retention offer
Male,No,No,Yes,Yes,No,No,No internet service,No internet service,No internet service,No internet service,No internet service,No internet service,Month-to-month,No,Mailed check,20.8,460.2,No,1,0,0,0,0,0,0,0,1,Below 3 years,0.16979277,78.13863337039948,Low Risk,Promote long-term contract
Male,Yes,No,No,Yes,No,Fiber optic,No,Yes,Yes,Yes,No,No,Month-to-month,Yes,Mailed check,83.8,1029.75,Yes,1,0,0,1,1,1,0,0,4,Below 3 years,0.64501345,664.2026017606258,Medium Risk,Promote security service
Female,No,Yes,No,Yes,Yes,DSL,Yes,Yes,Yes,Yes,Yes,Yes,Two year,No,Bank transfer (automatic),88.05,6520.8,No,1,1,1,1,1,1,1,1,8,oldest Customers,0.064514235,420.6844213843346,Low Risk,Standard engagement
Female,Yes,Yes,No,No,No phone service,DSL,No,Yes,Yes,No,Yes,Yes,Month-to-month,No,Credit card (automatic),55.55,2342.2,Yes,0,0,0,1,1,0,1,1,4,Below 5 years,0.49427313,1157.6865160107611,Medium Risk,Promote security service
Male,No,No,No,Yes,Yes,Fiber optic,No,No,No,No,No,No,Month-to-month,Yes,Bank transfer (automatic),74.6,3720.35,No,1,1,0,0,0,0,0,0,2,Below 5 years,0.4078796,1517.4548363327979,Medium Risk,Promote security service
Female,No,Yes,Yes,Yes,Yes,DSL,Yes,Yes,Yes,Yes,Yes,Yes,Two year,No,Bank transfer (automatic),89.9,6342.7,No,1,1,1,1,1,1,1,1,8,oldest Customers,0.061072998,387.3677028216421,Low Risk,Standard engagement
Male,No,No,No,Yes,Yes,Fiber optic,No,Yes,Yes,No,Yes,Yes,Month-to-month,Yes,Credit card (automatic),104.5,4036.85,Yes,1,1,0,1,1,0,1,1,6,Below 5 years,0.67838556,2738.540730705857,Medium Risk,Promote security service
Female,No,Yes,No,Yes,No,No,No internet service,No internet service,No internet service,No internet service,No internet service,No internet service,Two year,No,Credit card (automatic),20.25,1278.8,No,1,0,0,0,0,0,0,0,1,oldest Customers,0.046301104,59.20985195934772,Low Risk,Standard engagement
Female,No,Yes,No,No,No phone service,DSL,Yes,No,Yes,No,Yes,Yes,Month-to-month,No,Electronic check,55.9,2184.35,Yes,0,0,1,0,1,0,1,1,4,Below 5 years,0.5497535,1200.8540295690298,Medium Risk,Offer technical support
Female,Yes,No,No,Yes,Yes,Fiber optic,No,No,Yes,No,No,Yes,Month-to-month,Yes,Electronic check,88.55,179.25,Yes,1,1,0,0,1,0,0,1,4,Below 1 year,0.9126222,163.5875317454338,High Risk - High Value,Priority retention offer
Male,No,Yes,No,Yes,Yes,Fiber optic,Yes,Yes,No,No,No,No,Month-to-month,Yes,Electronic check,84.45,2467.1,Yes,1,1,1,1,0,0,0,0,4,Below 3 years,0.6402212,1579.4896695554255,Medium Risk,Offer technical support
Female,No,Yes,Yes,Yes,No,Fiber optic,Yes,No,Yes,No,Yes,Yes,One year,No,Electronic check,100.3,5244.45,No,1,0,1,0,1,0,1,1,5,Below 5 years,0.3264776,1712.1953823119402,Low Risk,Offer technical support
Female,No,No,No,Yes,No,Fiber optic,Yes,No,Yes,Yes,Yes,Yes,Two year,Yes,Credit card (automatic),102.5,4904.25,No,1,0,1,0,1,1,1,1,6,Below 5 years,0.15816064,775.6593274958432,Low Risk,Standard engagement
Male,Yes,Yes,No,Yes,Yes,Fiber optic,No,No,Yes,No,Yes,Yes,Month-to-month,Yes,Credit card (automatic),100.45,1622.45,Yes,1,1,0,0,1,0,1,1,5,Below 3 years,0.76698726,1244.3984867304564,High Risk - High Value,Priority retention offer
Female,No,Yes,No,Yes,Yes,Fiber optic,Yes,Yes,Yes,Yes,Yes,Yes,Two year,Yes,Credit card (automatic),115.55,8312.4,No,1,1,1,1,1,1,1,1,8,oldest Customers,0.08244124,685.2845679402351,Low Risk,Standard engagement
Male,No,Yes,No,Yes,Yes,Fiber optic,No,No,No,No,Yes,No,Month-to-month,Yes,Electronic check,86.1,1235.55,Yes,1,1,0,0,0,0,1,0,3,Below 3 years,0.85418767,1055.391572418809,High Risk - High Value,Priority retention offer
Male,No,Yes,Yes,Yes,Yes,No,No internet service,No internet service,No internet service,No internet service,No internet service,No internet service,Two year,No,Bank transfer (automatic),24.15,1402.25,No,1,1,0,0,0,0,0,0,2,Below 5 years,0.05187393,72.74021806009114,Low Risk,Standard engagement
Female,No,Yes,Yes,Yes,No,DSL,Yes,No,No,Yes,Yes,No,One year,No,Mailed check,65.8,4068.0,No,1,0,1,0,0,1,1,0,4,oldest Customers,0.115156494,468.4566179215908,Low Risk,Standard engagement
Female,No,No,No,Yes,Yes,Fiber optic,No,Yes,Yes,No,No,Yes,Month-to-month,Yes,Electronic check,94.85,953.45,Yes,1,1,0,1,1,0,0,1,5,Below 1 year,0.8556834,815.8513246923685,High Risk - High Value,Priority retention offer
Female,No,Yes,Yes,No,No phone service,DSL,No,No,No,Yes,Yes,No,Month-to-month,No,Electronic check,40.1,40.1,Yes,0,0,0,0,0,1,1,0,2,Below 1 year,0.7288853,29.22830024957657,High Risk - New Customer,Onboarding intervention
Female,Yes,Yes,No,Yes,Yes,DSL,No,Yes,Yes,No,Yes,Yes,Two year,Yes,Bank transfer (automatic),80.55,5265.1,Yes,1,1,0,1,1,0,1,1,6,oldest Customers,0.21651535,1139.974955393374,Low Risk,Promote security service
Female,No,No,No,Yes,No,Fiber optic,No,No,No,No,No,No,Month-to-month,No,Mailed check,71.1,71.1,No,1,0,0,0,0,0,0,0,1,Below 1 year,0.8207924,58.35833800435066,High Risk - New Customer,Onboarding intervention
Female,No,No,No,Yes,No,No,No internet service,No internet service,No internet service,No internet service,No internet service,No internet service,Two year,Yes,Mailed check,20.5,1035.7,No,1,0,0,0,0,0,0,0,1,Below 5 years,0.04842029,50.14889579676092,Low Risk,Standard engagement
Male,No,No,No,Yes,Yes,No,No internet service,No internet service,No internet service,No internet service,No internet service,No internet service,One year,No,Electronic check,24.9,1334.0,Yes,1,1,0,0,0,0,0,0,2,Below 5 years,0.13089122,174.60888585448265,Low Risk,Standard engagement
Male,No,No,No,Yes,Yes,Fiber optic,Yes,No,No,No,No,No,Month-to-month,Yes,Electronic check,80.1,336.15,No,1,1,1,0,0,0,0,0,3,Below 1 year,0.7520272,252.79394784271716,High Risk - High Value,Priority retention offer
Male,No,No,No,Yes,No,Fiber optic,Yes,No,No,No,No,No,Month-to-month,Yes,Electronic check,75.2,3198.6,Yes,1,0,1,0,0,0,0,0,2,Below 5 years,0.5523749,1766.8263531804084,Medium Risk,Offer technical support
Female,No,Yes,No,Yes,No,No,No internet service,No internet service,No internet service,No internet service,No internet service,No internet service,Two year,No,Bank transfer (automatic),19.65,921.55,No,1,0,0,0,0,0,0,0,1,Below 5 years,0.04974042,45.8382829375565,Low Risk,Standard engagement
Female,No,No,No,Yes,No,Fiber optic,No,No,No,No,Yes,No,Month-to-month,Yes,Electronic check,79.0,303.15,Yes,1,0,0,0,0,0,1,0,2,Below 1 year,0.8763955,265.6793029636144,High Risk - High Value,Priority retention offer
Female,No,No,No,Yes,Yes,Fiber optic,Yes,No,No,Yes,Yes,Yes,Month-to-month,Yes,Bank transfer (automatic),103.35,847.3,Yes,1,1,1,0,0,1,1,1,6,Below 1 year,0.7627125,646.2462831497191,High Risk - High Value,Priority retention offer
Female,No,No,No,Yes,Yes,Fiber optic,No,No,Yes,No,No,No,Month-to-month,No,Bank transfer (automatic),80.05,1345.65,No,1,1,0,0,1,0,0,0,3,Below 3 years,0.5176061,696.5166209846735,Medium Risk,Promote security service
Male,Yes,Yes,No,Yes,No,Fiber optic,Yes,No,Yes,No,No,Yes,One year,No,Bank transfer (automatic),90.1,2656.7,No,1,0,1,0,1,0,0,1,4,Below 3 years,0.28799832,765.1251332163811,Low Risk,Offer technical support
Male,No,No,No,Yes,No,Fiber optic,No,No,No,No,Yes,Yes,Month-to-month,Yes,Electronic check,88.35,88.35,Yes,1,0,0,0,0,0,1,1,3,Below 1 year,0.9248363,81.70928515791893,High Risk - High Value,Priority retention offer
Female,Yes,No,No,Yes,Yes,Fiber optic,Yes,No,Yes,Yes,Yes,Yes,Month-to-month,Yes,Bank transfer (automatic),108.95,7111.3,No,1,1,1,0,1,1,1,1,7,oldest Customers,0.46512157,3307.6190011799335,Medium Risk,Promote long-term contract
Male,No,Yes,Yes,Yes,Yes,DSL,No,No,No,No,No,No,Month-to-month,Yes,Electronic check,50.9,225.6,Yes,1,1,0,0,0,0,0,0,2,Below 1 year,0.7710278,173.94387245178223,High Risk - New Customer,Onboarding intervention
Male,No,Yes,No,Yes,No,Fiber optic,No,No,No,No,Yes,No,Month-to-month,Yes,Electronic check,79.95,857.2,Yes,1,0,0,0,0,0,1,0,2,Below 1 year,0.8253978,707.5309851408006,High Risk - High Value,Priority retention offer
Male,No,Yes,No,Yes,Yes,Fiber optic,No,No,Yes,No,Yes,Yes,Month-to-month,Yes,Credit card (automatic),102.25,1359.0,Yes,1,1,0,0,1,0,1,1,5,Below 3 years,0.80525607,1094.3429973721504,High Risk - High Value,Priority retention offer
Female,Yes,Yes,No,Yes,No,Fiber optic,No,No,No,No,No,No,Month-to-month,Yes,Bank transfer (automatic),70.65,3545.05,No,1,0,0,0,0,0,0,0,1,Below 5 years,0.47877657,1697.2868941366673,Medium Risk,Promote security service
Female,No,No,No,Yes,No,Fiber optic,No,No,Yes,No,Yes,Yes,One year,Yes,Credit card (automatic),94.1,5060.9,No,1,0,0,0,1,0,1,1,4,Below 5 years,0.2835636,1435.0870935440062,Low Risk,Promote security service
Male,Yes,Yes,No,Yes,Yes,Fiber optic,Yes,No,No,No,No,No,Month-to-month,Yes,Electronic check,78.85,1772.25,Yes,1,1,1,0,0,0,0,0,3,Below 3 years,0.6804884,1205.9955803900957,Medium Risk,Offer technical support
Female,No,No,No,Yes,Yes,DSL,Yes,No,No,Yes,No,Yes,Month-to-month,No,Electronic check,71.15,563.65,Yes,1,1,1,0,0,1,0,1,5,Below 1 year,0.5535498,312.00835950672626,Medium Risk,Promote long-term contract
Male,No,No,Yes,No,No phone service,DSL,No,No,No,No,No,No,Month-to-month,No,Credit card (automatic),25.0,789.2,No,0,0,0,0,0,0,0,0,0,Below 3 years,0.36063078,284.609811937809,Low Risk,Promote security service
Male,Yes,No,No,Yes,No,DSL,No,No,No,No,No,No,Month-to-month,No,Mailed check,44.95,85.15,Yes,1,0,0,0,0,0,0,0,1,Below 1 year,0.7436489,63.32170270085335,High Risk - New Customer,Onboarding intervention
Male,No,Yes,Yes,Yes,No,No,No internet service,No internet service,No internet service,No internet service,No internet service,No internet service,One year,No,Mailed check,19.45,113.5,No,1,0,0,0,0,0,0,0,1,Below 1 year,0.11912545,13.520738366991282,Low Risk,Standard engagement
Female,No,No,No,Yes,Yes,DSL,No,No,No,No,No,No,Month-to-month,No,Electronic check,50.7,214.55,No,1,1,0,0,0,0,0,0,2,Below 1 year,0.7557964,162.15611180365087,High Risk - New Customer,Onboarding intervention
Female,No,Yes,No,Yes,No,No,No internet service,No internet service,No internet service,No internet service,No internet service,No internet service,Month-to-month,No,Mailed check,20.85,72.0,No,1,0,0,0,0,0,0,0,1,Below 1 year,0.41572586,29.93226170539856,Medium Risk,Promote long-term contract
Male,No,No,No,Yes,No,Fiber optic,No,No,No,No,No,Yes,Month-to-month,Yes,Electronic check,80.8,713.1,Yes,1,0,0,0,0,0,0,1,2,Below 1 year,0.82759124,590.1553135335446,High Risk - High Value,Priority retention offer
Male,No,No,No,Yes,Yes,DSL,No,No,No,No,No,Yes,Month-to-month,No,Bank transfer (automatic),62.05,118.3,Yes,1,1,0,0,0,0,0,1,3,Below 1 year,0.7356553,87.02802290916442,High Risk - New Customer,Onboarding intervention
Female,No,No,No,Yes,No,Fiber optic,No,Yes,No,No,Yes,No,Month-to-month,Yes,Bank transfer (automatic),87.15,183.75,Yes,1,0,0,1,0,0,1,0,3,Below 1 year,0.8725522,160.3314696997404,High Risk - High Value,Priority retention offer
Male,No,No,No,Yes,No,DSL,No,No,Yes,Yes,Yes,Yes,Month-to-month,No,Bank transfer (automatic),75.15,392.65,No,1,0,0,0,1,1,1,1,5,Below 1 year,0.54764163,215.03148795962332,Medium Risk,Promote security service
Male,No,No,Yes,Yes,No,No,No internet service,No internet service,No internet service,No internet service,No internet service,No internet service,Two year,No,Bank transfer (automatic),19.55,819.95,No,1,0,0,0,0,0,0,0,1,Below 5 years,0.04895504,40.14068356379867,Low Risk,Standard engagement
Female,No,No,No,Yes,Yes,DSL,No,No,No,Yes,Yes,Yes,Month-to-month,Yes,Electronic check,74.65,521.1,Yes,1,1,0,0,0,1,1,1,5,Below 1 year,0.71048635,370.2344382584095,High Risk - New Customer,Onboarding intervention
Male,Yes,No,No,Yes,Yes,Fiber optic,No,No,No,No,No,No,Month-to-month,No,Mailed check,73.75,545.15,Yes,1,1,0,0,0,0,0,0,2,Below 1 year,0.7123023,388.31161364912987,High Risk - New Customer,Onboarding intervention
Female,No,No,No,Yes,No,Fiber optic,No,No,No,No,No,Yes,Month-to-month,Yes,Electronic check,80.0,412.5,Yes,1,0,0,0,0,0,0,1,2,Below 1 year,0.8554023,352.8534449636936,High Risk - High Value,Priority retention offer
Male,No,No,No,No,No phone service,DSL,No,Yes,No,Yes,No,No,Month-to-month,Yes,Mailed check,36.85,108.7,Yes,0,0,0,1,0,1,0,0,2,Below 1 year,0.6081883,66.11006511449814,Medium Risk,Promote security service
Male,No,Yes,Yes,No,No phone service,DSL,Yes,No,Yes,Yes,Yes,No,One year,No,Mailed check,50.8,1386.8,No,0,0,1,0,1,1,1,0,4,Below 3 years,0.122693464,170.15129609704016,Low Risk,Standard engagement
Female,No,Yes,Yes,Yes,No,DSL,Yes,No,No,Yes,No,No,Month-to-month,Yes,Credit card (automatic),55.35,920.5,No,1,0,1,0,0,1,0,0,3,Below 3 years,0.30567163,281.3707375228405,Low Risk,Promote long-term contract
Female,No,Yes,Yes,Yes,Yes,No,No internet service,No internet service,No internet service,No internet service,No internet service,No internet service,Two year,No,Mailed check,23.85,625.65,No,1,1,0,0,0,0,0,0,2,Below 3 years,0.059488166,37.21877113524824,Low Risk,Standard engagement
Female,Yes,No,No,Yes,Yes,Fiber optic,No,No,No,No,No,Yes,Month-to-month,Yes,Credit card (automatic),84.8,906.85,Yes,1,1,0,0,0,0,0,1,3,Below 1 year,0.814463,738.5957891166211,High Risk - High Value,Priority retention offer
Female,Yes,No,No,Yes,No,Fiber optic,No,Yes,Yes,No,Yes,Yes,Month-to-month,Yes,Credit card (automatic),99.8,442.85,Yes,1,0,0,1,1,0,1,1,5,Below 1 year,0.8689959,384.8348364949227,High Risk - High Value,Priority retention offer
Male,Yes,Yes,No,Yes,Yes,Fiber optic,No,No,Yes,No,No,No,Month-to-month,Yes,Bank transfer (automatic),79.9,343.95,Yes,1,1,0,0,1,0,0,0,3,Below 1 year,0.8085283,278.0933101952076,High Risk - High Value,Priority retention offer
Female,Yes,No,No,Yes,Yes,Fiber optic,No,Yes,No,No,Yes,Yes,Month-to-month,Yes,Electronic check,99.95,3186.65,Yes,1,1,0,1,0,0,1,1,5,Below 3 years,0.81642455,2601.659287878871,High Risk - High Value,Priority retention offer
Female,Yes,Yes,No,Yes,No,Fiber optic,No,Yes,Yes,No,Yes,Yes,Month-to-month,Yes,Electronic check,98.5,2514.5,Yes,1,0,0,1,1,0,1,1,5,Below 3 years,0.8289853,2084.4834710657597,High Risk - High Value,Priority retention offer
Male,Yes,No,No,Yes,Yes,Fiber optic,No,No,No,No,Yes,No,Month-to-month,Yes,Electronic check,84.35,1745.2,No,1,1,0,0,0,0,1,0,3,Below 3 years,0.80938447,1412.5377686977388,High Risk - High Value,Priority retention offer
Male,No,No,No,Yes,No,Fiber optic,No,No,No,No,No,No,Month-to-month,Yes,Mailed check,70.1,551.35,Yes,1,0,0,0,0,0,0,0,1,Below 1 year,0.66642135,367.4314134269953,Medium Risk,Promote security service
Female,Yes,No,No,Yes,Yes,Fiber optic,No,No,No,No,No,Yes,Month-to-month,Yes,Electronic check,85.25,2287.25,Yes,1,1,0,0,0,0,0,1,3,Below 3 years,0.78653437,1799.000735476613,High Risk - High Value,Priority retention offer
Female,Yes,Yes,No,Yes,Yes,DSL,Yes,Yes,Yes,Yes,No,Yes,Two year,No,Bank transfer (automatic),78.45,5682.25,No,1,1,1,1,1,1,0,1,7,oldest Customers,0.07941006,451.227820482105,Low Risk,Standard engagement
Male,No,Yes,Yes,Yes,Yes,Fiber optic,No,No,Yes,No,Yes,No,One year,Yes,Electronic check,90.35,767.9,No,1,1,0,0,1,0,1,0,4,Below 1 year,0.48722383,374.13918197453023,Medium Risk,Promote security service
Male,No,No,No,Yes,Yes,DSL,No,No,No,No,No,No,Month-to-month,No,Bank transfer (automatic),50.4,137.25,No,1,1,0,0,0,0,0,0,2,Below 1 year,0.7120482,97.7286117374897,High Risk - New Customer,Onboarding intervention
Female,No,Yes,No,Yes,Yes,DSL,Yes,Yes,No,Yes,Yes,No,Month-to-month,Yes,Electronic check,76.2,981.45,No,1,1,1,1,0,1,1,0,6,Below 3 years,0.4624025,453.82492652088405,Medium Risk,Promote long-term contract
Female,No,Yes,No,Yes,Yes,No,No internet service,No internet service,No internet service,No internet service,No internet service,No internet service,Two year,No,Credit card (automatic),24.85,1871.85,No,1,1,0,0,0,0,0,0,2,oldest Customers,0.047591828,89.08476288579404,Low Risk,Standard engagement
Female,No,No,No,Yes,No,DSL,Yes,Yes,No,No,Yes,No,Month-to-month,No,Mailed check,65.1,2586.0,No,1,0,1,1,0,0,1,0,4,Below 5 years,0.2907575,751.8989133238792,Low Risk,Offer technical support
Female,No,No,No,Yes,Yes,Fiber optic,Yes,No,Yes,No,Yes,No,One year,No,Credit card (automatic),94.9,4615.25,No,1,1,1,0,1,0,1,0,5,Below 5 years,0.17451623,805.4360342994332,Low Risk,Offer technical support
Male,No,No,No,Yes,No,No,No internet service,No internet service,No internet service,No internet service,No internet service,No internet service,Month-to-month,No,Mailed check,19.65,19.65,No,1,0,0,0,0,0,0,0,1,Below 1 year,0.5122309,10.065336656570434,Medium Risk,Promote long-term contract
Female,No,No,No,Yes,Yes,Fiber optic,No,Yes,No,No,No,No,Month-to-month,Yes,Bank transfer (automatic),80.05,830.7,Yes,1,1,0,1,0,0,0,0,3,Below 1 year,0.72329646,600.8423722207547,High Risk - High Value,Priority retention offer
Female,Yes,Yes,No,Yes,No,Fiber optic,Yes,Yes,Yes,No,No,Yes,One year,No,Bank transfer (automatic),97.0,6430.9,No,1,0,1,1,1,0,0,1,5,oldest Customers,0.2685543,1727.0458483189343,Low Risk,Offer technical support
Female,No,Yes,No,Yes,Yes,Fiber optic,No,No,No,No,No,Yes,Month-to-month,Yes,Electronic check,86.5,1808.7,Yes,1,1,0,0,0,0,0,1,3,Below 3 years,0.7770342,1405.4217992842198,High Risk - High Value,Priority retention offer
Male,Yes,No,No,Yes,Yes,Fiber optic,No,No,No,No,No,No,Month-to-month,Yes,Electronic check,74.95,1036.75,Yes,1,1,0,0,0,0,0,0,2,Below 3 years,0.8360732,866.7989106029272,High Risk - High Value,Priority retention offer
Male,No,No,Yes,Yes,No,Fiber optic,No,No,No,No,No,No,Month-to-month,No,Electronic check,69.65,220.1,Yes,1,0,0,0,0,0,0,0,1,Below 1 year,0.8274693,182.12599057555198,High Risk - New Customer,Onboarding intervention
Female,Yes,Yes,No,Yes,No,No,No internet service,No internet service,No internet service,No internet service,No internet service,No internet service,Two year,Yes,Mailed check,18.95,1031.1,No,1,0,0,0,0,0,0,0,1,Below 5 years,0.0777183,80.13534181863069,Low Risk,Standard engagement
Female,No,No,No,No,No phone service,DSL,No,No,No,No,Yes,No,Month-to-month,No,Credit card (automatic),35.2,108.95,Yes,0,0,0,0,0,0,1,0,1,Below 1 year,0.7320183,79.7533929079771,High Risk - New Customer,Onboarding intervention
Male,No,Yes,No,Yes,No,Fiber optic,Yes,No,No,No,No,No,Month-to-month,Yes,Electronic check,74.5,609.9,Yes,1,0,1,0,0,0,0,0,2,Below 1 year,0.70857733,432.1613165438175,High Risk - New Customer,Onboarding intervention
Male,No,No,No,Yes,No,Fiber optic,No,No,No,No,Yes,Yes,Month-to-month,Yes,Electronic check,89.9,89.9,Yes,1,0,0,0,0,0,1,1,3,Below 1 year,0.92517126,83.17289592027664,High Risk - High Value,Priority retention offer
Female,No,Yes,No,No,No phone service,DSL,Yes,No,Yes,Yes,No,Yes,Month-to-month,Yes,Bank transfer (automatic),49.9,2782.4,No,0,0,1,0,1,1,0,1,4,Below 5 years,0.2521815,701.6698061466217,Low Risk,Promote long-term contract
Male,No,Yes,No,Yes,No,Fiber optic,No,No,No,No,No,No,Month-to-month,Yes,Electronic check,70.3,738.2,Yes,1,0,0,0,0,0,0,0,1,Below 1 year,0.7965361,588.0029401540756,High Risk - New Customer,Onboarding intervention
Female,No,No,No,Yes,Yes,Fiber optic,No,Yes,Yes,No,No,No,Month-to-month,Yes,Electronic check,83.25,4949.1,No,1,1,0,1,1,0,0,0,4,Below 5 years,0.4778132,2364.7453777223827,Medium Risk,Promote security service
Female,No,No,No,Yes,No,No,No internet service,No internet service,No internet service,No internet service,No internet service,No internet service,Month-to-month,No,Credit card (automatic),19.7,129.55,No,1,0,0,0,0,0,0,0,1,Below 1 year,0.35278103,45.702782119810585,Low Risk,Promote long-term contract
Female,No,No,No,Yes,No,Fiber optic,No,No,No,Yes,Yes,No,Month-to-month,No,Electronic check,85.15,2555.9,Yes,1,0,0,0,0,1,1,0,3,Below 3 years,0.6219144,1589.550981092453,Medium Risk,Promote security service
Female,No,Yes,Yes,Yes,Yes,Fiber optic,No,Yes,No,No,Yes,No,Month-to-month,Yes,Electronic check,88.8,3340.55,No,1,1,0,1,0,0,1,0,4,Below 5 years,0.6681831,2232.0990156292914,Medium Risk,Promote security service
Female,No,No,Yes,Yes,No,Fiber optic,No,No,Yes,Yes,Yes,No,Month-to-month,Yes,Electronic check,91.1,964.35,No,1,0,0,0,1,1,1,0,4,Below 1 year,0.77380157,746.2155393719673,High Risk - High Value,Priority retention offer
Male,No,No,No,Yes,Yes,DSL,No,Yes,No,Yes,Yes,No,One year,Yes,Electronic check,68.7,1416.2,No,1,1,0,1,0,1,1,0,5,Below 3 years,0.3146234,445.5696387827397,Low Risk,Promote security service
Male,No,No,No,Yes,No,No,No internet service,No internet service,No internet service,No internet service,No internet service,No internet service,One year,No,Mailed check,19.65,411.25,No,1,0,0,0,0,0,0,0,1,Below 3 years,0.096630424,39.739261977374554,Low Risk,Standard engagement
Female,No,No,No,Yes,No,Fiber optic,No,No,No,No,No,No,Month-to-month,No,Electronic check,71.0,672.55,Yes,1,0,0,0,0,0,0,0,1,Below 1 year,0.78996897,531.2936290502548,High Risk - New Customer,Onboarding intervention
Female,No,No,No,Yes,No,DSL,Yes,No,No,Yes,No,No,Month-to-month,No,Credit card (automatic),53.85,259.8,Yes,1,0,1,0,0,1,0,0,3,Below 1 year,0.48178858,125.16867195367814,Medium Risk,Promote long-term contract
Male,No,No,No,Yes,No,DSL,No,No,No,No,No,No,Month-to-month,No,Mailed check,46.3,46.3,Yes,1,0,0,0,0,0,0,0,1,Below 1 year,0.76526904,35.43195660114288,High Risk - New Customer,Onboarding intervention
Female,Yes,No,No,Yes,No,Fiber optic,No,No,Yes,No,No,Yes,Month-to-month,Yes,Credit card (automatic),84.6,865.55,Yes,1,0,0,0,1,0,0,1,3,Below 1 year,0.8065628,698.1204153835773,High Risk - High Value,Priority retention offer
Male,No,Yes,No,Yes,Yes,DSL,Yes,Yes,No,Yes,No,No,Two year,No,Bank transfer (automatic),65.15,4681.75,No,1,1,1,1,0,1,0,0,5,oldest Customers,0.060485784,283.17931907530874,Low Risk,Standard engagement
Female,No,No,No,Yes,No,No,No internet service,No internet service,No internet service,No internet service,No internet service,No internet service,Month-to-month,No,Electronic check,19.3,19.3,Yes,1,0,0,0,0,0,0,0,1,Below 1 year,0.5608144,10.823717546463014,Medium Risk,Promote long-term contract
Male,Yes,No,No,Yes,Yes,Fiber optic,No,No,Yes,No,Yes,Yes,Month-to-month,Yes,Electronic check,97.8,4913.3,Yes,1,1,0,0,1,0,1,1,5,Below 5 years,0.77191347,3792.6424464404586,High Risk - High Value,Priority retention offer
Male,No,No,Yes,Yes,No,Fiber optic,No,No,Yes,No,Yes,No,One year,Yes,Electronic check,85.15,3030.6,Yes,1,0,0,0,1,0,1,0,3,Below 3 years,0.4220708,1279.127770292759,Medium Risk,Promote security service
Male,No,Yes,Yes,Yes,No,No,No internet service,No internet service,No internet service,No internet service,No internet service,No internet service,Two year,No,Bank transfer (automatic),20.45,1297.35,No,1,0,0,0,0,0,0,0,1,oldest Customers,0.045405004,58.90618216451257,Low Risk,Standard engagement
Female,No,No,No,Yes,Yes,Fiber optic,Yes,Yes,Yes,No,Yes,Yes,One year,No,Bank transfer (automatic),107.45,5680.9,No,1,1,1,1,1,0,1,1,7,Below 5 years,0.40656883,2309.6768393337725,Medium Risk,Offer technical support
Male,Yes,Yes,No,Yes,Yes,Fiber optic,No,No,No,No,No,Yes,Month-to-month,Yes,Bank transfer (automatic),85.6,1345.55,Yes,1,1,0,0,0,0,0,1,3,Below 3 years,0.80074275,1077.4394010722638,High Risk - High Value,Priority retention offer
Male,No,Yes,No,No,No phone service,DSL,No,Yes,Yes,Yes,No,Yes,One year,Yes,Bank transfer (automatic),51.05,3635.15,No,0,0,0,1,1,1,0,1,4,oldest Customers,0.25313103,920.1692709386349,Low Risk,Promote security service
Female,No,No,No,Yes,No,No,No internet service,No internet service,No internet service,No internet service,No internet service,No internet service,One year,No,Credit card (automatic),19.9,527.5,No,1,0,0,0,0,0,0,0,1,Below 3 years,0.098912515,52.17635152861476,Low Risk,Standard engagement
Female,No,Yes,Yes,Yes,No,DSL,No,No,No,No,No,No,Month-to-month,No,Mailed check,44.3,134.5,Yes,1,0,0,0,0,0,0,0,1,Below 1 year,0.67932385,91.36905810236931,Medium Risk,Promote security service
Female,No,No,No,Yes,No,Fiber optic,No,No,Yes,No,No,No,Month-to-month,No,Electronic check,75.55,75.55,No,1,0,0,0,1,0,0,0,2,Below 1 year,0.88811666,67.09721349179745,High Risk - High Value,Priority retention offer
Male,No,No,No,No,No phone service,DSL,No,No,No,No,No,No,Month-to-month,Yes,Credit card (automatic),25.25,186.3,No,0,0,0,0,0,0,0,0,0,Below 1 year,0.59696555,111.21468222141266,Medium Risk,Promote security service
Female,No,Yes,No,Yes,No,DSL,No,No,No,Yes,No,No,Month-to-month,Yes,Electronic check,49.15,270.8,Yes,1,0,0,0,0,1,0,0,2,Below 1 year,0.64685476,175.16826853752136,Medium Risk,Promote security service
Female,No,No,No,Yes,No,No,No internet service,No internet service,No internet service,No internet service,No internet service,No internet service,Month-to-month,No,Mailed check,19.5,31.55,Yes,1,0,0,0,0,0,0,0,1,Below 1 year,0.40679014,12.834228831529618,Medium Risk,Promote long-term contract
Male,No,Yes,No,Yes,Yes,DSL,Yes,No,No,No,Yes,No,One year,Yes,Credit card (automatic),66.15,4392.5,No,1,1,1,0,0,0,1,0,4,oldest Customers,0.1446294,635.2846568450332,Low Risk,Offer technical support
Male,No,No,No,Yes,No,DSL,No,Yes,No,No,Yes,No,One year,Yes,Electronic check,61.25,729.95,No,1,0,0,1,0,0,1,0,3,Below 1 year,0.33264616,242.8150654539466,Low Risk,Promote security service
Female,No,Yes,No,Yes,No,No,No internet service,No internet service,No internet service,No internet service,No internet service,No internet service,Two year,No,Mailed check,19.1,780.1,No,1,0,0,0,0,0,0,0,1,Below 5 years,0.06322723,49.32356120273471,Low Risk,Standard engagement
Female,Yes,Yes,No,No,No phone service,DSL,No,No,Yes,No,Yes,Yes,Month-to-month,Yes,Electronic check,48.35,810.7,Yes,0,0,0,0,1,0,1,1,3,Below 3 years,0.7307741,592.4385665953159,High Risk - General,Promote security service
Female,No,No,No,Yes,No,DSL,Yes,No,No,No,No,No,Month-to-month,No,Credit card (automatic),48.55,501.0,Yes,1,0,1,0,0,0,0,0,2,Below 1 year,0.43974715,220.31332451105118,Medium Risk,Offer technical support
Male,No,Yes,No,Yes,No,No,No internet service,No internet service,No internet service,No internet service,No internet service,No internet service,Month-to-month,No,Mailed check,19.35,126.05,Yes,1,0,0,0,0,0,0,0,1,Below 1 year,0.3150493,39.71196308732033,Low Risk,Promote long-term contract
Female,Yes,No,No,Yes,No,Fiber optic,No,No,No,No,No,No,Month-to-month,Yes,Bank transfer (automatic),70.2,115.95,Yes,1,0,0,0,0,0,0,0,1,Below 1 year,0.8463309,98.1320656657219,High Risk - New Customer,Onboarding intervention
Male,No,Yes,No,Yes,Yes,Fiber optic,Yes,No,Yes,No,Yes,Yes,Two year,Yes,Credit card (automatic),106.05,6981.35,Yes,1,1,1,0,1,0,1,1,6,oldest Customers,0.30619085,2137.625479131937,Low Risk,Offer technical support
Female,No,No,No,Yes,No,DSL,No,No,Yes,No,No,No,Month-to-month,Yes,Mailed check,50.0,892.7,No,1,0,0,0,1,0,0,0,2,Below 3 years,0.3930623,350.88670943379407,Low Risk,Promote security service
Male,No,No,No,Yes,Yes,DSL,No,No,No,No,No,No,Month-to-month,No,Mailed check,50.4,206.6,Yes,1,1,0,0,0,0,0,0,2,Below 1 year,0.6245698,129.0361152410507,Medium Risk,Promote security service
Male,No,Yes,Yes,Yes,Yes,No,No internet service,No internet service,No internet service,No internet service,No internet service,No internet service,One year,No,Bank transfer (automatic),24.8,1476.25,No,1,1,0,0,0,0,0,0,2,oldest Customers,0.091283225,134.75686020217836,Low Risk,Standard engagement
Male,No,No,No,Yes,Yes,Fiber optic,No,Yes,Yes,No,Yes,Yes,One year,Yes,Bank transfer (automatic),103.25,6017.65,Yes,1,1,0,1,1,0,1,1,6,Below 5 years,0.5661211,3406.718645715713,Medium Risk,Promote security service
Female,No,Yes,Yes,No,No phone service,DSL,No,No,Yes,Yes,Yes,Yes,Two year,Yes,Credit card (automatic),55.5,3166.9,No,0,0,0,0,1,1,1,1,4,Below 5 years,0.08255065,261.42966084852816,Low Risk,Promote security service
Male,No,No,No,No,No phone service,DSL,No,Yes,No,Yes,No,Yes,Month-to-month,Yes,Mailed check,44.65,44.65,Yes,0,0,0,1,0,1,0,1,3,Below 1 year,0.7074272,31.586624643206594,High Risk - New Customer,Onboarding intervention
Male,Yes,No,No,Yes,No,DSL,Yes,No,No,Yes,No,No,One year,No,Mailed check,54.0,1055.9,No,1,0,1,0,0,1,0,0,3,Below 3 years,0.13781698,145.52094969004395,Low Risk,Standard engagement
Female,No,No,No,Yes,No,DSL,Yes,No,Yes,No,No,No,One year,Yes,Credit card (automatic),54.45,3674.95,No,1,0,1,0,1,0,0,0,3,oldest Customers,0.122498944,450.1774957291782,Low Risk,Offer technical support
Male,No,Yes,No,Yes,Yes,DSL,Yes,No,Yes,Yes,Yes,Yes,Two year,No,Credit card (automatic),86.65,6094.25,No,1,1,1,0,1,1,1,1,7,oldest Customers,0.063692324,388.1569447051734,Low Risk,Standard engagement
Female,No,Yes,Yes,Yes,No,Fiber optic,No,Yes,Yes,No,Yes,No,Month-to-month,Yes,Bank transfer (automatic),89.15,2257.75,Yes,1,0,0,1,1,0,1,0,4,Below 3 years,0.61361843,1385.3970181792974,Medium Risk,Promote security service
Female,No,Yes,Yes,Yes,Yes,Fiber optic,Yes,Yes,No,No,Yes,Yes,One year,Yes,Credit card (automatic),103.25,5037.55,Yes,1,1,1,1,0,0,1,1,6,Below 5 years,0.3641095,1834.2197429195046,Low Risk,Offer technical support
Male,No,No,No,Yes,Yes,Fiber optic,No,No,No,No,No,No,Month-to-month,Yes,Mailed check,74.25,74.25,Yes,1,1,0,0,0,0,0,0,2,Below 1 year,0.8561556,63.5695513933897,High Risk - New Customer,Onboarding intervention
Male,Yes,No,No,Yes,Yes,Fiber optic,No,No,No,No,No,No,Month-to-month,Yes,Electronic check,74.7,74.7,Yes,1,1,0,0,0,0,0,0,2,Below 1 year,0.91186506,68.11631965041161,High Risk - New Customer,Onboarding intervention
Male,No,Yes,No,Yes,Yes,Fiber optic,No,No,No,No,No,No,Month-to-month,Yes,Electronic check,75.2,2576.2,Yes,1,1,0,0,0,0,0,0,2,Below 3 years,0.73037934,1881.6032635211943,High Risk - High Value,Priority retention offer
Male,No,No,No,Yes,No,Fiber optic,Yes,Yes,No,No,Yes,Yes,Month-to-month,No,Electronic check,100.2,198.5,No,1,0,1,1,0,0,1,1,5,Below 1 year,0.73922914,146.7369848191738,High Risk - High Value,Priority retention offer
Female,No,Yes,No,No,No phone service,DSL,No,No,Yes,No,Yes,No,Month-to-month,Yes,Electronic check,39.05,669.85,Yes,0,0,0,0,1,0,1,0,2,Below 3 years,0.6498679,435.3140076339245,Medium Risk,Promote security service
Female,No,Yes,Yes,Yes,Yes,Fiber optic,No,No,Yes,No,Yes,Yes,Month-to-month,Yes,Electronic check,100.05,3046.15,Yes,1,1,0,0,1,0,1,1,5,Below 3 years,0.81252414,2475.0704086989167,High Risk - High Value,Priority retention offer
Female,No,No,No,Yes,No,No,No internet service,No internet service,No internet service,No internet service,No internet service,No internet service,One year,No,Bank transfer (automatic),19.75,624.15,No,1,0,0,0,0,0,0,0,1,Below 3 years,0.10104313,63.06606801487505,Low Risk,Standard engagement
Female,No,Yes,Yes,Yes,No,DSL,Yes,No,No,Yes,Yes,Yes,Two year,No,Credit card (automatic),75.35,5437.75,No,1,0,1,0,0,1,1,1,5,oldest Customers,0.07388269,401.7556060422212,Low Risk,Standard engagement
Female,No,No,No,No,No phone service,DSL,No,No,Yes,No,No,Yes,Month-to-month,No,Electronic check,39.5,210.75,Yes,0,0,0,0,1,0,0,1,2,Below 1 year,0.7577135,159.68811942636967,High Risk - New Customer,Onboarding intervention
Male,No,No,No,No,No phone service,DSL,No,Yes,Yes,No,Yes,Yes,One year,Yes,Mailed check,53.95,2375.4,Yes,0,0,0,1,1,0,1,1,4,Below 5 years,0.38450208,913.3462481081486,Low Risk,Promote security service
Female,Yes,Yes,No,Yes,Yes,Fiber optic,Yes,Yes,Yes,No,Yes,Yes,Month-to-month,Yes,Credit card (automatic),109.4,7227.45,No,1,1,1,1,1,0,1,1,7,oldest Customers,0.5411498,3911.1330862730742,Medium Risk,Offer technical support
Male,No,No,No,No,No phone service,DSL,No,No,No,No,Yes,No,Month-to-month,Yes,Credit card (automatic),34.7,296.1,Yes,0,0,0,0,0,0,1,0,1,Below 1 year,0.60538113,179.25335294008255,Medium Risk,Promote security service
Male,No,No,No,Yes,No,DSL,No,No,No,No,No,No,Month-to-month,Yes,Mailed check,44.15,44.15,Yes,1,0,0,0,0,0,0,0,1,Below 1 year,0.8051056,35.545413413643836,High Risk - New Customer,Onboarding intervention
Female,No,Yes,Yes,Yes,No,Fiber optic,Yes,No,No,Yes,Yes,No,Month-to-month,No,Electronic check,91.85,1574.45,Yes,1,0,1,0,0,1,1,0,4,Below 3 years,0.66180986,1041.9865366905929,Medium Risk,Promote long-term contract
Male,No,No,No,Yes,No,No,No internet service,No internet service,No internet service,No internet service,No internet service,No internet service,Month-to-month,No,Mailed check,20.05,42.7,No,1,0,0,0,0,0,0,0,1,Below 1 year,0.37270632,15.914560028910637,Low Risk,Promote long-term contract
Male,No,No,No,Yes,Yes,DSL,No,No,No,Yes,No,Yes,Month-to-month,No,Mailed check,65.55,237.2,No,1,1,0,0,0,1,0,1,4,Below 1 year,0.5148133,122.11371569633484,Medium Risk,Promote security service
Female,No,Yes,Yes,No,No phone service,DSL,No,Yes,Yes,Yes,Yes,Yes,Two year,Yes,Bank transfer (automatic),61.45,3751.15,No,0,0,0,1,1,1,1,1,5,oldest Customers,0.081079945,304.14303556755186,Low Risk,Promote security service
Male,No,No,No,Yes,No,DSL,No,No,No,No,No,No,Month-to-month,No,Mailed check,44.65,74.9,Yes,1,0,0,0,0,0,0,0,1,Below 1 year,0.7143225,53.5027558028698,High Risk - New Customer,Onboarding intervention
Female,No,Yes,Yes,Yes,Yes,Fiber optic,Yes,Yes,Yes,Yes,Yes,Yes,Two year,Yes,Bank transfer (automatic),114.2,7723.9,Yes,1,1,1,1,1,1,1,1,8,oldest Customers,0.23241962,1795.185940955579,Low Risk,Standard engagement
Male,No,No,No,Yes,No,DSL,No,No,No,No,No,No,Month-to-month,Yes,Electronic check,42.9,42.9,Yes,1,0,0,0,0,0,0,0,1,Below 1 year,0.8502392,36.47526242136955,High Risk - New Customer,Onboarding intervention
Female,No,No,No,No,No phone service,DSL,No,Yes,Yes,No,Yes,Yes,Month-to-month,Yes,Credit card (automatic),54.15,1240.25,Yes,0,0,0,1,1,0,1,1,4,Below 3 years,0.48627993,603.108688943088,Medium Risk,Promote security service
Male,No,Yes,Yes,Yes,No,No,No internet service,No internet service,No internet service,No internet service,No internet service,No internet service,Two year,No,Mailed check,19.55,1245.6,No,1,0,0,0,0,0,0,0,1,oldest Customers,0.04448863,55.415039008855814,Low Risk,Standard engagement
Male,No,Yes,Yes,Yes,No,DSL,No,No,Yes,Yes,Yes,Yes,Two year,Yes,Bank transfer (automatic),72.95,4953.25,No,1,0,0,0,1,1,1,1,5,oldest Customers,0.113601916,562.698688140139,Low Risk,Promote security service
Male,No,Yes,Yes,Yes,No,No,No internet service,No internet service,No internet service,No internet service,No internet service,No internet service,Two year,No,Electronic check,20.55,1432.55,No,1,0,0,0,0,0,0,0,1,oldest Customers,0.0801561,114.82762503251433,Low Risk,Standard engagement
Female,No,Yes,Yes,Yes,No,DSL,No,Yes,Yes,No,Yes,Yes,One year,No,Credit card (automatic),78.0,3824.2,No,1,0,0,1,1,0,1,1,5,Below 5 years,0.21340002,816.0843610554933,Low Risk,Promote security service
Male,No,No,Yes,Yes,No,DSL,Yes,No,No,No,Yes,Yes,Month-to-month,Yes,Mailed check,69.85,837.5,No,1,0,1,0,0,0,1,1,4,Below 3 years,0.4448566,372.56741411983967,Medium Risk,Offer technical support
Female,No,No,No,Yes,Yes,DSL,Yes,Yes,No,Yes,No,No,Two year,Yes,Mailed check,66.9,4577.9,No,1,1,1,1,0,1,0,0,5,oldest Customers,0.07513835,343.97586533501743,Low Risk,Standard engagement
Male,No,No,No,Yes,No,Fiber optic,No,No,No,No,No,Yes,Month-to-month,Yes,Electronic check,80.35,253.8,No,1,0,0,0,0,0,0,1,2,Below 1 year,0.87374127,221.75553410053254,High Risk - High Value,Priority retention offer
Female,No,No,No,Yes,No,DSL,No,Yes,Yes,Yes,Yes,Yes,One year,No,Mailed check,78.2,2078.95,No,1,0,0,1,1,1,1,1,6,Below 3 years,0.26967442,560.6396362006664,Low Risk,Promote security service
Male,No,Yes,Yes,Yes,Yes,No,No internet service,No internet service,No internet service,No internet service,No internet service,No internet service,Two year,No,Mailed check,25.25,1573.05,No,1,1,0,0,0,0,0,0,2,oldest Customers,0.05019142,78.95361490119248,Low Risk,Standard engagement
Female,No,No,No,Yes,Yes,DSL,No,No,No,No,No,No,Month-to-month,Yes,Mailed check,50.6,249.95,Yes,1,1,0,0,0,0,0,0,2,Below 1 year,0.65026176,162.532926851511,Medium Risk,Promote security service
Male,No,Yes,Yes,Yes,No,Fiber optic,No,No,Yes,Yes,Yes,Yes,Month-to-month,No,Electronic check,103.1,970.45,No,1,0,0,0,1,1,1,1,5,Below 1 year,0.7521409,729.9151166379452,High Risk - High Value,Priority retention offer
Female,Yes,No,No,Yes,No,No,No internet service,No internet service,No internet service,No internet service,No internet service,No internet service,One year,No,Mailed check,20.65,330.6,No,1,0,0,0,0,0,0,0,1,Below 3 years,0.10451009,34.551036165654665,Low Risk,Standard engagement
Female,Yes,Yes,No,Yes,No,Fiber optic,No,Yes,No,Yes,Yes,Yes,One year,Yes,Credit card (automatic),99.2,4062.2,Yes,1,0,0,1,0,1,1,1,5,Below 5 years,0.4020158,1633.0686040639876,Medium Risk,Promote security service
Male,No,Yes,Yes,No,No phone service,DSL,Yes,Yes,Yes,Yes,No,Yes,One year,Yes,Credit card (automatic),55.35,1636.95,No,0,0,1,1,1,1,0,1,5,Below 3 years,0.17659852,289.0829458191991,Low Risk,Standard engagement
Male,No,Yes,No,Yes,Yes,Fiber optic,No,Yes,No,No,No,Yes,Month-to-month,No,Mailed check,88.85,3000.25,No,1,1,0,1,0,0,0,1,4,Below 3 years,0.5340464,1602.2727461457253,Medium Risk,Promote security service
Female,No,Yes,No,Yes,No,DSL,No,No,No,No,No,No,Month-to-month,Yes,Credit card (automatic),44.6,80.55,Yes,1,0,0,0,0,0,0,0,1,Below 1 year,0.7708057,62.08840046525001,High Risk - New Customer,Onboarding intervention
Male,No,Yes,No,Yes,No,Fiber optic,Yes,Yes,Yes,Yes,Yes,Yes,Two year,Yes,Electronic check,106.3,5487.0,No,1,0,1,1,1,1,1,1,7,Below 5 years,0.27329043,1499.5445649325848,Low Risk,Standard engagement
Female,No,Yes,Yes,Yes,Yes,Fiber optic,Yes,No,Yes,Yes,Yes,Yes,Two year,Yes,Credit card (automatic),108.75,7156.2,Yes,1,1,1,0,1,1,1,1,7,oldest Customers,0.24653964,1764.2869534939528,Low Risk,Standard engagement
Female,No,Yes,Yes,Yes,Yes,Fiber optic,No,No,Yes,Yes,Yes,Yes,Month-to-month,Yes,Electronic check,104.2,3243.45,Yes,1,1,0,0,1,1,1,1,6,Below 3 years,0.6991763,2267.743407511711,Medium Risk,Promote security service
Male,Yes,No,No,Yes,Yes,Fiber optic,No,Yes,No,No,No,No,Month-to-month,Yes,Bank transfer (automatic),79.35,3344.1,No,1,1,0,1,0,0,0,0,3,Below 5 years,0.5139285,1718.6282065451144,Medium Risk,Promote security service
Female,No,No,No,Yes,Yes,DSL,Yes,No,No,Yes,No,No,One year,No,Electronic check,59.4,1952.8,No,1,1,1,0,0,1,0,0,4,Below 3 years,0.15601522,304.66651635169984,Low Risk,Standard engagement
Female,Yes,Yes,No,Yes,Yes,Fiber optic,No,No,No,No,No,Yes,Month-to-month,Yes,Electronic check,84.0,613.4,Yes,1,1,0,0,0,0,0,1,3,Below 1 year,0.870841,534.1738855361938,High Risk - High Value,Priority retention offer
Male,Yes,No,No,Yes,Yes,Fiber optic,No,Yes,No,No,No,No,Month-to-month,Yes,Electronic check,81.35,233.7,Yes,1,1,0,1,0,0,0,0,3,Below 1 year,0.8754655,204.5962902188301,High Risk - High Value,Priority retention offer
Male,No,Yes,No,Yes,Yes,DSL,No,Yes,Yes,No,Yes,Yes,Two year,No,Bank transfer (automatic),82.15,5784.3,No,1,1,0,1,1,0,1,1,6,oldest Customers,0.13038471,754.1842977851629,Low Risk,Promote security service
Female,Yes,Yes,No,Yes,Yes,Fiber optic,No,Yes,Yes,No,Yes,Yes,Month-to-month,Yes,Electronic check,105.9,6401.25,No,1,1,0,1,1,0,1,1,6,oldest Customers,0.6966828,4459.640842527151,Medium Risk,Promote security service
Female,No,Yes,Yes,No,No phone service,DSL,Yes,Yes,No,Yes,Yes,Yes,Two year,No,Bank transfer (automatic),59.7,4122.65,No,0,0,1,1,0,1,1,1,5,oldest Customers,0.050669283,208.89171821922062,Low Risk,Standard engagement
Male,Yes,Yes,No,Yes,Yes,Fiber optic,No,No,Yes,Yes,Yes,Yes,Two year,No,Electronic check,102.1,6538.45,No,1,1,0,0,1,1,1,1,6,oldest Customers,0.3015279,1971.525016565621,Low Risk,Promote security service
Female,No,Yes,No,Yes,No,DSL,No,No,No,No,No,No,Month-to-month,No,Bank transfer (automatic),45.9,505.95,No,1,0,0,0,0,0,0,0,1,Below 3 years,0.4684263,237.00027999579905,Medium Risk,Promote security service
Female,No,No,No,Yes,No,Fiber optic,No,No,Yes,Yes,No,Yes,Month-to-month,Yes,Electronic check,87.55,3078.1,Yes,1,0,0,0,1,1,0,1,4,Below 5 years,0.6168381,1898.6893481373786,Medium Risk,Promote security service
Male,No,Yes,No,Yes,No,Fiber optic,No,Yes,Yes,Yes,Yes,No,Month-to-month,Yes,Mailed check,94.85,890.6,Yes,1,0,0,1,1,1,1,0,5,Below 1 year,0.7111035,633.308776152134,High Risk - High Value,Priority retention offer
Female,Yes,No,No,Yes,No,Fiber optic,Yes,Yes,No,No,No,No,Month-to-month,Yes,Credit card (automatic),79.2,3233.85,Yes,1,0,1,1,0,0,0,0,3,Below 5 years,0.5235552,1693.099045524001,Medium Risk,Offer technical support
Female,No,Yes,Yes,Yes,No,DSL,No,No,Yes,No,No,No,One year,Yes,Bank transfer (automatic),50.95,2610.65,No,1,0,0,0,1,0,0,0,2,Below 5 years,0.20413528,532.9257787249983,Low Risk,Promote security service
Female,No,No,No,Yes,No,DSL,Yes,Yes,Yes,No,No,No,Two year,Yes,Bank transfer (automatic),61.15,4017.45,No,1,0,1,1,1,0,0,0,4,oldest Customers,0.06845168,275.00120279230174,Low Risk,Offer technical support
Female,No,Yes,No,Yes,No,Fiber optic,No,Yes,No,No,No,No,Month-to-month,Yes,Electronic check,76.1,2093.4,No,1,0,0,1,0,0,0,0,2,Below 3 years,0.7060903,1478.1293743014337,High Risk - High Value,Priority retention offer
Female,Yes,No,No,No,No phone service,DSL,No,No,No,No,No,No,Month-to-month,No,Mailed check,25.05,25.05,Yes,0,0,0,0,0,0,0,0,0,Below 1 year,0.76602495,19.188924926519395,High Risk - New Customer,Onboarding intervention
Male,No,Yes,No,Yes,Yes,DSL,No,No,Yes,No,Yes,Yes,One year,Yes,Mailed check,75.3,989.45,Yes,1,1,0,0,1,0,1,1,5,Below 3 years,0.439554,434.9167110994458,Medium Risk,Promote security service
Female,No,No,No,Yes,Yes,DSL,Yes,No,Yes,Yes,No,No,Month-to-month,No,Credit card (automatic),65.25,1994.3,Yes,1,1,1,0,1,1,0,0,5,Below 3 years,0.27603164,550.4899059385061,Low Risk,Promote long-term contract
Male,No,Yes,No,Yes,Yes,Fiber optic,No,No,No,No,No,No,Month-to-month,Yes,Bank transfer (automatic),73.85,1284.2,Yes,1,1,0,0,0,0,0,0,2,Below 3 years,0.5931298,761.6973067164421,Medium Risk,Promote security service
Female,No,Yes,Yes,Yes,Yes,DSL,No,Yes,No,Yes,No,No,Month-to-month,Yes,Mailed check,58.5,224.85,No,1,1,0,1,0,1,0,0,4,Below 1 year,0.4879987,109.7265063866973,Medium Risk,Promote security service
Male,Yes,Yes,No,Yes,Yes,Fiber optic,No,Yes,Yes,No,Yes,Yes,Month-to-month,Yes,Electronic check,103.85,5485.5,Yes,1,1,0,1,1,0,1,1,6,Below 5 years,0.76776844,4211.593792051077,High Risk - High Value,Priority retention offer
Female,No,No,No,Yes,No,DSL,No,Yes,No,No,Yes,No,One year,No,Electronic check,58.2,1045.25,No,1,0,0,1,0,0,1,0,3,Below 3 years,0.25953305,271.27691808342934,Low Risk,Promote security service
Female,No,Yes,Yes,Yes,Yes,Fiber optic,No,Yes,Yes,No,Yes,Yes,Month-to-month,Yes,Bank transfer (automatic),105.35,1559.25,No,1,1,0,1,1,0,1,1,6,Below 3 years,0.771554,1203.0455639362335,High Risk - High Value,Priority retention offer
Male,Yes,Yes,No,Yes,No,Fiber optic,No,Yes,Yes,No,Yes,Yes,One year,Yes,Electronic check,97.95,5867.0,No,1,0,0,1,1,0,1,1,5,oldest Customers,0.44833347,2630.372480303049,Medium Risk,Promote security service
Female,Yes,Yes,No,Yes,Yes,Fiber optic,No,No,No,No,Yes,Yes,Month-to-month,Yes,Electronic check,92.55,1614.7,No,1,1,0,0,0,0,1,1,4,Below 3 years,0.8183401,1321.3737961232662,High Risk - High Value,Priority retention offer
Male,No,No,No,Yes,No,No,No internet service,No internet service,No internet service,No internet service,No internet service,No internet service,Month-to-month,Yes,Mailed check,19.85,193.05,No,1,0,0,0,0,0,0,0,1,Below 1 year,0.27691025,53.45752287805081,Low Risk,Promote long-term contract
Female,No,No,No,Yes,No,Fiber optic,No,No,No,No,No,No,Month-to-month,Yes,Mailed check,70.15,886.7,No,1,0,0,0,0,0,0,0,1,Below 3 years,0.62432164,553.5859977781773,Medium Risk,Promote security service
Female,Yes,Yes,Yes,Yes,Yes,DSL,Yes,Yes,Yes,Yes,Yes,Yes,Two year,No,Credit card (automatic),92.45,6440.25,Yes,1,1,1,1,1,1,1,1,8,oldest Customers,0.09540538,614.434482106939,Low Risk,Standard engagement
Female,No,Yes,No,No,No phone service,DSL,No,Yes,No,Yes,No,No,One year,No,Mailed check,35.45,1391.65,No,0,0,0,1,0,1,0,0,2,Below 5 years,0.2180455,303.4430241122842,Low Risk,Promote security service
Male,Yes,No,No,Yes,Yes,Fiber optic,No,No,No,No,Yes,Yes,Month-to-month,Yes,Electronic check,94.0,94.0,Yes,1,1,0,0,0,0,1,1,4,Below 1 year,0.9295314,87.37595117092133,High Risk - High Value,Priority retention offer
Female,No,Yes,No,Yes,Yes,Fiber optic,Yes,Yes,Yes,Yes,Yes,Yes,Month-to-month,Yes,Bank transfer (automatic),113.6,4594.95,Yes,1,1,1,1,1,1,1,1,8,Below 5 years,0.5207379,2392.7645512461663,Medium Risk,Promote long-term contract
Female,No,No,No,Yes,Yes,No,No internet service,No internet service,No internet service,No internet service,No internet service,No internet service,Month-to-month,Yes,Credit card (automatic),25.4,399.6,Yes,1,1,0,0,0,0,0,0,2,Below 3 years,0.31631905,126.40109174251558,Low Risk,Promote long-term contract
Female,No,Yes,No,Yes,Yes,DSL,No,No,Yes,Yes,Yes,No,Month-to-month,No,Bank transfer (automatic),67.95,350.3,Yes,1,1,0,0,1,1,1,0,5,Below 1 year,0.54359365,190.42085387706757,Medium Risk,Promote security service
Female,No,Yes,Yes,Yes,Yes,Fiber optic,Yes,No,Yes,No,Yes,Yes,One year,Yes,Mailed check,103.7,3467.0,Yes,1,1,1,0,1,0,1,1,6,Below 3 years,0.45571086,1579.9495450556278,Medium Risk,Offer technical support
Female,No,No,No,Yes,No,Fiber optic,No,Yes,No,No,Yes,No,Month-to-month,No,Electronic check,84.3,84.3,Yes,1,0,0,1,0,0,1,0,3,Below 1 year,0.8827538,74.41614444851875,High Risk - High Value,Priority retention offer
Male,Yes,Yes,No,Yes,Yes,Fiber optic,Yes,Yes,Yes,Yes,Yes,No,Month-to-month,Yes,Bank transfer (automatic),105.7,3181.8,No,1,1,1,1,1,1,1,0,7,Below 3 years,0.5683036,1808.2283469200136,Medium Risk,Promote long-term contract
Male,No,No,No,Yes,No,DSL,No,No,No,Yes,No,No,Month-to-month,No,Mailed check,49.05,49.05,No,1,0,0,0,0,1,0,0,2,Below 1 year,0.6626501,32.50298781394958,Medium Risk,Promote security service
Female,No,Yes,No,Yes,No,Fiber optic,No,No,Yes,Yes,No,No,Month-to-month,Yes,Mailed check,81.0,1683.7,No,1,0,0,0,1,1,0,0,3,Below 3 years,0.41119087,692.3220634818077,Medium Risk,Promote security service
Female,Yes,No,No,Yes,Yes,Fiber optic,No,No,No,No,No,No,Month-to-month,Yes,Electronic check,72.1,72.1,No,1,1,0,0,0,0,0,0,2,Below 1 year,0.9087862,65.5234834074974,High Risk - New Customer,Onboarding intervention
Male,No,No,No,Yes,No,DSL,No,No,No,No,No,No,Month-to-month,No,Credit card (automatic),46.2,46.2,Yes,1,0,0,0,0,0,0,0,1,Below 1 year,0.7752648,35.81723374128342,High Risk - New Customer,Onboarding intervention
Male,No,No,No,Yes,Yes,Fiber optic,No,No,No,No,Yes,Yes,Month-to-month,Yes,Bank transfer (automatic),94.7,2362.1,Yes,1,1,0,0,0,0,1,1,4,Below 3 years,0.7042224,1663.4436864316463,High Risk - High Value,Priority retention offer
Male,No,No,No,Yes,Yes,Fiber optic,No,No,No,No,No,Yes,Month-to-month,Yes,Electronic check,86.0,165.45,Yes,1,1,0,0,0,0,0,1,3,Below 1 year,0.90768206,150.17599702477455,High Risk - High Value,Priority retention offer
Female,No,No,No,Yes,No,Fiber optic,No,Yes,No,No,No,No,Month-to-month,No,Electronic check,75.8,75.8,Yes,1,0,0,1,0,0,0,0,2,Below 1 year,0.8695431,65.91136512756347,High Risk - High Value,Priority retention offer
Male,No,Yes,Yes,Yes,No,DSL,Yes,No,Yes,Yes,No,No,One year,No,Mailed check,56.9,2560.1,No,1,0,1,0,1,1,0,0,4,Below 5 years,0.11437466,292.8105669520795,Low Risk,Standard engagement
Female,No,Yes,No,Yes,Yes,Fiber optic,Yes,Yes,No,No,No,No,Two year,Yes,Bank transfer (automatic),84.05,6052.25,No,1,1,1,1,0,0,0,0,4,oldest Customers,0.07541199,456.4122182019055,Low Risk,Offer technical support
Male,No,Yes,Yes,Yes,No,DSL,No,No,Yes,No,No,No,Month-to-month,Yes,Electronic check,49.6,939.8,No,1,0,0,0,1,0,0,0,2,Below 3 years,0.5749565,540.3440967917442,Medium Risk,Promote security service
Male,No,Yes,Yes,Yes,Yes,DSL,No,Yes,Yes,Yes,Yes,Yes,Two year,Yes,Credit card (automatic),85.95,5931.75,No,1,1,0,1,1,1,1,1,7,oldest Customers,0.10145915,601.8303307872266,Low Risk,Promote security service
Male,No,Yes,Yes,Yes,Yes,Fiber optic,No,No,Yes,No,Yes,Yes,Month-to-month,No,Electronic check,101.15,385.9,Yes,1,1,0,0,1,0,1,1,5,Below 1 year,0.85955834,331.7035649061203,High Risk - High Value,Priority retention offer
Male,No,No,No,Yes,Yes,Fiber optic,No,No,No,No,No,Yes,Month-to-month,Yes,Mailed check,85.2,602.55,Yes,1,1,0,0,0,0,0,1,3,Below 1 year,0.8173744,492.50894968807694,High Risk - High Value,Priority retention offer
Male,No,Yes,Yes,Yes,Yes,No,No internet service,No internet service,No internet service,No internet service,No internet service,No internet service,Two year,Yes,Bank transfer (automatic),24.0,1664.3,No,1,1,0,0,0,0,0,0,2,oldest Customers,0.048237596,80.28183053545654,Low Risk,Standard engagement
Female,No,Yes,Yes,Yes,Yes,DSL,Yes,No,Yes,Yes,Yes,No,Two year,No,Mailed check,75.8,4415.75,No,1,1,1,0,1,1,1,0,6,Below 5 years,0.06786395,299.67023122124374,Low Risk,Standard engagement
Female,No,Yes,Yes,Yes,Yes,DSL,Yes,Yes,No,No,No,Yes,One year,No,Bank transfer (automatic),68.75,3815.4,No,1,1,1,1,0,0,0,1,5,Below 5 years,0.17563039,670.100192463398,Low Risk,Offer technical support
Male,No,No,No,Yes,No,Fiber optic,No,No,Yes,Yes,No,No,One year,No,Electronic check,81.9,3219.75,No,1,0,0,0,1,1,0,0,3,Below 5 years,0.3215639,1035.3553654700518,Low Risk,Promote security service
Male,No,Yes,No,No,No phone service,DSL,Yes,No,No,Yes,Yes,Yes,Month-to-month,Yes,Electronic check,54.45,706.85,Yes,0,0,1,0,0,1,1,1,4,Below 3 years,0.53346556,377.0801340907812,Medium Risk,Promote long-term contract
Female,No,Yes,No,Yes,Yes,Fiber optic,Yes,No,No,No,No,No,Month-to-month,No,Electronic check,82.4,1592.35,Yes,1,1,1,0,0,0,0,0,3,Below 3 years,0.6377662,1015.5469805806874,Medium Risk,Offer technical support
Female,Yes,Yes,No,Yes,No,DSL,No,No,Yes,No,No,Yes,One year,No,Mailed check,60.7,1597.4,No,1,0,0,0,1,0,0,1,3,Below 3 years,0.2646334,422.72537291646006,Low Risk,Promote security service
Male,No,Yes,No,Yes,No,Fiber optic,Yes,No,No,No,Yes,No,Month-to-month,No,Electronic check,84.1,4348.65,Yes,1,0,1,0,0,0,1,0,3,Below 5 years,0.5402048,2349.1617036134003,Medium Risk,Offer technical support
Male,No,No,No,Yes,Yes,Fiber optic,No,Yes,No,Yes,Yes,Yes,One year,Yes,Bank transfer (automatic),106.65,5168.1,No,1,1,0,1,0,1,1,1,6,Below 5 years,0.5178391,2676.244119036198,Medium Risk,Promote security service
Male,No,No,No,No,No phone service,DSL,No,Yes,Yes,No,No,No,Month-to-month,Yes,Credit card (automatic),33.5,600.0,Yes,0,0,0,1,1,0,0,0,2,Below 3 years,0.41391996,248.3519732952118,Medium Risk,Promote security service
Male,No,No,No,Yes,Yes,Fiber optic,No,Yes,No,Yes,No,Yes,Month-to-month,Yes,Electronic check,94.45,5124.6,Yes,1,1,0,1,0,1,0,1,5,Below 5 years,0.47450733,2431.6602727890017,Medium Risk,Promote security service
Male,Yes,Yes,No,Yes,No,No,No internet service,No internet service,No internet service,No internet service,No internet service,No internet service,One year,No,Mailed check,19.65,228.65,No,1,0,0,0,0,0,0,0,1,Below 3 years,0.10725628,24.524148055166005,Low Risk,Standard engagement
Male,No,Yes,No,Yes,No,No,No internet service,No internet service,No internet service,No internet service,No internet service,No internet service,Two year,No,Mailed check,19.05,637.55,No,1,0,0,0,0,0,0,0,1,Below 3 years,0.064541265,41.148283735662694,Low Risk,Standard engagement
Male,No,Yes,Yes,Yes,No,DSL,No,No,Yes,No,Yes,No,Month-to-month,No,Mailed check,60.2,563.5,No,1,0,0,0,1,0,1,0,3,Below 1 year,0.43680558,246.13994212448597,Medium Risk,Promote security service
Female,Yes,Yes,No,Yes,Yes,Fiber optic,No,No,No,No,Yes,Yes,Month-to-month,Yes,Electronic check,93.55,2264.05,Yes,1,1,0,0,0,0,1,1,4,Below 3 years,0.82233936,1861.8174188286068,High Risk - High Value,Priority retention offer
Female,Yes,No,No,Yes,No,Fiber optic,No,No,No,No,No,No,Month-to-month,Yes,Electronic check,70.65,142.35,Yes,1,0,0,0,0,0,0,0,1,Below 1 year,0.8833435,125.74394975602627,High Risk - New Customer,Onboarding intervention
Female,No,No,No,Yes,Yes,Fiber optic,No,No,No,No,No,No,Month-to-month,Yes,Electronic check,74.25,210.3,Yes,1,1,0,0,0,0,0,0,2,Below 1 year,0.87859243,184.76798835396767,High Risk - New Customer,Onboarding intervention
Male,No,Yes,Yes,Yes,Yes,No,No internet service,No internet service,No internet service,No internet service,No internet service,No internet service,Two year,No,Bank transfer (automatic),24.3,1643.25,No,1,1,0,0,0,0,0,0,2,oldest Customers,0.04643439,76.30331348720938,Low Risk,Standard engagement
Female,No,No,No,Yes,Yes,Fiber optic,No,Yes,No,No,No,Yes,Month-to-month,Yes,Electronic check,89.95,2625.55,Yes,1,1,0,1,0,0,0,1,4,Below 3 years,0.75634867,1985.8312492817643,High Risk - High Value,Priority retention offer
Male,Yes,Yes,No,Yes,No,DSL,Yes,No,No,No,Yes,No,Month-to-month,No,Bank transfer (automatic),60.9,551.95,No,1,0,1,0,0,0,1,0,3,Below 1 year,0.53438455,294.95355163514614,Medium Risk,Offer technical support
Male,No,No,No,Yes,No,DSL,No,No,No,Yes,No,No,Month-to-month,Yes,Mailed check,50.55,610.75,No,1,0,0,0,0,1,0,0,2,Below 3 years,0.38775092,236.8188766092062,Low Risk,Promote security service
Female,No,No,No,Yes,Yes,Fiber optic,Yes,No,No,No,No,No,Month-to-month,Yes,Electronic check,78.95,927.35,Yes,1,1,1,0,0,0,0,0,3,Below 3 years,0.7248525,672.1919680505991,High Risk - High Value,Priority retention offer
Female,No,No,No,Yes,No,DSL,No,No,No,Yes,Yes,Yes,Month-to-month,No,Mailed check,70.5,829.3,No,1,0,0,0,0,1,1,1,4,Below 1 year,0.44447625,368.6041514992714,Medium Risk,Promote security service
Female,No,No,No,Yes,No,Fiber optic,Yes,Yes,No,Yes,No,No,Month-to-month,Yes,Electronic check,86.25,181.65,Yes,1,0,1,1,0,1,0,0,4,Below 1 year,0.7423001,134.8388119250536,High Risk - High Value,Priority retention offer
Female,No,No,No,Yes,No,DSL,Yes,Yes,No,Yes,Yes,Yes,Month-to-month,Yes,Electronic check,78.5,571.05,No,1,0,1,1,0,1,1,1,6,Below 1 year,0.526003,300.37401493191715,Medium Risk,Promote long-term contract
Male,No,No,No,Yes,No,DSL,No,No,No,Yes,No,No,Month-to-month,No,Bank transfer (automatic),50.25,593.75,Yes,1,0,0,0,0,1,0,0,2,Below 3 years,0.40831342,242.4360951408744,Medium Risk,Promote security service
Male,No,No,No,Yes,Yes,Fiber optic,No,No,No,No,No,No,Month-to-month,Yes,Electronic check,76.5,162.45,Yes,1,1,0,0,0,0,0,0,2,Below 1 year,0.8959261,145.5431978523731,High Risk - High Value,Priority retention offer
Male,No,No,Yes,Yes,No,DSL,Yes,Yes,No,No,No,No,Month-to-month,Yes,Mailed check,55.25,2139.2,Yes,1,0,1,1,0,0,0,0,3,Below 5 years,0.31123146,665.7863481044769,Low Risk,Offer technical support
Male,No,Yes,No,Yes,Yes,Fiber optic,Yes,Yes,No,Yes,Yes,Yes,Two year,Yes,Credit card (automatic),109.95,7852.4,No,1,1,1,1,0,1,1,1,7,oldest Customers,0.12716143,998.5223998367786,Low Risk,Standard engagement
Male,No,No,No,No,No phone service,DSL,No,No,Yes,No,Yes,Yes,Month-to-month,Yes,Electronic check,50.75,712.75,Yes,0,0,0,0,1,0,1,1,3,Below 3 years,0.7351111,523.9504489004612,High Risk - General,Promote security service
Male,No,Yes,Yes,No,No phone service,DSL,Yes,No,Yes,Yes,Yes,Yes,One year,No,Credit card (automatic),60.7,2234.55,No,0,0,1,0,1,1,1,1,5,Below 5 years,0.18758678,419.1720489978791,Low Risk,Standard engagement
Male,No,Yes,No,No,No phone service,DSL,Yes,Yes,No,Yes,No,No,Two year,Yes,Credit card (automatic),38.6,2345.55,No,0,0,1,1,0,1,0,0,3,oldest Customers,0.06317476,148.17956261448563,Low Risk,Standard engagement
Female,No,No,No,Yes,No,DSL,No,No,No,No,No,Yes,Month-to-month,Yes,Mailed check,54.75,54.75,Yes,1,0,0,0,0,0,0,1,2,Below 1 year,0.83002466,45.4438501149416,High Risk - New Customer,Onboarding intervention
Female,No,No,No,No,No phone service,DSL,No,No,No,No,Yes,No,Month-to-month,Yes,Mailed check,35.8,363.15,No,0,0,0,0,0,0,1,0,1,Below 1 year,0.52516884,190.71506283581255,Medium Risk,Promote security service
Female,No,No,No,Yes,No,No,No internet service,No internet service,No internet service,No internet service,No internet service,No internet service,Month-to-month,Yes,Mailed check,19.1,19.1,Yes,1,0,0,0,0,0,0,0,1,Below 1 year,0.5667477,10.824881547689438,Medium Risk,Promote long-term contract
Female,No,Yes,Yes,Yes,No,Fiber optic,Yes,Yes,Yes,No,No,No,One year,No,Bank transfer (automatic),84.8,5598.3,No,1,0,1,1,1,0,0,0,4,oldest Customers,0.18146853,1015.9152798369527,Low Risk,Offer technical support
Male,No,Yes,Yes,Yes,No,Fiber optic,No,No,No,No,Yes,Yes,Month-to-month,Yes,Electronic check,90.2,1776.55,Yes,1,0,0,0,0,0,1,1,3,Below 3 years,0.7807322,1387.0098155826329,High Risk - High Value,Priority retention offer
Male,No,Yes,Yes,Yes,Yes,No,No internet service,No internet service,No internet service,No internet service,No internet service,No internet service,Two year,No,Mailed check,25.2,987.95,No,1,1,0,0,0,0,0,0,2,Below 5 years,0.058609992,57.90374185889959,Low Risk,Standard engagement
Female,No,No,No,Yes,No,DSL,Yes,No,No,No,Yes,Yes,Month-to-month,Yes,Electronic check,70.75,146.9,Yes,1,0,1,0,0,0,1,1,4,Below 1 year,0.75969,111.59845904707909,High Risk - New Customer,Onboarding intervention
Male,No,No,No,Yes,No,Fiber optic,No,No,No,No,No,No,Month-to-month,Yes,Electronic check,69.65,69.65,Yes,1,0,0,0,0,0,0,0,1,Below 1 year,0.90464145,63.00827695429326,High Risk - New Customer,Onboarding intervention
Male,No,No,No,Yes,No,No,No internet service,No internet service,No internet service,No internet service,No internet service,No internet service,Two year,No,Credit card (automatic),20.15,982.95,No,1,0,0,0,0,0,0,0,1,Below 5 years,0.04937078,48.529008778184654,Low Risk,Standard engagement
Female,No,No,Yes,Yes,No,No,No internet service,No internet service,No internet service,No internet service,No internet service,No internet service,Two year,No,Mailed check,20.5,398.55,No,1,0,0,0,0,0,0,0,1,Below 3 years,0.054422025,21.689897919259966,Low Risk,Standard engagement
Female,No,No,No,Yes,No,Fiber optic,No,No,Yes,No,Yes,Yes,Month-to-month,Yes,Electronic check,96.0,1062.1,Yes,1,0,0,0,1,0,1,1,4,Below 3 years,0.8678535,921.7472260355948,High Risk - High Value,Priority retention offer
Male,No,No,No,Yes,No,No,No internet service,No internet service,No internet service,No internet service,No internet service,No internet service,One year,No,Mailed check,20.35,176.3,No,1,0,0,0,0,0,0,0,1,Below 1 year,0.10571739,18.63797599375248,Low Risk,Standard engagement
Male,No,No,No,Yes,No,DSL,Yes,Yes,No,Yes,No,No,Month-to-month,Yes,Mailed check,61.9,2647.1,No,1,0,1,1,0,1,0,0,4,Below 5 years,0.23359548,618.3505833402276,Low Risk,Promote long-term contract
Male,No,No,No,Yes,Yes,Fiber optic,No,No,Yes,No,Yes,Yes,One year,Yes,Electronic check,96.75,6125.4,Yes,1,1,0,0,1,0,1,1,5,oldest Customers,0.49444434,3028.6693630993364,Medium Risk,Promote security service
Female,No,Yes,Yes,No,No phone service,DSL,Yes,No,Yes,No,No,Yes,Two year,Yes,Credit card (automatic),43.95,2960.1,No,0,0,1,0,1,0,0,1,3,oldest Customers,0.07527127,222.8104897879064,Low Risk,Offer technical support
Female,No,Yes,Yes,No,No phone service,DSL,Yes,No,No,No,No,No,Month-to-month,No,Bank transfer (automatic),30.5,30.5,Yes,0,0,1,0,0,0,0,0,1,Below 1 year,0.71126604,21.69361424446106,High Risk - New Customer,Onboarding intervention
Male,No,No,No,Yes,Yes,Fiber optic,No,No,No,No,Yes,No,Month-to-month,Yes,Bank transfer (automatic),86.05,834.1,Yes,1,1,0,0,0,0,1,0,3,Below 1 year,0.7721207,644.0258877038956,High Risk - High Value,Priority retention offer
Female,No,Yes,No,Yes,Yes,Fiber optic,No,No,No,No,No,No,Month-to-month,Yes,Electronic check,75.85,256.6,Yes,1,1,0,0,0,0,0,0,2,Below 1 year,0.88769335,227.78211246728898,High Risk - High Value,Priority retention offer
Female,No,Yes,No,Yes,Yes,DSL,Yes,Yes,Yes,Yes,Yes,Yes,Two year,No,Credit card (automatic),93.2,6506.15,No,1,1,1,1,1,1,1,1,8,oldest Customers,0.07400153,481.465043496713,Low Risk,Standard engagement
Female,No,No,No,Yes,No,Fiber optic,No,Yes,No,No,No,No,Month-to-month,Yes,Electronic check,73.85,4092.85,Yes,1,0,0,1,0,0,0,0,2,Below 5 years,0.547448,2240.6224626928565,Medium Risk,Promote security service
Female,No,No,No,Yes,Yes,Fiber optic,Yes,Yes,Yes,Yes,Yes,Yes,Two year,Yes,Credit card (automatic),111.95,7795.95,No,1,1,1,1,1,1,1,1,8,oldest Customers,0.18194367,1418.4237534753977,Low Risk,Standard engagement
Male,No,Yes,Yes,Yes,Yes,DSL,No,No,Yes,Yes,Yes,Yes,One year,Yes,Credit card (automatic),82.0,2083.1,No,1,1,0,0,1,1,1,1,6,Below 3 years,0.27789387,578.880722823739,Low Risk,Promote security service
Male,No,No,No,Yes,Yes,DSL,No,Yes,No,No,No,No,Month-to-month,Yes,Credit card (automatic),55.5,767.55,No,1,1,0,1,0,0,0,0,3,Below 3 years,0.46893367,359.9300397232175,Medium Risk,Promote security service
Male,No,Yes,No,Yes,No,No,No internet service,No internet service,No internet service,No internet service,No internet service,No internet service,Two year,No,Bank transfer (automatic),20.7,1492.1,No,1,0,0,0,0,0,0,0,1,oldest Customers,0.04375016,65.279612904042,Low Risk,Standard engagement
Male,Yes,No,No,No,No phone service,DSL,No,No,No,No,No,No,Month-to-month,Yes,Bank transfer (automatic),25.2,102.5,Yes,0,0,0,0,0,0,0,0,0,Below 1 year,0.74075806,75.92770129442215,High Risk - New Customer,Onboarding intervention
Female,No,Yes,Yes,Yes,No,DSL,Yes,Yes,No,Yes,No,No,Month-to-month,No,Bank transfer (automatic),59.45,780.85,No,1,0,1,1,0,1,0,0,4,Below 3 years,0.27146906,211.97661285102367,Low Risk,Promote long-term contract
Female,No,Yes,No,Yes,Yes,Fiber optic,Yes,Yes,Yes,Yes,No,Yes,Two year,No,Credit card (automatic),106.65,5174.35,No,1,1,1,1,1,1,0,1,7,Below 5 years,0.15911935,823.3392226345837,Low Risk,Standard engagement
Female,No,No,No,Yes,No,DSL,No,No,No,No,No,No,Month-to-month,No,Bank transfer (automatic),43.8,540.95,No,1,0,0,0,0,0,0,0,1,Below 3 years,0.46350157,250.7311757028103,Medium Risk,Promote security service
Male,No,Yes,No,Yes,Yes,Fiber optic,No,Yes,Yes,No,Yes,Yes,Month-to-month,Yes,Electronic check,105.55,6281.45,Yes,1,1,0,1,1,0,1,1,6,oldest Customers,0.7143489,4487.146974784136,High Risk - High Value,Priority retention offer
Female,No,No,No,Yes,No,Fiber optic,No,Yes,Yes,No,Yes,Yes,Month-to-month,Yes,Electronic check,99.5,2369.05,Yes,1,0,0,1,1,0,1,1,5,Below 3 years,0.8188565,1939.911938583851,High Risk - High Value,Priority retention offer
Male,No,Yes,No,Yes,Yes,Fiber optic,Yes,Yes,Yes,Yes,Yes,Yes,One year,No,Bank transfer (automatic),115.8,7942.15,No,1,1,1,1,1,1,1,1,8,oldest Customers,0.4358005,3461.1928836017846,Medium Risk,Standard engagement
Female,Yes,No,No,No,No phone service,DSL,No,No,No,No,No,No,Month-to-month,Yes,Mailed check,25.7,25.7,Yes,0,0,0,0,0,0,0,0,0,Below 1 year,0.8299248,21.329067921638487,High Risk - New Customer,Onboarding intervention
Female,No,No,No,Yes,No,Fiber optic,No,Yes,Yes,No,No,No,Month-to-month,Yes,Electronic check,82.3,82.3,Yes,1,0,0,1,1,0,0,0,3,Below 1 year,0.91073143,74.95319708585738,High Risk - High Value,Priority retention offer
Female,No,No,No,Yes,Yes,Fiber optic,Yes,Yes,No,No,No,Yes,Month-to-month,Yes,Electronic check,95.15,1789.25,Yes,1,1,1,1,0,0,0,1,5,Below 3 years,0.73614615,1317.1495025008917,High Risk - High Value,Priority retention offer
Female,Yes,No,No,Yes,Yes,DSL,Yes,Yes,No,Yes,No,No,One year,Yes,Credit card (automatic),63.85,4174.35,No,1,1,1,1,0,1,0,0,5,oldest Customers,0.13227211,552.1500798292459,Low Risk,Standard engagement
Male,Yes,No,No,Yes,No,Fiber optic,No,No,No,No,No,No,Month-to-month,Yes,Bank transfer (automatic),69.5,69.5,Yes,1,0,0,0,0,0,0,0,1,Below 1 year,0.87162846,60.57817819714546,High Risk - New Customer,Onboarding intervention
Male,No,No,No,Yes,No,DSL,No,No,No,No,No,No,Month-to-month,No,Electronic check,44.75,270.95,Yes,1,0,0,0,0,0,0,0,1,Below 1 year,0.7086395,192.00587320923805,High Risk - New Customer,Onboarding intervention
Male,No,Yes,No,Yes,Yes,Fiber optic,No,Yes,Yes,No,Yes,No,One year,Yes,Bank transfer (automatic),95.0,6602.9,No,1,1,0,1,1,0,1,0,5,oldest Customers,0.3538766,2336.6117409229278,Low Risk,Promote security service
Female,Yes,No,No,Yes,No,Fiber optic,No,No,No,No,No,No,Month-to-month,Yes,Mailed check,69.05,318.5,Yes,1,0,0,0,0,0,0,0,1,Below 1 year,0.74091,235.9798329770565,High Risk - New Customer,Onboarding intervention
Female,No,Yes,Yes,Yes,No,No,No internet service,No internet service,No internet service,No internet service,No internet service,No internet service,Two year,Yes,Bank transfer (automatic),19.75,246.7,No,1,0,0,0,0,0,0,0,1,Below 3 years,0.060517937,14.929775044322014,Low Risk,Standard engagement
Male,No,No,No,Yes,Yes,Fiber optic,No,Yes,No,No,No,No,Month-to-month,Yes,Electronic check,80.65,1451.9,Yes,1,1,0,1,0,0,0,0,3,Below 3 years,0.7312965,1061.769358879328,High Risk - High Value,Priority retention offer
Female,Yes,No,No,Yes,Yes,Fiber optic,No,No,No,No,No,Yes,Month-to-month,Yes,Electronic check,82.0,1127.2,Yes,1,1,0,0,0,0,0,1,3,Below 3 years,0.84955174,957.6147182941437,High Risk - High Value,Priority retention offer
Male,No,No,No,Yes,No,Fiber optic,No,No,No,No,No,No,Month-to-month,No,Credit card (automatic),70.55,1493.55,No,1,0,0,0,0,0,0,0,1,Below 3 years,0.48338002,721.9522283703088,Medium Risk,Promote security service
Male,Yes,Yes,No,Yes,No,Fiber optic,Yes,Yes,Yes,No,Yes,Yes,Two year,No,Credit card (automatic),105.35,7511.9,No,1,0,1,1,1,0,1,1,6,oldest Customers,0.20762849,1559.6844430685042,Low Risk,Offer technical support
Male,No,No,No,Yes,No,Fiber optic,No,No,No,No,No,Yes,Month-to-month,No,Electronic check,79.6,79.6,Yes,1,0,0,0,0,0,0,1,2,Below 1 year,0.90101886,71.72110109329223,High Risk - High Value,Priority retention offer
Male,No,No,No,Yes,No,Fiber optic,No,No,No,No,No,No,Month-to-month,Yes,Electronic check,67.75,116.65,Yes,1,0,0,0,0,0,0,0,1,Below 1 year,0.8742884,101.985739544034,High Risk - New Customer,Onboarding intervention
Male,No,Yes,Yes,Yes,No,Fiber optic,No,No,No,No,No,No,Month-to-month,Yes,Electronic check,71.0,71.0,Yes,1,0,0,0,0,0,0,0,1,Below 1 year,0.9041072,64.19161212444305,High Risk - New Customer,Onboarding intervention
Female,No,Yes,No,Yes,No,Fiber optic,Yes,Yes,No,Yes,Yes,Yes,One year,Yes,Credit card (automatic),106.4,7251.9,No,1,0,1,1,0,1,1,1,6,oldest Customers,0.43145186,3128.845722430944,Medium Risk,Standard engagement
Female,No,No,No,Yes,Yes,DSL,No,Yes,Yes,No,Yes,Yes,One year,Yes,Electronic check,80.55,3263.9,No,1,1,0,1,1,0,1,1,6,Below 5 years,0.34082887,1112.4313349753618,Low Risk,Promote security service
Male,No,No,No,Yes,Yes,No,No internet service,No internet service,No internet service,No internet service,No internet service,No internet service,Month-to-month,Yes,Mailed check,24.05,24.05,Yes,1,1,0,0,0,0,0,0,2,Below 1 year,0.6328001,15.218842458724977,Medium Risk,Promote long-term contract
Male,No,No,No,Yes,No,Fiber optic,No,No,No,No,Yes,No,Month-to-month,No,Electronic check,79.0,143.65,Yes,1,0,0,0,0,0,1,0,2,Below 1 year,0.88273615,126.80504743754864,High Risk - High Value,Priority retention offer
Female,No,Yes,No,Yes,No,No,No internet service,No internet service,No internet service,No internet service,No internet service,No internet service,Two year,No,Bank transfer (automatic),19.8,1397.65,No,1,0,0,0,0,0,0,0,1,oldest Customers,0.045730438,63.91514678727836,Low Risk,Standard engagement
Male,No,No,No,Yes,Yes,DSL,Yes,No,Yes,Yes,Yes,Yes,Two year,No,Credit card (automatic),84.3,5997.1,No,1,1,1,0,1,1,1,1,7,oldest Customers,0.06386588,383.0100550822914,Low Risk,Standard engagement
Female,No,Yes,Yes,Yes,No,Fiber optic,No,Yes,Yes,No,Yes,No,Month-to-month,Yes,Credit card (automatic),89.45,1430.25,Yes,1,0,0,1,1,0,1,0,4,Below 3 years,0.6545739,936.2043453454971,Medium Risk,Promote security service
Female,No,No,Yes,Yes,Yes,Fiber optic,No,No,No,Yes,No,No,One year,Yes,Credit card (automatic),79.5,1264.2,No,1,1,0,0,0,1,0,0,3,Below 3 years,0.24067876,304.26608514189724,Low Risk,Promote security service
Female,Yes,No,No,Yes,Yes,Fiber optic,No,No,No,No,Yes,Yes,Month-to-month,Yes,Electronic check,94.25,1973.75,Yes,1,1,0,0,0,0,1,1,4,Below 3 years,0.82827175,1634.8013599216938,High Risk - High Value,Priority retention offer
Male,No,No,No,Yes,No,Fiber optic,No,No,No,No,Yes,Yes,Month-to-month,Yes,Electronic check,91.1,1135.7,Yes,1,0,0,0,0,0,1,1,3,Below 3 years,0.85470295,970.6861397743226,High Risk - High Value,Priority retention offer
Female,No,No,No,Yes,No,Fiber optic,No,Yes,No,Yes,Yes,No,Month-to-month,No,Electronic check,91.7,91.7,Yes,1,0,0,1,0,1,1,0,4,Below 1 year,0.84754395,77.7197806596756,High Risk - High Value,Priority retention offer
Male,Yes,Yes,No,Yes,No,Fiber optic,No,Yes,No,No,No,No,Month-to-month,Yes,Electronic check,73.65,1463.5,Yes,1,0,0,1,0,0,0,0,2,Below 3 years,0.73590696,1076.999833881855,High Risk - General,Promote security service
Female,No,No,No,No,No phone service,DSL,Yes,No,Yes,No,No,Yes,One year,Yes,Electronic check,44.45,2773.9,No,0,0,1,0,1,0,0,1,3,oldest Customers,0.1968099,545.9309893414378,Low Risk,Offer technical support
Male,No,No,No,Yes,Yes,Fiber optic,No,No,No,No,Yes,No,Month-to-month,Yes,Electronic check,85.25,1734.5,Yes,1,1,0,0,0,0,1,0,3,Below 3 years,0.7943063,1377.7242395877838,High Risk - High Value,Priority retention offer
Male,No,No,No,Yes,No,No,No internet service,No internet service,No internet service,No internet service,No internet service,No internet service,Two year,Yes,Mailed check,20.8,1521.2,No,1,0,0,0,0,0,0,0,1,oldest Customers,0.04464305,67.9110049173236,Low Risk,Standard engagement
Female,No,Yes,Yes,Yes,Yes,Fiber optic,Yes,Yes,Yes,Yes,Yes,Yes,Two year,Yes,Bank transfer (automatic),117.6,8308.9,No,1,1,1,1,1,1,1,1,8,oldest Customers,0.08977677,745.9461982741951,Low Risk,Standard engagement
Female,No,No,Yes,Yes,Yes,Fiber optic,No,No,Yes,Yes,No,No,Month-to-month,Yes,Bank transfer (automatic),84.8,3958.85,No,1,1,0,0,1,1,0,0,4,Below 5 years,0.34763375,1376.2298682048915,Low Risk,Promote security service
Male,No,Yes,Yes,Yes,Yes,Fiber optic,No,Yes,No,No,No,No,Month-to-month,Yes,Electronic check,80.15,385.0,Yes,1,1,0,1,0,0,0,0,3,Below 1 year,0.84090966,323.75021904706955,High Risk - High Value,Priority retention offer
Male,No,No,No,Yes,Yes,Fiber optic,No,No,No,No,No,Yes,Month-to-month,Yes,Electronic check,85.65,338.9,Yes,1,1,0,0,0,0,0,1,3,Below 1 year,0.8855578,300.1155285000801,High Risk - High Value,Priority retention offer
Female,No,No,No,No,No phone service,DSL,No,No,No,No,No,No,Month-to-month,Yes,Credit card (automatic),25.1,712.85,Yes,0,0,0,0,0,0,0,0,0,Below 3 years,0.40940422,291.843796941638,Medium Risk,Promote security service
Female,No,No,No,Yes,Yes,Fiber optic,Yes,Yes,Yes,No,Yes,Yes,Two year,Yes,Credit card (automatic),106.75,7283.25,No,1,1,1,1,1,0,1,1,7,oldest Customers,0.11660043,849.2300927359611,Low Risk,Offer technical support
Male,No,Yes,No,Yes,No,Fiber optic,Yes,No,No,Yes,No,No,Month-to-month,No,Bank transfer (automatic),80.85,866.45,Yes,1,0,1,0,0,1,0,0,3,Below 3 years,0.56114143,486.2009931772948,Medium Risk,Promote long-term contract
Male,No,No,Yes,Yes,Yes,Fiber optic,Yes,Yes,No,No,Yes,Yes,One year,Yes,Electronic check,103.8,3470.8,No,1,1,1,1,0,0,1,1,6,Below 3 years,0.4869139,1689.980728185177,Medium Risk,Offer technical support
Female,No,No,No,Yes,No,No,No internet service,No internet service,No internet service,No internet service,No internet service,No internet service,Two year,No,Mailed check,19.4,554.25,No,1,0,0,0,0,0,0,0,1,Below 3 years,0.058153357,32.231498314999044,Low Risk,Standard engagement
Female,No,Yes,Yes,Yes,No,No,No internet service,No internet service,No internet service,No internet service,No internet service,No internet service,Two year,No,Credit card (automatic),19.7,1415.85,No,1,0,0,0,0,0,0,0,1,oldest Customers,0.042607658,60.32605202905833,Low Risk,Standard engagement
Female,No,No,No,No,No phone service,DSL,No,No,Yes,No,Yes,Yes,Month-to-month,Yes,Electronic check,50.75,2011.4,Yes,0,0,0,0,1,0,1,1,3,Below 5 years,0.6589165,1325.3445945739747,Medium Risk,Promote security service
Male,No,Yes,Yes,Yes,Yes,DSL,Yes,No,Yes,No,Yes,No,Two year,No,Credit card (automatic),68.95,4858.7,No,1,1,1,0,1,0,1,0,5,oldest Customers,0.08433629,409.76472383365035,Low Risk,Offer technical support
Female,No,No,Yes,Yes,No,Fiber optic,No,Yes,Yes,Yes,Yes,No,Two year,Yes,Mailed check,95.5,4627.85,Yes,1,0,0,1,1,1,1,0,5,Below 5 years,0.22240652,1029.2640202440323,Low Risk,Promote security service
Male,No,Yes,Yes,Yes,No,No,No internet service,No internet service,No internet service,No internet service,No internet service,No internet service,Month-to-month,No,Mailed check,19.2,19.2,No,1,0,0,0,0,0,0,0,1,Below 1 year,0.43228385,8.299849891662598,Medium Risk,Promote long-term contract
Male,No,No,No,Yes,Yes,Fiber optic,No,No,Yes,Yes,Yes,Yes,One year,Yes,Electronic check,104.65,6219.6,Yes,1,1,0,0,1,1,1,1,6,Below 5 years,0.5889148,3662.8145622968677,Medium Risk,Promote security service
Female,No,Yes,No,Yes,Yes,Fiber optic,No,Yes,Yes,No,Yes,Yes,Month-to-month,Yes,Credit card (automatic),104.5,5921.35,Yes,1,1,0,1,1,0,1,1,6,Below 5 years,0.63612944,3766.7450528949503,Medium Risk,Promote security service
Female,No,Yes,No,Yes,No,Fiber optic,No,No,No,No,No,No,Month-to-month,Yes,Electronic check,68.95,351.5,No,1,0,0,0,0,0,0,0,1,Below 1 year,0.8162609,286.9156973063946,High Risk - New Customer,Onboarding intervention
Female,No,No,No,Yes,Yes,DSL,No,No,No,Yes,No,No,Month-to-month,Yes,Mailed check,54.35,117.05,No,1,1,0,0,0,1,0,0,3,Below 1 year,0.6509317,76.19155735373496,Medium Risk,Promote security service
Male,No,Yes,Yes,Yes,No,Fiber optic,No,Yes,No,Yes,Yes,No,One year,Yes,Electronic check,89.7,3165.6,No,1,0,0,1,0,1,1,0,4,Below 3 years,0.3543837,1121.8370630264283,Low Risk,Promote security service
Female,No,Yes,Yes,Yes,Yes,DSL,No,No,Yes,Yes,No,No,One year,Yes,Mailed check,61.95,1070.7,No,1,1,0,0,1,1,0,0,4,Below 3 years,0.2201941,235.76182429790498,Low Risk,Promote security service
Female,No,Yes,Yes,Yes,No,Fiber optic,No,Yes,No,No,No,No,Month-to-month,Yes,Bank transfer (automatic),73.55,145.4,Yes,1,0,0,1,0,0,0,0,2,Below 1 year,0.829574,120.62005798816682,High Risk - New Customer,Onboarding intervention
Female,No,No,No,Yes,Yes,DSL,No,No,No,No,No,No,Month-to-month,Yes,Electronic check,49.1,679.55,Yes,1,1,0,0,0,0,0,0,2,Below 3 years,0.6692301,454.7753168284893,Medium Risk,Promote security service
Female,No,Yes,No,Yes,Yes,DSL,Yes,Yes,No,Yes,No,No,Month-to-month,No,Electronic check,62.65,2274.9,Yes,1,1,1,1,0,1,0,0,5,Below 3 years,0.3014537,685.7770439743996,Low Risk,Promote long-term contract
Female,No,Yes,Yes,Yes,No,No,No internet service,No internet service,No internet service,No internet service,No internet service,No internet service,Month-to-month,Yes,Bank transfer (automatic),19.55,543.8,No,1,0,0,0,0,0,0,0,1,Below 3 years,0.2006463,109.11145584285258,Low Risk,Promote long-term contract
Female,No,No,No,Yes,No,Fiber optic,Yes,No,Yes,Yes,Yes,Yes,Month-to-month,Yes,Electronic check,106.6,1934.45,Yes,1,0,1,0,1,1,1,1,6,Below 3 years,0.717867,1388.6778506338596,High Risk - High Value,Priority retention offer
Male,No,No,No,Yes,Yes,Fiber optic,No,No,No,No,No,No,Month-to-month,Yes,Electronic check,74.9,469.8,Yes,1,1,0,0,0,0,0,0,2,Below 1 year,0.8488143,398.77296220064164,High Risk - High Value,Priority retention offer
Female,No,No,No,Yes,No,Fiber optic,Yes,Yes,No,No,Yes,Yes,Month-to-month,Yes,Credit card (automatic),99.1,1426.4,Yes,1,0,1,1,0,0,1,1,5,Below 3 years,0.7689131,1096.7776319026948,High Risk - High Value,Priority retention offer
Female,Yes,No,No,Yes,No,Fiber optic,No,Yes,No,No,Yes,Yes,One year,No,Credit card (automatic),95.25,4424.2,Yes,1,0,0,1,0,0,1,1,4,Below 5 years,0.33288628,1472.7554739117622,Low Risk,Promote security service
Female,No,No,No,Yes,Yes,DSL,No,Yes,Yes,Yes,Yes,Yes,One year,No,Credit card (automatic),85.1,3662.25,No,1,1,0,1,1,1,1,1,7,Below 5 years,0.25092232,918.9402747452259,Low Risk,Promote security service
Female,Yes,No,No,Yes,No,Fiber optic,No,Yes,No,No,No,No,Month-to-month,Yes,Electronic check,73.0,73.0,Yes,1,0,0,1,0,0,0,0,2,Below 1 year,0.9018807,65.83728975057602,High Risk - New Customer,Onboarding intervention
Female,No,Yes,No,Yes,No,Fiber optic,No,No,Yes,No,No,Yes,Month-to-month,Yes,Electronic check,85.3,4045.65,Yes,1,0,0,0,1,0,0,1,3,Below 5 years,0.6375722,2579.3940878838303,Medium Risk,Promote security service
Male,No,Yes,Yes,Yes,Yes,Fiber optic,No,No,No,No,No,No,Month-to-month,Yes,Electronic check,74.35,834.2,Yes,1,1,0,0,0,0,0,0,2,Below 1 year,0.810681,676.2700780630112,High Risk - New Customer,Onboarding intervention
Female,No,Yes,No,Yes,Yes,DSL,Yes,No,Yes,Yes,No,No,Two year,No,Credit card (automatic),65.3,4759.75,Yes,1,1,1,0,1,1,0,0,5,oldest Customers,0.08116913,386.34475898742676,Low Risk,Standard engagement
Male,No,Yes,No,Yes,No,DSL,No,Yes,No,Yes,No,Yes,Month-to-month,Yes,Mailed check,64.2,143.65,No,1,0,0,1,0,1,0,1,4,Below 1 year,0.5922873,85.08207093477249,Medium Risk,Promote security service
Female,No,Yes,No,No,No phone service,DSL,No,Yes,Yes,Yes,Yes,Yes,Two year,No,Bank transfer (automatic),58.25,4145.9,No,0,0,0,1,1,1,1,1,5,oldest Customers,0.07674651,318.1833495035767,Low Risk,Promote security service
Female,No,Yes,Yes,Yes,Yes,No,No internet service,No internet service,No internet service,No internet service,No internet service,No internet service,One year,Yes,Bank transfer (automatic),24.45,993.15,No,1,1,0,0,0,0,0,0,2,Below 5 years,0.108298525,107.55668031647801,Low Risk,Standard engagement
Female,No,No,No,Yes,No,No,No internet service,No internet service,No internet service,No internet service,No internet service,No internet service,One year,No,Mailed check,19.15,501.35,No,1,0,0,0,0,0,0,0,1,Below 3 years,0.09603236,48.14582303725183,Low Risk,Standard engagement
Female,No,No,No,Yes,No,DSL,Yes,Yes,Yes,Yes,No,Yes,Two year,Yes,Credit card (automatic),73.0,5265.2,No,1,0,1,1,1,1,0,1,6,oldest Customers,0.055209674,290.68997523486615,Low Risk,Standard engagement
Female,No,Yes,No,Yes,Yes,Fiber optic,Yes,No,No,No,Yes,Yes,Month-to-month,Yes,Mailed check,100.85,4847.35,No,1,1,1,0,0,0,1,1,5,Below 5 years,0.5322252,2579.8817824691537,Medium Risk,Offer technical support
Male,No,No,No,Yes,No,No,No internet service,No internet service,No internet service,No internet service,No internet service,No internet service,Month-to-month,Yes,Credit card (automatic),20.45,237.3,No,1,0,0,0,0,0,0,0,1,Below 1 year,0.2934117,69.62659686505795,Low Risk,Promote long-term contract
Male,No,Yes,No,Yes,Yes,Fiber optic,No,Yes,No,Yes,No,Yes,One year,No,Bank transfer (automatic),97.75,5043.2,No,1,1,0,1,0,1,0,1,5,Below 5 years,0.3085669,1556.1645805358887,Low Risk,Promote security service
Female,No,No,No,Yes,No,Fiber optic,No,No,No,No,Yes,No,Month-to-month,Yes,Mailed check,79.65,152.7,Yes,1,0,0,0,0,0,1,0,2,Below 1 year,0.83909893,128.13040666580198,High Risk - High Value,Priority retention offer
Male,Yes,No,No,Yes,No,Fiber optic,No,Yes,No,No,No,No,Month-to-month,Yes,Electronic check,72.85,688.65,Yes,1,0,0,1,0,0,0,0,2,Below 1 year,0.80459565,554.0847938507795,High Risk - New Customer,Onboarding intervention
Female,No,No,No,No,No phone service,DSL,No,No,No,Yes,No,No,Month-to-month,Yes,Electronic check,30.9,59.05,Yes,0,0,0,0,0,1,0,0,1,Below 1 year,0.74619424,44.06277007460594,High Risk - New Customer,Onboarding intervention
Male,No,No,No,Yes,No,No,No internet service,No internet service,No internet service,No internet service,No internet service,No internet service,One year,No,Mailed check,19.9,791.15,No,1,0,0,0,0,0,0,0,1,Below 5 years,0.09300679,73.5823216587305,Low Risk,Standard engagement
Female,Yes,No,No,Yes,No,Fiber optic,No,No,No,No,Yes,No,Month-to-month,No,Mailed check,81.5,162.55,No,1,0,0,0,0,0,1,0,2,Below 1 year,0.8211923,133.48481229245664,High Risk - High Value,Priority retention offer
Male,No,No,No,Yes,Yes,Fiber optic,No,No,No,Yes,Yes,Yes,Month-to-month,No,Bank transfer (automatic),98.8,3475.55,Yes,1,1,0,0,0,1,1,1,5,Below 5 years,0.55709314,1936.2050747632982,Medium Risk,Promote security service
Male,Yes,Yes,Yes,Yes,Yes,DSL,Yes,Yes,Yes,Yes,Yes,No,Two year,No,Credit card (automatic),79.4,5154.6,Yes,1,1,1,1,1,1,1,0,7,oldest Customers,0.123184875,634.9687548905612,Low Risk,Standard engagement
Female,No,Yes,Yes,Yes,Yes,DSL,Yes,Yes,Yes,Yes,Yes,Yes,Two year,Yes,Bank transfer (automatic),93.25,6688.95,No,1,1,1,1,1,1,1,1,8,oldest Customers,0.08319558,556.4910884343087,Low Risk,Standard engagement
Female,No,No,No,Yes,Yes,Fiber optic,No,No,No,No,No,No,Month-to-month,Yes,Bank transfer (automatic),74.95,1834.95,Yes,1,1,0,0,0,0,0,0,2,Below 3 years,0.5418702,994.3046809047461,Medium Risk,Promote security service
Female,No,No,No,Yes,No,DSL,No,No,No,No,No,No,Month-to-month,Yes,Bank transfer (automatic),44.9,44.9,Yes,1,0,0,0,0,0,0,0,1,Below 1 year,0.81601244,36.638958650827405,High Risk - New Customer,Onboarding intervention
Male,No,Yes,No,Yes,No,Fiber optic,No,No,No,No,No,No,Month-to-month,Yes,Electronic check,70.3,208.85,Yes,1,0,0,0,0,0,0,0,1,Below 1 year,0.8538641,178.32951180338858,High Risk - New Customer,Onboarding intervention
Male,No,Yes,Yes,Yes,Yes,DSL,Yes,No,Yes,No,Yes,Yes,Two year,Yes,Electronic check,79.7,5293.4,Yes,1,1,1,0,1,0,1,1,6,oldest Customers,0.17777124,941.0142843186854,Low Risk,Offer technical support
Female,No,No,No,Yes,Yes,Fiber optic,Yes,No,No,No,Yes,Yes,Month-to-month,Yes,Electronic check,100.35,1358.85,Yes,1,1,1,0,0,0,1,1,5,Below 3 years,0.83280975,1131.663523712754,High Risk - High Value,Priority retention offer
Male,No,No,No,Yes,Yes,Fiber optic,No,Yes,Yes,No,Yes,Yes,Month-to-month,No,Mailed check,104.1,541.9,Yes,1,1,0,1,1,0,1,1,6,Below 1 year,0.74861336,405.67357845306395,High Risk - High Value,Priority retention offer
Male,No,Yes,Yes,Yes,No,No,No internet service,No internet service,No internet service,No internet service,No internet service,No internet service,Month-to-month,No,Credit card (automatic),19.85,138.85,No,1,0,0,0,0,0,0,0,1,Below 1 year,0.29266235,40.63616762012243,Low Risk,Promote long-term contract
Female,Yes,No,No,Yes,Yes,Fiber optic,No,No,No,No,Yes,No,Month-to-month,Yes,Electronic check,84.65,3541.35,Yes,1,1,0,0,0,0,1,0,3,Below 5 years,0.717412,2540.6069682598113,High Risk - High Value,Priority retention offer
Female,No,No,Yes,No,No phone service,DSL,Yes,No,No,Yes,No,No,One year,Yes,Mailed check,36.05,402.6,No,0,0,1,0,0,1,0,0,2,Below 1 year,0.13929927,56.081887507438665,Low Risk,Standard engagement
Male,No,Yes,No,Yes,Yes,DSL,Yes,No,Yes,Yes,Yes,Yes,One year,No,Electronic check,84.35,4059.35,Yes,1,1,1,0,1,1,1,1,7,Below 5 years,0.23309171,946.2008410990238,Low Risk,Standard engagement
Male,Yes,Yes,No,Yes,Yes,Fiber optic,No,No,No,No,Yes,Yes,Month-to-month,Yes,Electronic check,94.5,3105.55,Yes,1,1,0,0,0,0,1,1,4,Below 3 years,0.7937727,2465.100800561905,High Risk - High Value,Priority retention offer
Male,No,No,No,Yes,No,No,No internet service,No internet service,No internet service,No internet service,No internet service,No internet service,Month-to-month,No,Electronic check,19.2,19.2,No,1,0,0,0,0,0,0,0,1,Below 1 year,0.5135828,9.860790252685547,Medium Risk,Promote long-term contract
Female,No,No,No,Yes,No,DSL,Yes,No,No,No,No,No,Month-to-month,Yes,Electronic check,50.15,762.25,Yes,1,0,1,0,0,0,0,0,2,Below 3 years,0.531824,405.3828384578228,Medium Risk,Offer technical support
Female,Yes,Yes,Yes,No,No phone service,DSL,No,Yes,Yes,No,Yes,Yes,Two year,Yes,Electronic check,53.0,3656.25,No,0,0,0,1,1,0,1,1,4,oldest Customers,0.24289185,888.0733195692301,Low Risk,Promote security service
Female,No,Yes,No,No,No phone service,DSL,No,No,No,No,Yes,Yes,Month-to-month,No,Electronic check,44.6,97.1,Yes,0,0,0,0,0,0,1,1,2,Below 1 year,0.8326314,80.84850983023642,High Risk - New Customer,Onboarding intervention
Male,Yes,Yes,No,Yes,Yes,Fiber optic,No,No,No,No,Yes,Yes,Month-to-month,Yes,Electronic check,94.6,279.55,Yes,1,1,0,0,0,0,1,1,4,Below 1 year,0.9050348,253.0024728894234,High Risk - High Value,Priority retention offer
Female,No,Yes,Yes,Yes,Yes,Fiber optic,Yes,Yes,No,No,Yes,Yes,One year,Yes,Electronic check,104.15,7303.05,No,1,1,1,1,0,0,1,1,6,oldest Customers,0.30432573,2222.5060196176173,Low Risk,Offer technical support
Male,No,No,No,Yes,No,No,No internet service,No internet service,No internet service,No internet service,No internet service,No internet service,One year,No,Credit card (automatic),20.15,785.75,No,1,0,0,0,0,0,0,0,1,Below 5 years,0.10190521,80.0720201767981,Low Risk,Standard engagement
Male,No,Yes,Yes,Yes,Yes,Fiber optic,Yes,Yes,Yes,Yes,Yes,Yes,One year,Yes,Bank transfer (automatic),113.45,5317.8,No,1,1,1,1,1,1,1,1,8,Below 5 years,0.37151137,1975.623163086176,Low Risk,Standard engagement
Female,No,No,Yes,Yes,No,DSL,Yes,Yes,No,Yes,No,No,Month-to-month,Yes,Electronic check,60.0,60.0,Yes,1,0,1,1,0,1,0,0,4,Below 1 year,0.66298956,39.77937340736389,Medium Risk,Promote long-term contract
Male,No,Yes,Yes,Yes,No,No,No internet service,No internet service,No internet service,No internet service,No internet service,No internet service,Two year,No,Mailed check,19.7,1275.85,No,1,0,0,0,0,0,0,0,1,oldest Customers,0.04448863,56.760820102319116,Low Risk,Standard engagement
Female,No,No,No,Yes,No,Fiber optic,No,No,No,No,No,Yes,Month-to-month,Yes,Electronic check,79.3,523.15,Yes,1,0,0,0,0,0,0,1,2,Below 1 year,0.85225725,445.8583812475204,High Risk - High Value,Priority retention offer
Female,Yes,Yes,No,Yes,Yes,Fiber optic,No,Yes,Yes,No,No,No,Month-to-month,Yes,Electronic check,85.45,4874.7,Yes,1,1,0,1,1,0,0,0,4,Below 5 years,0.624931,3046.3510375857354,Medium Risk,Promote security service
Male,No,No,No,Yes,No,Fiber optic,Yes,No,No,No,No,No,Month-to-month,Yes,Electronic check,75.7,189.2,Yes,1,0,1,0,0,0,0,0,2,Below 1 year,0.7812334,147.80935366153716,High Risk - High Value,Priority retention offer
Female,No,No,Yes,Yes,No,DSL,No,No,Yes,Yes,No,No,Month-to-month,No,Mailed check,53.45,718.1,No,1,0,0,0,1,1,0,0,3,Below 3 years,0.33322912,239.29183433651926,Low Risk,Promote security service
Male,No,Yes,Yes,Yes,No,DSL,Yes,Yes,No,No,No,Yes,Two year,Yes,Bank transfer (automatic),61.4,815.55,No,1,0,1,1,0,0,0,1,4,Below 3 years,0.0864194,70.47934456765651,Low Risk,Offer technical support
Female,No,Yes,No,Yes,Yes,Fiber optic,No,Yes,No,Yes,Yes,No,Month-to-month,Yes,Credit card (automatic),94.1,2804.45,Yes,1,1,0,1,0,1,1,0,5,Below 3 years,0.50504196,1416.3649160325526,Medium Risk,Promote security service
Female,No,Yes,No,Yes,Yes,Fiber optic,No,No,Yes,Yes,Yes,Yes,Month-to-month,Yes,Credit card (automatic),102.1,5885.4,Yes,1,1,0,0,1,1,1,1,6,Below 5 years,0.52043253,3062.953622853756,Medium Risk,Promote security service
Female,No,No,No,Yes,Yes,Fiber optic,Yes,Yes,No,Yes,Yes,Yes,Two year,Yes,Electronic check,109.65,5551.15,Yes,1,1,1,1,0,1,1,1,7,Below 5 years,0.32858452,1824.0219693496822,Low Risk,Standard engagement
Male,No,No,No,Yes,No,No,No internet service,No internet service,No internet service,No internet service,No internet service,No internet service,Month-to-month,No,Mailed check,20.35,33.2,Yes,1,0,0,0,0,0,0,0,1,Below 1 year,0.41205528,13.680235421657564,Medium Risk,Promote long-term contract
Male,No,Yes,Yes,Yes,Yes,Fiber optic,No,Yes,Yes,No,No,No,Month-to-month,Yes,Bank transfer (automatic),84.8,371.9,Yes,1,1,0,1,1,0,0,0,4,Below 1 year,0.8251217,306.8627605140209,High Risk - High Value,Priority retention offer
Male,No,Yes,Yes,Yes,No,Fiber optic,No,No,No,No,No,No,Month-to-month,Yes,Electronic check,68.5,68.5,Yes,1,0,0,0,0,0,0,0,1,Below 1 year,0.89960194,61.622732639312744,High Risk - New Customer,Onboarding intervention
Female,No,Yes,Yes,Yes,No,No,No internet service,No internet service,No internet service,No internet service,No internet service,No internet service,One year,Yes,Bank transfer (automatic),19.85,1039.45,No,1,0,0,0,0,0,0,0,1,Below 5 years,0.09516764,98.92200014591218,Low Risk,Standard engagement
Female,No,Yes,Yes,Yes,Yes,DSL,No,Yes,No,No,No,No,One year,Yes,Bank transfer (automatic),53.85,3399.85,No,1,1,0,1,0,0,0,0,3,oldest Customers,0.19988823,679.5899966239929,Low Risk,Promote security service
Male,No,No,Yes,Yes,No,DSL,No,Yes,Yes,No,Yes,No,One year,No,Credit card (automatic),64.5,1929.95,No,1,0,0,1,1,0,1,0,4,Below 3 years,0.19501688,376.3728195719421,Low Risk,Promote security service
Male,Yes,No,No,Yes,Yes,Fiber optic,No,No,No,No,Yes,Yes,Month-to-month,Yes,Electronic check,96.2,4718.25,Yes,1,1,0,0,0,0,1,1,4,Below 5 years,0.7915716,3734.8327825069427,High Risk - High Value,Priority retention offer
Male,Yes,Yes,No,Yes,Yes,Fiber optic,No,Yes,Yes,No,Yes,Yes,Month-to-month,Yes,Electronic check,104.25,2433.9,Yes,1,1,0,1,1,0,1,1,6,Below 3 years,0.8408403,2046.521157628298,High Risk - High Value,Priority retention offer
Female,No,Yes,Yes,Yes,Yes,Fiber optic,Yes,Yes,Yes,Yes,Yes,Yes,Two year,No,Bank transfer (automatic),114.6,8100.25,No,1,1,1,1,1,1,1,1,8,oldest Customers,0.09803526,794.1101231984794,Low Risk,Standard engagement
Male,No,No,No,Yes,No,No,No internet service,No internet service,No internet service,No internet service,No internet service,No internet service,Month-to-month,No,Mailed check,19.7,675.6,No,1,0,0,0,0,0,0,0,1,Below 3 years,0.18152753,122.63999601602555,Low Risk,Promote long-term contract
Female,No,Yes,Yes,Yes,No,Fiber optic,No,Yes,No,No,No,No,Month-to-month,Yes,Electronic check,74.7,74.7,Yes,1,0,0,1,0,0,0,0,2,Below 1 year,0.90362614,67.50087295174599,High Risk - New Customer,Onboarding intervention
Female,No,Yes,No,Yes,Yes,Fiber optic,Yes,Yes,Yes,Yes,Yes,Yes,One year,Yes,Mailed check,114.65,6049.5,No,1,1,1,1,1,1,1,1,8,Below 5 years,0.40033856,2421.8481207937,Medium Risk,Standard engagement
Male,No,Yes,Yes,Yes,Yes,Fiber optic,Yes,Yes,Yes,No,Yes,Yes,One year,Yes,Electronic check,111.3,7482.1,Yes,1,1,1,1,1,0,1,1,7,oldest Customers,0.5013279,3750.9852731585506,Medium Risk,Offer technical support
Male,No,No,No,Yes,No,DSL,No,No,No,No,Yes,No,Month-to-month,No,Mailed check,55.0,2010.55,Yes,1,0,0,0,0,0,1,0,2,Below 3 years,0.3668584,737.5871419534087,Low Risk,Promote security service
Female,No,No,No,Yes,No,Fiber optic,No,No,No,No,Yes,No,Month-to-month,No,Electronic check,79.55,79.55,Yes,1,0,0,0,0,0,1,0,2,Below 1 year,0.904158,71.92576859593392,High Risk - High Value,Priority retention offer
Male,Yes,Yes,Yes,Yes,Yes,Fiber optic,No,Yes,Yes,No,No,No,Month-to-month,Yes,Electronic check,84.2,4146.05,Yes,1,1,0,1,1,0,0,0,4,Below 5 years,0.6666252,2763.861417517066,Medium Risk,Promote security service
Male,No,No,No,Yes,Yes,DSL,Yes,Yes,Yes,Yes,Yes,Yes,One year,Yes,Bank transfer (automatic),88.8,5903.15,No,1,1,1,1,1,1,1,1,8,oldest Customers,0.24512517,1447.0106739819048,Low Risk,Standard engagement
Female,No,Yes,Yes,Yes,Yes,DSL,No,Yes,No,Yes,Yes,Yes,Two year,No,Bank transfer (automatic),79.3,3902.45,No,1,1,0,1,0,1,1,1,6,Below 5 years,0.08903552,347.45665904320776,Low Risk,Promote security service
Female,No,No,No,Yes,Yes,Fiber optic,No,No,Yes,No,Yes,Yes,Month-to-month,Yes,Electronic check,100.6,1060.2,Yes,1,1,0,0,1,0,1,1,5,Below 1 year,0.8823235,935.4393784046174,High Risk - High Value,Priority retention offer
Male,No,No,No,No,No phone service,DSL,No,No,No,No,No,Yes,Month-to-month,Yes,Bank transfer (automatic),35.25,35.25,Yes,0,0,0,0,0,0,0,1,1,Below 1 year,0.82569426,29.10572277009487,High Risk - New Customer,Onboarding intervention
Female,Yes,No,No,Yes,No,Fiber optic,Yes,No,Yes,Yes,No,Yes,Month-to-month,Yes,Mailed check,96.3,1426.75,Yes,1,0,1,0,1,1,0,1,5,Below 3 years,0.72688854,1037.088220745325,High Risk - High Value,Priority retention offer
Female,No,No,No,Yes,No,No,No internet service,No internet service,No internet service,No internet service,No internet service,No internet service,Month-to-month,No,Mailed check,20.9,20.9,No,1,0,0,0,0,0,0,0,1,Below 1 year,0.5756212,12.03048282265663,Medium Risk,Promote long-term contract
Male,Yes,No,No,Yes,No,Fiber optic,No,No,No,No,No,No,Month-to-month,Yes,Mailed check,71.45,371.6,No,1,0,0,0,0,0,0,0,1,Below 1 year,0.7329798,272.3752841949463,High Risk - New Customer,Onboarding intervention
Female,Yes,No,No,No,No phone service,DSL,No,No,No,Yes,No,No,Month-to-month,Yes,Electronic check,29.65,291.4,Yes,0,0,0,0,0,1,0,0,1,Below 1 year,0.6059001,176.55929170846937,Medium Risk,Promote security service
Male,No,No,No,Yes,No,Fiber optic,No,No,No,No,No,No,Month-to-month,No,Mailed check,70.15,735.5,No,1,0,0,0,0,0,0,0,1,Below 1 year,0.5940724,436.9402513206005,Medium Risk,Promote security service
Male,No,No,No,Yes,Yes,Fiber optic,No,No,No,No,No,No,Month-to-month,Yes,Electronic check,76.95,228.4,Yes,1,1,0,0,0,0,0,0,2,Below 1 year,0.8848412,202.097730922699,High Risk - High Value,Priority retention offer
Male,Yes,No,No,Yes,Yes,Fiber optic,No,Yes,No,No,No,Yes,Month-to-month,Yes,Electronic check,89.8,502.6,Yes,1,1,0,1,0,0,0,1,4,Below 1 year,0.87427723,439.4117378473282,High Risk - High Value,Priority retention offer
Male,Yes,Yes,No,No,No phone service,DSL,No,Yes,No,No,Yes,No,Month-to-month,No,Electronic check,40.2,40.2,Yes,0,0,0,1,0,0,1,0,2,Below 1 year,0.7954859,31.978533732891083,High Risk - New Customer,Onboarding intervention
Male,Yes,No,No,Yes,No,Fiber optic,No,No,No,No,Yes,No,Month-to-month,Yes,Electronic check,79.9,260.9,Yes,1,0,0,0,0,0,1,0,2,Below 1 year,0.88082033,229.80602512955664,High Risk - High Value,Priority retention offer
Male,No,Yes,Yes,Yes,No,No,No internet service,No internet service,No internet service,No internet service,No internet service,No internet service,Month-to-month,Yes,Bank transfer (automatic),20.25,174.7,No,1,0,0,0,0,0,0,0,1,Below 1 year,0.30157286,52.68477851748466,Low Risk,Promote long-term contract
Female,No,Yes,No,No,No phone service,DSL,No,No,No,No,No,No,Month-to-month,Yes,Electronic check,24.45,482.8,Yes,0,0,0,0,0,0,0,0,0,Below 3 years,0.6130022,295.95745301246643,Medium Risk,Promote security service
Female,No,Yes,Yes,Yes,Yes,Fiber optic,No,No,No,No,No,Yes,Month-to-month,Yes,Bank transfer (automatic),84.75,264.85,Yes,1,1,0,0,0,0,0,1,3,Below 1 year,0.8697475,230.35263053774835,High Risk - High Value,Priority retention offer
Female,No,Yes,Yes,Yes,Yes,No,No internet service,No internet service,No internet service,No internet service,No internet service,No internet service,Two year,No,Mailed check,25.1,428.45,No,1,1,0,0,0,0,0,0,2,Below 3 years,0.06460316,27.679222762957213,Low Risk,Standard engagement
Female,Yes,Yes,No,Yes,Yes,Fiber optic,No,Yes,No,No,Yes,No,Month-to-month,Yes,Electronic check,90.05,2627.2,No,1,1,0,1,0,0,1,0,4,Below 3 years,0.7715481,2027.0111482620239,High Risk - High Value,Priority retention offer
Male,No,No,No,Yes,No,DSL,No,Yes,No,No,No,No,Month-to-month,Yes,Bank transfer (automatic),49.05,593.05,No,1,0,0,1,0,0,0,0,2,Below 3 years,0.452993,268.6475019201636,Medium Risk,Promote security service
Male,No,No,Yes,No,No phone service,DSL,Yes,Yes,No,Yes,No,No,One year,Yes,Bank transfer (automatic),40.6,2588.95,No,0,0,1,1,0,1,0,0,3,oldest Customers,0.11980029,310.15696585811673,Low Risk,Standard engagement
Female,Yes,Yes,No,Yes,Yes,Fiber optic,No,No,No,Yes,Yes,Yes,Month-to-month,Yes,Credit card (automatic),101.3,2812.2,Yes,1,1,0,0,0,1,1,1,5,Below 3 years,0.662191,1862.213456404209,Medium Risk,Promote security service
Male,No,Yes,No,Yes,Yes,DSL,Yes,Yes,No,Yes,Yes,No,Two year,No,Credit card (automatic),73.5,5357.75,No,1,1,1,1,0,1,1,0,6,oldest Customers,0.0644968,345.55773182585835,Low Risk,Standard engagement
Male,Yes,Yes,No,Yes,No,No,No internet service,No internet service,No internet service,No internet service,No internet service,No internet service,One year,Yes,Electronic check,20.75,485.2,No,1,0,0,0,0,0,0,0,1,Below 3 years,0.12384266,60.088456988334656,Low Risk,Standard engagement
Female,No,No,No,Yes,Yes,Fiber optic,No,No,No,No,Yes,No,Month-to-month,Yes,Electronic check,86.45,3029.1,Yes,1,1,0,0,0,0,1,0,3,Below 3 years,0.76889527,2329.0606576323507,High Risk - High Value,Priority retention offer
Female,No,Yes,Yes,Yes,No,Fiber optic,Yes,Yes,No,No,No,No,Month-to-month,Yes,Bank transfer (automatic),79.15,4018.55,No,1,0,1,1,0,0,0,0,3,Below 5 years,0.3424201,1376.032297539711,Low Risk,Offer technical support
Female,No,Yes,Yes,Yes,No,Fiber optic,Yes,No,Yes,Yes,Yes,Yes,Month-to-month,Yes,Electronic check,106.9,3756.45,No,1,0,1,0,1,1,1,1,6,Below 3 years,0.573917,2155.8904082804916,Medium Risk,Promote long-term contract
Male,No,Yes,No,No,No phone service,DSL,Yes,Yes,Yes,No,No,No,Two year,No,Bank transfer (automatic),42.1,2962.0,No,0,0,1,1,1,0,0,0,3,oldest Customers,0.071725346,212.45047529041767,Low Risk,Offer technical support
Male,No,No,No,Yes,Yes,Fiber optic,No,No,No,No,No,No,Month-to-month,No,Mailed check,75.0,209.1,Yes,1,1,0,0,0,0,0,0,2,Below 1 year,0.7525027,157.34831035137177,High Risk - High Value,Priority retention offer
Female,No,No,No,Yes,Yes,Fiber optic,No,No,No,No,No,No,Month-to-month,Yes,Credit card (automatic),74.75,1129.35,No,1,1,0,0,0,0,0,0,2,Below 3 years,0.5983142,675.7061707645654,Medium Risk,Promote security service
Female,Yes,No,No,Yes,Yes,Fiber optic,No,Yes,No,No,Yes,No,Month-to-month,Yes,Electronic check,91.3,1094.5,Yes,1,1,0,1,0,0,1,0,4,Below 3 years,0.85948324,940.7044084072113,High Risk - High Value,Priority retention offer
Male,No,Yes,Yes,No,No phone service,DSL,No,Yes,Yes,Yes,Yes,Yes,One year,No,Mailed check,60.3,2448.5,No,0,0,0,1,1,1,1,1,5,Below 5 years,0.28352794,694.218162342906,Low Risk,Promote security service
Female,No,No,No,Yes,Yes,No,No internet service,No internet service,No internet service,No internet service,No internet service,No internet service,Two year,No,Bank transfer (automatic),25.05,369.1,No,1,1,0,0,0,0,0,0,2,Below 3 years,0.07100306,26.207228361815215,Low Risk,Standard engagement
Male,No,Yes,No,No,No phone service,DSL,No,No,No,No,No,No,Month-to-month,Yes,Electronic check,23.45,23.45,Yes,0,0,0,0,0,0,0,0,0,Below 1 year,0.80416125,18.85758132636547,High Risk - New Customer,Onboarding intervention
Male,No,Yes,No,No,No phone service,DSL,No,No,No,No,No,No,Month-to-month,Yes,Electronic check,24.95,100.4,Yes,0,0,0,0,0,0,0,0,0,Below 1 year,0.77548116,77.85830891132355,High Risk - New Customer,Onboarding intervention
Male,No,No,No,Yes,Yes,Fiber optic,No,No,No,No,No,No,Month-to-month,Yes,Bank transfer (automatic),72.2,305.55,Yes,1,1,0,0,0,0,0,0,2,Below 1 year,0.77500856,236.80386527180673,High Risk - New Customer,Onboarding intervention
Female,No,Yes,Yes,Yes,Yes,Fiber optic,Yes,Yes,Yes,Yes,Yes,Yes,Two year,No,Credit card (automatic),113.65,8166.8,No,1,1,1,1,1,1,1,1,8,oldest Customers,0.08346081,681.6077251434326,Low Risk,Standard engagement
Male,No,Yes,Yes,Yes,No,No,No internet service,No internet service,No internet service,No internet service,No internet service,No internet service,Two year,Yes,Bank transfer (automatic),19.6,1387.45,No,1,0,0,0,0,0,0,0,1,oldest Customers,0.043039188,59.71472109779716,Low Risk,Standard engagement
Female,No,Yes,Yes,No,No phone service,DSL,Yes,No,Yes,No,No,Yes,One year,No,Credit card (automatic),45.0,2196.3,No,0,0,1,0,1,0,0,1,3,Below 5 years,0.17785206,390.6164889782668,Low Risk,Offer technical support
Female,Yes,No,No,No,No phone service,DSL,No,No,No,No,No,No,Month-to-month,Yes,Mailed check,25.8,25.8,Yes,0,0,0,0,0,0,0,0,0,Below 1 year,0.8299248,21.412060403823855,High Risk - New Customer,Onboarding intervention
Female,No,Yes,No,Yes,Yes,No,No internet service,No internet service,No internet service,No internet service,No internet service,No internet service,One year,Yes,Mailed check,26.8,733.55,No,1,1,0,0,0,0,0,0,2,Below 3 years,0.121114425,88.84348672367632,Low Risk,Standard engagement
Male,No,No,No,Yes,No,No,No internet service,No internet service,No internet service,No internet service,No internet service,No internet service,Two year,No,Bank transfer (automatic),19.3,1414.8,No,1,0,0,0,0,0,0,0,1,oldest Customers,0.053818457,76.14235272109508,Low Risk,Standard engagement
Female,No,Yes,No,Yes,Yes,Fiber optic,No,No,Yes,No,No,No,Month-to-month,Yes,Credit card (automatic),78.95,2839.65,Yes,1,1,0,0,1,0,0,0,3,Below 5 years,0.53740156,1526.0323312461376,Medium Risk,Promote security service
Male,No,Yes,No,Yes,Yes,No,No internet service,No internet service,No internet service,No internet service,No internet service,No internet service,Two year,No,Bank transfer (automatic),25.7,1443.65,No,1,1,0,0,0,0,0,0,2,Below 5 years,0.054057807,78.04055268615485,Low Risk,Standard engagement
Female,No,No,No,Yes,No,Fiber optic,No,No,No,No,No,No,Month-to-month,Yes,Electronic check,69.2,69.2,Yes,1,0,0,0,0,0,0,0,1,Below 1 year,0.90427995,62.57617235183716,High Risk - New Customer,Onboarding intervention
Female,Yes,No,No,Yes,Yes,Fiber optic,No,No,No,No,Yes,Yes,Month-to-month,Yes,Electronic check,96.55,3580.3,Yes,1,1,0,0,0,0,1,1,4,Below 5 years,0.7921626,2836.179746681452,High Risk - High Value,Priority retention offer
Female,No,No,No,Yes,Yes,No,No internet service,No internet service,No internet service,No internet service,No internet service,No internet service,Two year,Yes,Mailed check,26.1,1759.55,No,1,1,0,0,0,0,0,0,2,oldest Customers,0.052425418,92.24514432828873,Low Risk,Standard engagement
Female,No,Yes,No,Yes,No,Fiber optic,Yes,No,Yes,Yes,Yes,Yes,One year,Yes,Credit card (automatic),104.7,4134.85,Yes,1,0,1,0,1,1,1,1,6,Below 5 years,0.43719897,1807.7521476313473,Medium Risk,Standard engagement
Male,No,No,No,Yes,Yes,Fiber optic,No,Yes,Yes,Yes,Yes,Yes,One year,No,Electronic check,108.45,7176.55,Yes,1,1,0,1,1,1,1,1,7,oldest Customers,0.5374638,3857.1357206285,Medium Risk,Promote security service
Female,No,Yes,Yes,Yes,No,Fiber optic,No,Yes,No,No,No,Yes,Month-to-month,Yes,Electronic check,83.6,404.2,Yes,1,0,0,1,0,0,0,1,3,Below 1 year,0.86142045,348.1861469388008,High Risk - High Value,Priority retention offer
Male,Yes,No,No,Yes,No,DSL,No,No,No,No,No,No,Month-to-month,No,Credit card (automatic),44.7,276.5,No,1,0,0,0,0,0,0,0,1,Below 1 year,0.63537216,175.6804027557373,Medium Risk,Promote security service
Female,No,No,No,Yes,No,No,No internet service,No internet service,No internet service,No internet service,No internet service,No internet service,Month-to-month,No,Mailed check,20.4,20.4,Yes,1,0,0,0,0,0,0,0,1,Below 1 year,0.5870793,11.976417446136473,Medium Risk,Promote long-term contract
Female,No,Yes,No,Yes,No,Fiber optic,No,No,No,No,No,No,Month-to-month,Yes,Electronic check,70.3,2416.55,Yes,1,0,0,0,0,0,0,0,1,Below 3 years,0.7056601,1705.2629261374475,High Risk - General,Promote security service
Female,Yes,No,No,Yes,No,DSL,No,Yes,Yes,No,Yes,No,Month-to-month,Yes,Electronic check,64.95,493.65,No,1,0,0,1,1,0,1,0,4,Below 1 year,0.69185305,341.5332563638687,Medium Risk,Promote security service
Male,No,Yes,Yes,Yes,Yes,DSL,Yes,Yes,Yes,Yes,Yes,Yes,Two year,No,Credit card (automatic),89.7,6339.3,No,1,1,1,1,1,1,1,1,8,oldest Customers,0.060488947,383.45758004263047,Low Risk,Standard engagement
Male,No,Yes,Yes,Yes,No,DSL,No,No,No,No,No,No,One year,Yes,Mailed check,43.45,345.5,No,1,0,0,0,0,0,0,0,1,Below 1 year,0.2922011,100.95548066496849,Low Risk,Promote security service
Female,No,Yes,Yes,Yes,No,DSL,No,No,No,No,No,No,Month-to-month,Yes,Bank transfer (automatic),44.35,44.35,Yes,1,0,0,0,0,0,0,0,1,Below 1 year,0.81678456,36.22439526617527,High Risk - New Customer,Onboarding intervention
Female,No,No,No,Yes,No,Fiber optic,No,No,No,No,No,No,Month-to-month,Yes,Electronic check,70.85,70.85,Yes,1,0,0,0,0,0,0,0,1,Below 1 year,0.9066174,64.23384300470352,High Risk - New Customer,Onboarding intervention
Female,No,Yes,Yes,Yes,No,No,No internet service,No internet service,No internet service,No internet service,No internet service,No internet service,One year,Yes,Electronic check,20.4,1090.65,No,1,0,0,0,0,0,0,0,1,Below 5 years,0.11105494,121.12207250520588,Low Risk,Standard engagement
Male,No,Yes,No,Yes,Yes,Fiber optic,No,Yes,Yes,Yes,No,Yes,Month-to-month,Yes,Electronic check,99.45,4138.05,Yes,1,1,0,1,1,1,0,1,6,Below 5 years,0.6914939,2861.43645054996,Medium Risk,Promote security service
Male,No,Yes,No,Yes,No,Fiber optic,No,No,No,Yes,Yes,Yes,Month-to-month,Yes,Electronic check,94.2,167.5,Yes,1,0,0,0,0,1,1,1,4,Below 1 year,0.8676371,145.32921388745308,High Risk - High Value,Priority retention offer
Female,No,No,No,Yes,No,No,No internet service,No internet service,No internet service,No internet service,No internet service,No internet service,Month-to-month,No,Bank transfer (automatic),19.25,617.65,No,1,0,0,0,0,0,0,0,1,Below 3 years,0.21321374,131.69146761000155,Low Risk,Promote long-term contract
Female,No,No,No,Yes,No,No,No internet service,No internet service,No internet service,No internet service,No internet service,No internet service,One year,No,Credit card (automatic),20.45,527.35,No,1,0,0,0,0,0,0,0,1,Below 3 years,0.1004642,52.97979716919363,Low Risk,Standard engagement
Male,No,No,No,Yes,Yes,Fiber optic,Yes,Yes,Yes,No,Yes,Yes,Two year,Yes,Credit card (automatic),110.05,7430.75,No,1,1,1,1,1,0,1,1,7,oldest Customers,0.23625752,1755.5705912485719,Low Risk,Offer technical support
Male,No,No,Yes,Yes,Yes,Fiber optic,No,No,No,No,Yes,Yes,Month-to-month,Yes,Electronic check,93.3,93.3,Yes,1,1,0,0,0,0,1,1,4,Below 1 year,0.92326516,86.140639346838,High Risk - High Value,Priority retention offer
Female,Yes,No,No,Yes,Yes,DSL,No,Yes,Yes,Yes,No,No,Month-to-month,No,Bank transfer (automatic),64.45,1867.6,No,1,1,0,1,1,1,0,0,5,Below 3 years,0.27361512,511.0036015510559,Low Risk,Promote security service
Male,No,Yes,No,Yes,No,No,No internet service,No internet service,No internet service,No internet service,No internet service,No internet service,Month-to-month,No,Mailed check,20.25,158.35,No,1,0,0,0,0,0,0,0,1,Below 1 year,0.3049475,48.2884359061718,Low Risk,Promote long-term contract
Female,No,No,No,No,No phone service,DSL,Yes,No,No,No,Yes,No,Month-to-month,Yes,Electronic check,38.9,664.4,No,0,0,1,0,0,0,1,0,2,Below 3 years,0.56360716,374.46059463024136,Medium Risk,Offer technical support
Male,Yes,No,No,Yes,No,DSL,No,No,Yes,Yes,No,No,One year,Yes,Electronic check,53.5,3035.8,No,1,0,0,0,1,1,0,0,3,Below 5 years,0.25075948,761.2556366205216,Low Risk,Promote security service
Male,No,No,No,No,No phone service,DSL,Yes,No,Yes,Yes,No,Yes,Two year,No,Bank transfer (automatic),48.4,3442.8,No,0,0,1,0,1,1,0,1,4,oldest Customers,0.058906525,202.80338555574417,Low Risk,Standard engagement
Female,Yes,No,No,Yes,Yes,Fiber optic,No,Yes,No,No,No,No,Month-to-month,Yes,Electronic check,78.95,1101.85,Yes,1,1,0,1,0,0,0,0,3,Below 3 years,0.82755923,911.8461405634879,High Risk - High Value,Priority retention offer
Male,No,Yes,Yes,Yes,No,DSL,No,Yes,Yes,Yes,No,Yes,Month-to-month,Yes,Mailed check,69.5,1071.4,No,1,0,0,1,1,1,0,1,5,Below 3 years,0.3397494,364.00750271081927,Low Risk,Promote security service
Male,Yes,Yes,No,No,No phone service,DSL,No,Yes,No,No,Yes,Yes,Month-to-month,Yes,Electronic check,50.25,2997.45,No,0,0,0,1,0,0,1,1,3,Below 5 years,0.60042435,1799.7419658333063,Medium Risk,Promote security service
Male,Yes,Yes,No,Yes,Yes,DSL,Yes,Yes,Yes,Yes,Yes,Yes,Two year,Yes,Credit card (automatic),88.55,6306.5,No,1,1,1,1,1,1,1,1,8,oldest Customers,0.10672161,673.0398323982954,Low Risk,Standard engagement
Female,No,No,No,Yes,No,DSL,No,Yes,No,No,Yes,Yes,Month-to-month,Yes,Bank transfer (automatic),68.65,261.25,Yes,1,0,0,1,0,0,1,1,4,Below 1 year,0.6862128,179.27308827638626,Medium Risk,Promote security service
Female,No,No,No,No,No phone service,DSL,No,No,No,No,No,No,Month-to-month,Yes,Mailed check,25.1,25.1,Yes,0,0,0,0,0,0,0,0,0,Below 1 year,0.7864021,19.73869286775589,High Risk - New Customer,Onboarding intervention
Female,No,Yes,No,Yes,Yes,Fiber optic,No,No,No,No,Yes,No,Month-to-month,Yes,Bank transfer (automatic),85.6,4902.8,No,1,1,0,0,0,0,1,0,3,Below 5 years,0.46425456,2276.147247385979,Medium Risk,Promote security service
Female,No,Yes,Yes,Yes,Yes,Fiber optic,No,Yes,No,No,Yes,Yes,Month-to-month,Yes,Electronic check,98.35,4889.2,No,1,1,0,1,0,0,1,1,5,Below 5 years,0.70498604,3446.8177263498305,High Risk - High Value,Priority retention offer
Male,No,No,No,Yes,No,No,No internet service,No internet service,No internet service,No internet service,No internet service,No internet service,One year,No,Credit card (automatic),19.9,510.8,No,1,0,0,0,0,0,0,0,1,Below 3 years,0.09726897,49.684989273548126,Low Risk,Standard engagement
Male,No,Yes,No,Yes,No,Fiber optic,No,Yes,Yes,No,No,No,Month-to-month,Yes,Electronic check,79.9,741.7,Yes,1,0,0,1,1,0,0,0,3,Below 1 year,0.8053543,597.3312822043896,High Risk - High Value,Priority retention offer
Male,No,Yes,No,Yes,Yes,DSL,No,No,Yes,No,Yes,Yes,One year,Yes,Electronic check,73.0,3001.2,Yes,1,1,0,0,1,0,1,1,5,Below 5 years,0.4083676,1225.5928531765937,Medium Risk,Promote security service
Female,No,No,No,No,No phone service,DSL,No,Yes,No,No,No,No,Month-to-month,Yes,Electronic check,31.05,347.25,Yes,0,0,0,1,0,0,0,0,1,Below 3 years,0.6212313,215.72257500886917,Medium Risk,Promote security service
Male,No,No,Yes,Yes,No,DSL,No,No,Yes,No,No,No,Month-to-month,Yes,Electronic check,49.85,49.85,No,1,0,0,0,1,0,0,0,2,Below 1 year,0.8507674,42.410753595829014,High Risk - New Customer,Onboarding intervention
Female,No,No,Yes,Yes,No,Fiber optic,No,No,No,No,No,No,Month-to-month,Yes,Electronic check,69.65,69.65,Yes,1,0,0,0,0,0,0,0,1,Below 1 year,0.90524966,63.050638487935075,High Risk - New Customer,Onboarding intervention
Female,No,No,No,Yes,Yes,Fiber optic,No,No,No,No,No,No,Month-to-month,Yes,Mailed check,75.05,75.05,Yes,1,1,0,0,0,0,0,0,2,Below 1 year,0.8642577,64.86253988146781,High Risk - High Value,Priority retention offer
Female,No,Yes,No,Yes,No,DSL,Yes,Yes,No,Yes,No,Yes,One year,No,Mailed check,70.6,3231.05,No,1,0,1,1,0,1,0,1,5,Below 5 years,0.18651003,602.6232209771872,Low Risk,Standard engagement
Male,No,No,Yes,Yes,No,No,No internet service,No internet service,No internet service,No internet service,No internet service,No internet service,Month-to-month,Yes,Mailed check,20.05,75.45,No,1,0,0,0,0,0,0,0,1,Below 1 year,0.34369794,25.93200922161341,Low Risk,Promote long-term contract
Female,Yes,No,No,Yes,No,DSL,No,Yes,No,No,No,No,Month-to-month,Yes,Credit card (automatic),49.85,865.75,No,1,0,0,1,0,0,0,0,2,Below 3 years,0.46720564,404.48328599333763,Medium Risk,Promote security service
Female,No,No,No,No,No phone service,DSL,No,No,No,No,Yes,Yes,Month-to-month,Yes,Electronic check,45.25,85.5,Yes,0,0,0,0,0,0,1,1,2,Below 1 year,0.8635,73.82924991846085,High Risk - New Customer,Onboarding intervention
Female,No,Yes,No,Yes,No,Fiber optic,Yes,Yes,No,Yes,Yes,Yes,One year,No,Mailed check,105.95,1348.9,Yes,1,0,1,1,0,1,1,1,6,Below 3 years,0.5118215,690.3960326910019,Medium Risk,Standard engagement
Female,Yes,Yes,No,Yes,Yes,DSL,No,Yes,Yes,No,Yes,No,One year,Yes,Bank transfer (automatic),70.85,4738.85,No,1,1,0,1,1,0,1,0,5,oldest Customers,0.24919377,1180.891909634322,Low Risk,Promote security service
Female,No,Yes,No,Yes,Yes,Fiber optic,Yes,No,Yes,No,Yes,Yes,Two year,Yes,Electronic check,105.5,7544.0,No,1,1,1,0,1,0,1,1,6,oldest Customers,0.16401987,1237.3658825159073,Low Risk,Offer technical support
Female,No,No,No,Yes,Yes,DSL,No,No,No,No,No,No,Month-to-month,Yes,Electronic check,50.1,50.1,No,1,1,0,0,0,0,0,0,2,Below 1 year,0.8577351,42.972528380155566,High Risk - New Customer,Onboarding intervention
Male,Yes,No,No,Yes,No,Fiber optic,No,Yes,Yes,Yes,No,Yes,Month-to-month,Yes,Credit card (automatic),95.1,180.25,Yes,1,0,0,1,1,1,0,1,5,Below 1 year,0.7941987,143.15431420505047,High Risk - High Value,Priority retention offer
Male,No,No,No,Yes,No,Fiber optic,No,No,No,No,No,No,Month-to-month,Yes,Electronic check,69.35,69.35,Yes,1,0,0,0,0,0,0,0,1,Below 1 year,0.90269613,62.6019767999649,High Risk - New Customer,Onboarding intervention
Female,No,Yes,Yes,Yes,No,DSL,No,Yes,Yes,Yes,Yes,Yes,Two year,Yes,Bank transfer (automatic),80.4,5717.85,No,1,0,0,1,1,1,1,1,6,oldest Customers,0.11553602,660.6176274172963,Low Risk,Promote security service
Male,No,Yes,No,Yes,Yes,Fiber optic,No,Yes,No,Yes,Yes,Yes,One year,Yes,Electronic check,104.05,6890.0,Yes,1,1,0,1,0,1,1,1,6,oldest Customers,0.60039735,4136.737730503082,Medium Risk,Promote security service
Male,No,No,No,Yes,Yes,Fiber optic,No,Yes,Yes,No,Yes,Yes,One year,Yes,Electronic check,103.45,3066.45,Yes,1,1,0,1,1,0,1,1,6,Below 3 years,0.59420025,1822.0853673040865,Medium Risk,Promote security service
Male,No,No,No,Yes,Yes,DSL,Yes,Yes,No,No,No,No,Month-to-month,No,Electronic check,59.0,1254.7,Yes,1,1,1,1,0,0,0,0,4,Below 3 years,0.41964534,526.5290071576834,Medium Risk,Offer technical support
Female,No,Yes,Yes,Yes,Yes,No,No internet service,No internet service,No internet service,No internet service,No internet service,No internet service,One year,No,Mailed check,24.95,1165.9,No,1,1,0,0,0,0,0,0,2,Below 5 years,0.097637855,113.83597458079458,Low Risk,Standard engagement
Female,Yes,Yes,Yes,Yes,No,DSL,No,No,No,No,No,No,Month-to-month,No,Electronic check,46.0,181.6,Yes,1,0,0,0,0,0,0,0,1,Below 1 year,0.78589576,142.71867089271544,High Risk - New Customer,Onboarding intervention
Male,No,Yes,Yes,No,No phone service,DSL,No,Yes,No,No,Yes,Yes,One year,Yes,Bank transfer (automatic),51.8,2541.25,Yes,0,0,0,1,0,0,1,1,3,Below 5 years,0.3864908,982.1697252616286,Low Risk,Promote security service
Male,No,Yes,No,Yes,No,DSL,Yes,No,No,No,Yes,No,One year,Yes,Mailed check,59.8,3561.15,No,1,0,1,0,0,0,1,0,3,oldest Customers,0.12364812,440.32950949296355,Low Risk,Offer technical support
Female,No,No,No,Yes,No,Fiber optic,Yes,No,Yes,Yes,No,No,One year,Yes,Credit card (automatic),87.15,2274.1,No,1,0,1,0,1,1,0,0,4,Below 3 years,0.18975286,431.5169831499457,Low Risk,Standard engagement
Male,No,Yes,No,Yes,Yes,Fiber optic,No,Yes,No,No,No,No,Month-to-month,Yes,Electronic check,78.75,412.1,Yes,1,1,0,1,0,0,0,0,3,Below 1 year,0.846563,348.8686047196388,High Risk - High Value,Priority retention offer
Female,Yes,Yes,No,Yes,Yes,Fiber optic,No,No,No,No,No,Yes,Month-to-month,Yes,Electronic check,84.85,2633.4,No,1,1,0,0,0,0,0,1,3,Below 3 years,0.77602065,2043.5727694272996,High Risk - High Value,Priority retention offer
Male,Yes,Yes,No,Yes,Yes,Fiber optic,No,No,Yes,No,Yes,No,Month-to-month,Yes,Electronic check,89.2,4040.2,No,1,1,0,0,1,0,1,0,4,Below 5 years,0.73203635,2957.5732699871064,High Risk - High Value,Priority retention offer
Female,No,No,No,Yes,Yes,Fiber optic,No,No,No,No,Yes,Yes,Month-to-month,Yes,Mailed check,94.55,2724.6,Yes,1,1,0,0,0,0,1,1,4,Below 3 years,0.67911744,1850.3233802318573,Medium Risk,Promote security service
Male,No,Yes,No,Yes,Yes,DSL,Yes,Yes,Yes,Yes,Yes,Yes,Two year,No,Bank transfer (automatic),90.55,6404.0,No,1,1,1,1,1,1,1,1,8,oldest Customers,0.072256215,462.72880032658577,Low Risk,Standard engagement
Female,No,No,Yes,Yes,No,Fiber optic,No,No,No,No,No,Yes,Month-to-month,Yes,Electronic check,79.6,79.6,Yes,1,0,0,0,0,0,0,1,2,Below 1 year,0.91936296,73.18129179477691,High Risk - High Value,Priority retention offer
Male,No,Yes,No,Yes,Yes,Fiber optic,Yes,Yes,Yes,Yes,Yes,Yes,One year,No,Credit card (automatic),115.65,7968.85,Yes,1,1,1,1,1,1,1,1,8,oldest Customers,0.39412472,3140.720747242868,Low Risk,Standard engagement
Female,No,No,No,Yes,No,DSL,No,No,No,No,No,Yes,Month-to-month,Yes,Electronic check,55.4,55.4,Yes,1,0,0,0,0,0,0,1,2,Below 1 year,0.87227964,48.324292278289796,High Risk - New Customer,Onboarding intervention
Male,No,No,No,Yes,Yes,Fiber optic,Yes,Yes,No,No,No,Yes,Month-to-month,Yes,Electronic check,93.7,4154.8,Yes,1,1,1,1,0,0,0,1,5,Below 5 years,0.5534667,2299.543352365494,Medium Risk,Offer technical support
Female,Yes,No,No,Yes,No,Fiber optic,Yes,Yes,No,Yes,No,No,Month-to-month,Yes,Bank transfer (automatic),85.7,3778.1,No,1,0,1,1,0,1,0,0,4,Below 5 years,0.3802695,1436.696189007163,Low Risk,Promote long-term contract
Female,No,Yes,No,Yes,No,DSL,No,No,No,No,Yes,No,Month-to-month,No,Mailed check,55.2,55.2,Yes,1,0,0,0,0,0,1,0,2,Below 1 year,0.7817126,43.15053505897522,High Risk - New Customer,Onboarding intervention
Female,No,No,No,No,No phone service,DSL,No,No,Yes,Yes,No,No,Two year,No,Mailed check,35.4,450.4,No,0,0,0,0,1,1,0,0,2,Below 3 years,0.11690372,52.65343651771545,Low Risk,Promote security service
Female,No,Yes,Yes,Yes,Yes,Fiber optic,Yes,Yes,Yes,No,Yes,No,Two year,Yes,Credit card (automatic),99.0,7061.65,No,1,1,1,1,1,0,1,0,6,oldest Customers,0.09367315,661.4869803566486,Low Risk,Offer technical support
Male,No,No,No,Yes,No,No,No internet service,No internet service,No internet service,No internet service,No internet service,No internet service,Month-to-month,No,Mailed check,20.2,20.2,No,1,0,0,0,0,0,0,0,1,Below 1 year,0.5702775,11.51960574388504,Medium Risk,Promote long-term contract
Female,No,No,No,Yes,No,Fiber optic,Yes,No,No,No,Yes,No,Month-to-month,No,Electronic check,84.95,668.4,Yes,1,0,1,0,0,0,1,0,3,Below 1 year,0.76295805,509.96116046905513,High Risk - High Value,Priority retention offer
Male,No,No,No,Yes,No,No,No internet service,No internet service,No internet service,No internet service,No internet service,No internet service,Month-to-month,Yes,Mailed check,19.7,342.4,Yes,1,0,0,0,0,0,0,0,1,Below 3 years,0.27167714,93.02225151062011,Low Risk,Promote long-term contract
Female,No,No,No,No,No phone service,DSL,Yes,No,Yes,No,No,No,Month-to-month,No,Mailed check,35.0,135.75,No,0,0,1,0,1,0,0,0,2,Below 1 year,0.5316632,72.1732766032219,Medium Risk,Offer technical support
Male,Yes,Yes,Yes,Yes,Yes,Fiber optic,No,Yes,No,No,Yes,Yes,Month-to-month,No,Electronic check,101.15,3741.85,No,1,1,0,1,0,0,1,1,5,Below 5 years,0.7141623,2672.2881651967764,High Risk - High Value,Priority retention offer
Male,No,No,No,Yes,No,No,No internet service,No internet service,No internet service,No internet service,No internet service,No internet service,Month-to-month,No,Mailed check,19.75,19.75,Yes,1,0,0,0,0,0,0,0,1,Below 1 year,0.51554424,10.181998655200005,Medium Risk,Promote long-term contract
Male,No,No,No,Yes,Yes,Fiber optic,No,Yes,Yes,No,Yes,Yes,Month-to-month,Yes,Electronic check,106.35,3549.25,Yes,1,1,0,1,1,0,1,1,6,Below 3 years,0.78159904,2774.090409755707,High Risk - High Value,Priority retention offer
Male,No,No,No,Yes,Yes,Fiber optic,Yes,Yes,Yes,No,No,No,Month-to-month,No,Bank transfer (automatic),90.7,5586.45,No,1,1,1,1,1,0,0,0,5,oldest Customers,0.3220914,1799.3475050121544,Low Risk,Offer technical support
Male,No,Yes,Yes,Yes,Yes,DSL,Yes,No,Yes,No,Yes,No,One year,Yes,Bank transfer (automatic),70.35,1201.65,No,1,1,1,0,1,0,1,0,5,Below 3 years,0.18650158,224.10962059870363,Low Risk,Offer technical support
Male,No,Yes,No,Yes,Yes,Fiber optic,Yes,Yes,No,No,No,Yes,One year,Yes,Credit card (automatic),96.4,4911.05,No,1,1,1,1,0,0,0,1,5,Below 5 years,0.25599945,1257.226078861952,Low Risk,Offer technical support
Male,Yes,Yes,No,Yes,No,Fiber optic,No,No,No,No,No,Yes,Month-to-month,Yes,Electronic check,80.4,3605.2,Yes,1,0,0,0,0,0,0,1,2,Below 5 years,0.6683692,2409.6045461177823,Medium Risk,Promote security service
Female,No,No,Yes,Yes,No,Fiber optic,Yes,Yes,Yes,No,Yes,Yes,Month-to-month,Yes,Bank transfer (automatic),105.35,3688.6,No,1,0,1,1,1,0,1,1,6,Below 3 years,0.60054266,2215.1616723775865,Medium Risk,Offer technical support
Male,No,No,Yes,Yes,Yes,DSL,Yes,No,Yes,No,Yes,Yes,One year,Yes,Credit card (automatic),78.75,3682.45,No,1,1,1,0,1,0,1,1,6,Below 5 years,0.20444283,752.8504952594637,Low Risk,Offer technical support
Female,No,No,No,Yes,Yes,Fiber optic,No,No,Yes,No,Yes,Yes,Month-to-month,Yes,Bank transfer (automatic),100.15,1164.3,Yes,1,1,0,0,1,0,1,1,5,Below 3 years,0.82195413,957.0011948704719,High Risk - High Value,Priority retention offer
Female,No,Yes,Yes,Yes,Yes,Fiber optic,No,No,No,No,Yes,Yes,Month-to-month,Yes,Electronic check,94.2,4186.3,Yes,1,1,0,0,0,0,1,1,4,Below 5 years,0.70710576,2960.156825530529,High Risk - High Value,Priority retention offer
Female,Yes,Yes,No,No,No phone service,DSL,No,No,No,No,No,No,Month-to-month,Yes,Electronic check,24.8,24.8,Yes,0,0,0,0,0,0,0,0,0,Below 1 year,0.833384,20.667922639846804,High Risk - New Customer,Onboarding intervention
Male,No,No,No,Yes,No,No,No internet service,No internet service,No internet service,No internet service,No internet service,No internet service,One year,No,Mailed check,19.5,128.6,No,1,0,0,0,0,0,0,0,1,Below 1 year,0.119240835,15.33437142074108,Low Risk,Standard engagement
Female,No,No,No,Yes,No,Fiber optic,No,No,No,No,No,No,Month-to-month,Yes,Electronic check,70.0,1144.5,Yes,1,0,0,0,0,0,0,0,1,Below 3 years,0.7178292,821.5555508136749,High Risk - General,Promote security service
Female,Yes,Yes,No,Yes,Yes,Fiber optic,No,Yes,Yes,No,Yes,No,One year,Yes,Credit card (automatic),97.95,5936.55,No,1,1,0,1,1,0,1,0,5,oldest Customers,0.30142745,1789.439150597155,Low Risk,Promote security service
Female,Yes,Yes,No,Yes,No,Fiber optic,No,No,No,No,No,No,Month-to-month,Yes,Electronic check,71.05,3444.85,Yes,1,0,0,0,0,0,0,0,1,Below 5 years,0.6371623,2194.9286448061466,Medium Risk,Promote security service
Female,No,Yes,No,Yes,Yes,Fiber optic,Yes,No,Yes,No,Yes,Yes,Month-to-month,Yes,Electronic check,105.05,6914.95,No,1,1,1,0,1,0,1,1,6,oldest Customers,0.55174994,3815.3232800126075,Medium Risk,Offer technical support
Male,No,No,No,Yes,No,DSL,No,No,No,Yes,No,Yes,Month-to-month,No,Mailed check,60.65,196.9,No,1,0,0,0,0,1,0,1,3,Below 1 year,0.55449307,109.17968541383743,Medium Risk,Promote security service
Female,No,No,No,Yes,No,Fiber optic,No,No,No,No,Yes,Yes,Month-to-month,Yes,Bank transfer (automatic),88.8,2274.35,Yes,1,0,0,0,0,0,1,1,3,Below 3 years,0.67400056,1532.9131764501333,Medium Risk,Promote security service
Female,Yes,Yes,No,Yes,Yes,Fiber optic,No,No,No,No,No,No,Month-to-month,Yes,Electronic check,76.5,2868.15,Yes,1,1,0,0,0,0,0,0,2,Below 5 years,0.7430408,2131.15247079134,High Risk - High Value,Priority retention offer
Female,Yes,No,No,Yes,No,Fiber optic,No,No,No,No,Yes,No,Month-to-month,No,Electronic check,78.45,78.45,Yes,1,0,0,0,0,0,1,0,2,Below 1 year,0.9059604,71.07259189188481,High Risk - High Value,Priority retention offer
Male,No,No,No,Yes,Yes,Fiber optic,No,No,No,Yes,Yes,No,Month-to-month,Yes,Electronic check,90.6,1943.2,Yes,1,1,0,0,0,1,1,0,4,Below 3 years,0.6902277,1341.2504420757293,Medium Risk,Promote security service
Female,No,Yes,No,Yes,Yes,Fiber optic,Yes,Yes,No,No,Yes,No,Month-to-month,Yes,Electronic check,94.75,5597.65,No,1,1,1,1,0,0,1,0,5,Below 5 years,0.4044383,2263.903977335989,Medium Risk,Offer technical support
Female,No,Yes,Yes,Yes,Yes,Fiber optic,No,No,No,No,No,Yes,Month-to-month,No,Electronic check,85.95,858.6,No,1,1,0,0,0,0,0,1,3,Below 1 year,0.8293373,712.0690048098564,High Risk - High Value,Priority retention offer
Female,No,No,No,Yes,No,Fiber optic,No,Yes,No,No,No,Yes,Month-to-month,Yes,Electronic check,86.3,1180.95,Yes,1,0,0,1,0,0,0,1,3,Below 3 years,0.82787377,977.6775244563819,High Risk - High Value,Priority retention offer
Female,No,Yes,Yes,Yes,Yes,Fiber optic,Yes,No,Yes,Yes,No,Yes,Two year,No,Mailed check,99.65,4630.2,No,1,1,1,0,1,1,0,1,6,Below 5 years,0.13723676,635.4336418300867,Low Risk,Standard engagement
Female,No,Yes,No,Yes,No,Fiber optic,No,Yes,Yes,No,Yes,Yes,Month-to-month,Yes,Credit card (automatic),99.3,2431.35,Yes,1,0,0,1,1,0,1,1,5,Below 3 years,0.72728527,1768.2850313007832,High Risk - High Value,Priority retention offer
Male,No,No,No,Yes,No,No,No internet service,No internet service,No internet service,No internet service,No internet service,No internet service,Month-to-month,No,Mailed check,20.25,20.25,Yes,1,0,0,0,0,0,0,0,1,Below 1 year,0.5702775,11.548119619488716,Medium Risk,Promote long-term contract
Male,No,No,No,Yes,No,Fiber optic,Yes,No,No,No,No,No,Month-to-month,Yes,Electronic check,73.5,791.75,Yes,1,0,1,0,0,0,0,0,2,Below 1 year,0.70026994,554.4387230277061,High Risk - New Customer,Onboarding intervention
Male,No,No,No,Yes,Yes,Fiber optic,No,Yes,No,No,No,No,Month-to-month,Yes,Bank transfer (automatic),79.85,4308.25,No,1,1,0,1,0,0,0,0,3,Below 5 years,0.42274436,1821.2884042486548,Medium Risk,Promote security service
Female,No,Yes,Yes,Yes,No,No,No internet service,No internet service,No internet service,No internet service,No internet service,No internet service,Two year,Yes,Bank transfer (automatic),21.3,1041.8,No,1,0,0,0,0,0,0,0,1,Below 5 years,0.05007676,52.169968934357165,Low Risk,Standard engagement
Male,No,No,No,Yes,No,No,No internet service,No internet service,No internet service,No internet service,No internet service,No internet service,Two year,No,Mailed check,20.05,845.25,No,1,0,0,0,0,0,0,0,1,Below 5 years,0.048535887,41.02495861519128,Low Risk,Standard engagement
Male,No,Yes,Yes,Yes,No,Fiber optic,No,No,No,No,No,No,Month-to-month,Yes,Electronic check,69.0,1149.65,Yes,1,0,0,0,0,0,0,0,1,Below 3 years,0.69818187,802.6647840857506,Medium Risk,Promote security service
Female,Yes,Yes,No,Yes,Yes,Fiber optic,No,No,Yes,No,Yes,Yes,Month-to-month,Yes,Bank transfer (automatic),100.65,5688.05,Yes,1,1,0,0,1,0,1,1,5,Below 5 years,0.6671943,3795.0345770806075,Medium Risk,Promote security service
Male,No,Yes,No,Yes,No,Fiber optic,No,No,Yes,Yes,No,No,Month-to-month,Yes,Mailed check,80.6,319.15,Yes,1,0,0,0,1,1,0,0,3,Below 1 year,0.70164174,223.92896081507203,High Risk - High Value,Priority retention offer
Female,No,Yes,Yes,Yes,Yes,Fiber optic,No,Yes,Yes,No,No,No,Month-to-month,Yes,Electronic check,84.5,916.9,Yes,1,1,0,1,1,0,0,0,4,Below 3 years,0.8206484,752.4524924457073,High Risk - High Value,Priority retention offer
Female,No,No,No,Yes,Yes,Fiber optic,No,Yes,Yes,No,No,Yes,Month-to-month,Yes,Credit card (automatic),95.6,1555.65,Yes,1,1,0,1,1,0,0,1,5,Below 3 years,0.7390336,1149.6775884568692,High Risk - High Value,Priority retention offer
Female,No,No,Yes,Yes,No,DSL,Yes,No,No,Yes,No,No,Month-to-month,Yes,Mailed check,55.1,154.65,Yes,1,0,1,0,0,1,0,0,3,Below 1 year,0.4976798,76.96618103832007,Medium Risk,Promote long-term contract
Female,No,Yes,No,Yes,Yes,Fiber optic,Yes,No,No,No,Yes,Yes,Month-to-month,Yes,Electronic check,99.65,5497.05,No,1,1,1,0,0,0,1,1,5,Below 5 years,0.53728765,2953.497090134025,Medium Risk,Offer technical support
Female,Yes,Yes,No,Yes,Yes,Fiber optic,No,No,Yes,No,No,No,Month-to-month,No,Mailed check,79.3,2570.0,No,1,1,0,0,1,0,0,0,3,Below 3 years,0.52147967,1340.2027422189713,Medium Risk,Promote security service
Female,No,No,No,Yes,No,Fiber optic,No,No,No,No,No,Yes,Month-to-month,No,Bank transfer (automatic),78.1,947.3,Yes,1,0,0,0,0,0,0,1,2,Below 3 years,0.703562,666.4843027353287,High Risk - High Value,Priority retention offer
Male,No,Yes,Yes,Yes,Yes,DSL,No,Yes,No,Yes,No,Yes,Two year,No,Credit card (automatic),70.8,4859.95,No,1,1,0,1,0,1,0,1,5,oldest Customers,0.09039653,439.3226204749197,Low Risk,Promote security service
Female,No,No,No,Yes,Yes,DSL,Yes,Yes,Yes,Yes,Yes,Yes,Two year,Yes,Credit card (automatic),86.4,5442.05,No,1,1,1,1,1,1,1,1,8,oldest Customers,0.07458799,405.91158906780186,Low Risk,Standard engagement
Female,No,Yes,Yes,Yes,No,No,No internet service,No internet service,No internet service,No internet service,No internet service,No internet service,One year,No,Mailed check,20.05,415.1,No,1,0,0,0,0,0,0,0,1,Below 3 years,0.09184358,38.12427117452025,Low Risk,Standard engagement
Male,No,No,No,Yes,Yes,Fiber optic,No,No,No,No,Yes,Yes,Month-to-month,Yes,Electronic check,93.85,635.6,Yes,1,1,0,0,0,0,1,1,4,Below 1 year,0.8892415,565.2019079446793,High Risk - High Value,Priority retention offer
Female,No,No,No,No,No phone service,DSL,No,No,Yes,Yes,Yes,No,Month-to-month,Yes,Credit card (automatic),44.45,1183.8,No,0,0,0,0,1,1,1,0,3,Below 3 years,0.297226,351.8561527132988,Low Risk,Promote security service
Female,No,Yes,Yes,Yes,No,No,No internet service,No internet service,No internet service,No internet service,No internet service,No internet service,Two year,No,Bank transfer (automatic),20.25,717.95,No,1,0,0,0,0,0,0,0,1,Below 5 years,0.05451769,39.14097560178489,Low Risk,Standard engagement
Female,No,Yes,Yes,Yes,No,Fiber optic,No,No,No,No,No,No,Month-to-month,Yes,Electronic check,69.8,69.8,Yes,1,0,0,0,0,0,0,0,1,Below 1 year,0.9069398,63.304398357868195,High Risk - New Customer,Onboarding intervention
Female,No,Yes,Yes,Yes,No,Fiber optic,No,Yes,Yes,Yes,Yes,Yes,One year,Yes,Bank transfer (automatic),103.7,5656.75,No,1,0,0,1,1,1,1,1,6,Below 5 years,0.44243565,2502.7478745505214,Medium Risk,Promote security service
Female,No,No,No,Yes,No,Fiber optic,No,Yes,No,No,No,No,Month-to-month,Yes,Bank transfer (automatic),76.65,333.6,Yes,1,0,0,1,0,0,0,0,2,Below 1 year,0.7983725,266.3370683670044,High Risk - High Value,Priority retention offer
Male,No,No,No,Yes,No,Fiber optic,No,No,No,No,Yes,Yes,Month-to-month,Yes,Electronic check,89.55,89.55,Yes,1,0,0,0,0,0,1,1,3,Below 1 year,0.92517126,82.84908598065375,High Risk - High Value,Priority retention offer
Male,No,Yes,Yes,Yes,No,Fiber optic,No,Yes,Yes,Yes,No,No,One year,Yes,Mailed check,85.85,4793.8,No,1,0,0,1,1,1,0,0,4,Below 5 years,0.21899937,1049.8391843765974,Low Risk,Promote security service
Male,No,No,Yes,Yes,No,No,No internet service,No internet service,No internet service,No internet service,No internet service,No internet service,Two year,No,Credit card (automatic),19.9,1529.65,No,1,0,0,0,0,0,0,0,1,oldest Customers,0.043141592,65.99153665248305,Low Risk,Standard engagement
Male,No,Yes,No,Yes,Yes,Fiber optic,No,No,No,No,No,No,Month-to-month,Yes,Electronic check,74.65,301.4,Yes,1,1,0,0,0,0,0,0,2,Below 1 year,0.8678491,261.5697222232818,High Risk - New Customer,Onboarding intervention
Female,Yes,Yes,No,Yes,Yes,Fiber optic,Yes,Yes,Yes,Yes,Yes,Yes,Two year,Yes,Credit card (automatic),115.75,8443.7,No,1,1,1,1,1,1,1,1,8,oldest Customers,0.08698656,734.4883883789182,Low Risk,Standard engagement
Male,No,No,No,Yes,No,DSL,No,No,No,No,No,No,Month-to-month,No,Electronic check,45.35,89.5,Yes,1,0,0,0,0,0,0,0,1,Below 1 year,0.81751394,73.16749787330627,High Risk - New Customer,Onboarding intervention
Male,No,No,No,No,No phone service,DSL,Yes,No,No,Yes,No,Yes,Month-to-month,Yes,Credit card (automatic),44.45,2181.55,No,0,0,1,0,0,1,0,1,3,Below 5 years,0.26354346,574.9332281664015,Low Risk,Promote long-term contract
Male,No,No,No,Yes,Yes,No,No internet service,No internet service,No internet service,No internet service,No internet service,No internet service,Month-to-month,No,Credit card (automatic),23.15,245.2,Yes,1,1,0,0,0,0,0,0,2,Below 1 year,0.3039768,74.53511234521865,Low Risk,Promote long-term contract
Male,No,Yes,No,Yes,No,DSL,No,No,No,No,No,No,Month-to-month,Yes,Credit card (automatic),44.55,1462.6,No,1,0,0,0,0,0,0,0,1,Below 3 years,0.3668289,536.5239325463772,Low Risk,Promote security service
Male,No,Yes,Yes,Yes,Yes,DSL,Yes,Yes,Yes,Yes,No,No,Month-to-month,No,Electronic check,67.6,2000.2,No,1,1,1,1,1,1,0,0,6,Below 3 years,0.2871578,574.3730391085148,Low Risk,Promote long-term contract
Female,No,Yes,No,Yes,No,Fiber optic,No,No,No,No,No,No,Month-to-month,Yes,Electronic check,69.25,1554.0,Yes,1,0,0,0,0,0,0,0,1,Below 3 years,0.7027262,1092.0364919900894,High Risk - General,Promote security service
Female,No,No,Yes,Yes,No,Fiber optic,No,No,No,No,No,No,Two year,No,Credit card (automatic),70.35,3533.6,No,1,0,0,0,0,0,0,0,1,Below 5 years,0.10791279,381.32062168717385,Low Risk,Promote security service
Male,Yes,No,No,Yes,Yes,Fiber optic,No,No,No,No,No,No,Month-to-month,No,Electronic check,75.65,1146.65,Yes,1,1,0,0,0,0,0,0,2,Below 3 years,0.82020104,940.4835217297078,High Risk - High Value,Priority retention offer
Male,No,Yes,No,Yes,No,Fiber optic,No,No,Yes,No,Yes,No,Month-to-month,Yes,Bank transfer (automatic),87.0,1850.65,No,1,0,0,0,1,0,1,0,3,Below 3 years,0.6097792,1128.487837794423,Medium Risk,Promote security service
Female,No,Yes,No,Yes,Yes,Fiber optic,Yes,Yes,Yes,Yes,No,No,Two year,Yes,Bank transfer (automatic),97.0,7104.2,No,1,1,1,1,1,1,0,0,6,oldest Customers,0.09654702,685.8893569737672,Low Risk,Standard engagement
Female,No,No,No,Yes,Yes,DSL,No,Yes,Yes,Yes,Yes,Yes,Two year,No,Credit card (automatic),88.65,5321.25,No,1,1,0,1,1,1,1,1,7,oldest Customers,0.0841316,447.6852683722973,Low Risk,Promote security service
Male,No,No,No,Yes,No,No,No internet service,No internet service,No internet service,No internet service,No internet service,No internet service,Month-to-month,Yes,Electronic check,20.2,55.7,No,1,0,0,0,0,0,0,0,1,Below 1 year,0.42610854,23.734245628118515,Medium Risk,Promote long-term contract
Male,Yes,Yes,No,Yes,Yes,Fiber optic,Yes,No,Yes,No,Yes,No,Month-to-month,Yes,Bank transfer (automatic),93.8,4750.95,Yes,1,1,1,0,1,0,1,0,5,Below 5 years,0.50086397,2379.5796750694512,Medium Risk,Offer technical support
Female,No,No,Yes,Yes,Yes,Fiber optic,No,No,No,No,Yes,No,Month-to-month,Yes,Credit card (automatic),86.55,2697.4,Yes,1,1,0,0,0,0,1,0,3,Below 3 years,0.6074024,1638.407191359997,Medium Risk,Promote security service
Male,No,No,No,Yes,No,DSL,Yes,Yes,No,Yes,No,No,Month-to-month,No,Bank transfer (automatic),60.45,1440.75,No,1,0,1,1,0,1,0,0,4,Below 3 years,0.20479342,295.0561247840524,Low Risk,Promote long-term contract
Female,No,Yes,Yes,Yes,No,No,No internet service,No internet service,No internet service,No internet service,No internet service,No internet service,Month-to-month,No,Mailed check,20.2,382.2,No,1,0,0,0,0,0,0,0,1,Below 3 years,0.19133288,73.12742546796798,Low Risk,Promote long-term contract
Female,No,No,No,Yes,Yes,Fiber optic,No,No,No,No,No,No,Month-to-month,No,Electronic check,75.55,413.65,Yes,1,1,0,0,0,0,0,0,2,Below 1 year,0.8290838,342.9505140006542,High Risk - High Value,Priority retention offer
Female,No,Yes,Yes,Yes,Yes,DSL,Yes,No,Yes,Yes,Yes,No,Two year,Yes,Mailed check,76.45,4519.5,No,1,1,1,0,1,1,1,0,6,Below 5 years,0.08018777,362.40861631929874,Low Risk,Standard engagement
Female,No,No,No,Yes,No,DSL,No,No,Yes,Yes,No,No,Two year,No,Credit card (automatic),54.35,2460.15,Yes,1,0,0,0,1,1,0,0,3,Below 5 years,0.08644189,212.66001422032716,Low Risk,Promote security service
Female,No,Yes,Yes,Yes,No,DSL,No,Yes,No,No,No,No,One year,No,Credit card (automatic),50.55,3431.75,No,1,0,0,1,0,0,0,0,2,oldest Customers,0.16764127,575.3029186464846,Low Risk,Promote security service
Female,No,Yes,No,Yes,Yes,Fiber optic,Yes,No,Yes,No,Yes,Yes,Month-to-month,Yes,Bank transfer (automatic),104.4,2200.25,Yes,1,1,1,0,1,0,1,1,6,Below 3 years,0.7368102,1621.1666587591171,High Risk - High Value,Priority retention offer
Female,No,Yes,Yes,No,No phone service,DSL,Yes,No,No,Yes,Yes,No,Two year,Yes,Credit card (automatic),46.35,1662.05,No,0,0,1,0,0,1,1,0,3,Below 3 years,0.06760732,112.3667476106435,Low Risk,Standard engagement
Female,No,Yes,Yes,Yes,No,Fiber optic,No,No,No,No,No,Yes,Month-to-month,Yes,Electronic check,81.05,2227.1,Yes,1,0,0,0,0,0,0,1,2,Below 3 years,0.72734725,1619.8750710606575,High Risk - High Value,Priority retention offer
Male,No,No,No,Yes,No,No,No internet service,No internet service,No internet service,No internet service,No internet service,No internet service,Two year,No,Bank transfer (automatic),19.85,1253.65,No,1,0,0,0,0,0,0,0,1,oldest Customers,0.04667014,58.508019551634796,Low Risk,Standard engagement
Female,No,Yes,Yes,Yes,Yes,DSL,Yes,No,Yes,Yes,Yes,Yes,Two year,Yes,Bank transfer (automatic),85.1,4657.95,No,1,1,1,0,1,1,1,1,7,Below 5 years,0.07444299,346.7517258491367,Low Risk,Standard engagement
Female,No,Yes,No,Yes,No,Fiber optic,Yes,No,No,Yes,Yes,Yes,Two year,Yes,Electronic check,97.2,5611.75,No,1,0,1,0,0,1,1,1,5,oldest Customers,0.18307854,1027.39101004228,Low Risk,Standard engagement
Female,No,No,No,Yes,No,DSL,No,No,No,No,No,No,Month-to-month,Yes,Mailed check,45.3,196.95,Yes,1,0,0,0,0,0,0,0,1,Below 1 year,0.66523385,131.01780685186387,Medium Risk,Promote security service
Male,Yes,Yes,No,Yes,No,Fiber optic,No,No,No,No,No,No,Month-to-month,Yes,Mailed check,70.1,467.55,Yes,1,0,0,0,0,0,0,0,1,Below 1 year,0.72586447,339.3779329508543,High Risk - New Customer,Onboarding intervention
Male,No,Yes,Yes,Yes,Yes,Fiber optic,No,No,No,No,Yes,No,Two year,No,Bank transfer (automatic),82.5,4828.05,No,1,1,0,0,0,0,1,0,3,Below 5 years,0.17958891,867.0642558395863,Low Risk,Promote security service
Male,No,No,No,Yes,No,No,No internet service,No internet service,No internet service,No internet service,No internet service,No internet service,Month-to-month,No,Mailed check,20.0,32.7,No,1,0,0,0,0,0,0,0,1,Below 1 year,0.38944998,12.735014471411706,Low Risk,Promote long-term contract
Male,No,No,No,Yes,No,DSL,No,No,No,No,No,No,Month-to-month,Yes,Bank transfer (automatic),44.65,322.5,No,1,0,0,0,0,0,0,0,1,Below 1 year,0.5999187,193.47378820180893,Medium Risk,Promote security service
Female,No,No,No,Yes,No,Fiber optic,No,No,No,No,No,Yes,Month-to-month,Yes,Electronic check,81.95,81.95,Yes,1,0,0,0,0,0,0,1,2,Below 1 year,0.9201837,75.40905570685864,High Risk - High Value,Priority retention offer
Female,No,No,No,No,No phone service,DSL,No,No,Yes,No,Yes,Yes,Month-to-month,Yes,Bank transfer (automatic),49.05,2076.2,Yes,0,0,0,0,1,0,1,1,3,Below 5 years,0.4848932,1006.7352676153182,Medium Risk,Promote security service
Female,No,Yes,No,Yes,Yes,Fiber optic,No,Yes,Yes,Yes,Yes,Yes,One year,Yes,Bank transfer (automatic),109.4,6252.7,No,1,1,0,1,1,1,1,1,7,Below 5 years,0.4956372,3099.070771858096,Medium Risk,Promote security service
Female,No,Yes,Yes,Yes,No,Fiber optic,No,Yes,Yes,Yes,Yes,Yes,Month-to-month,Yes,Electronic check,102.8,2110.15,Yes,1,0,0,1,1,1,1,1,6,Below 3 years,0.71643126,1511.777423518896,High Risk - High Value,Priority retention offer
Female,No,Yes,No,Yes,Yes,Fiber optic,No,Yes,No,No,No,Yes,Month-to-month,Yes,Credit card (automatic),91.5,242.95,Yes,1,1,0,1,0,0,0,1,4,Below 1 year,0.87119305,211.65635182261465,High Risk - High Value,Priority retention offer
Female,No,Yes,Yes,Yes,No,No,No internet service,No internet service,No internet service,No internet service,No internet service,No internet service,Two year,No,Mailed check,20.9,1146.05,No,1,0,0,0,0,0,0,0,1,Below 5 years,0.047545876,54.489951595477756,Low Risk,Standard engagement
Male,No,Yes,Yes,Yes,Yes,DSL,No,Yes,Yes,Yes,No,Yes,One year,Yes,Bank transfer (automatic),75.8,5293.95,Yes,1,1,0,1,1,1,0,1,6,oldest Customers,0.25538325,1351.986172735691,Low Risk,Promote security service
Female,No,No,No,Yes,Yes,Fiber optic,No,Yes,No,No,Yes,No,Month-to-month,Yes,Electronic check,90.8,455.5,Yes,1,1,0,1,0,0,1,0,4,Below 1 year,0.88579434,403.4793225824833,High Risk - High Value,Priority retention offer
Male,No,No,No,Yes,Yes,Fiber optic,No,Yes,Yes,No,No,No,Month-to-month,Yes,Electronic check,85.3,424.15,Yes,1,1,0,1,1,0,0,0,4,Below 1 year,0.8644552,366.6586828708648,High Risk - High Value,Priority retention offer
Male,No,Yes,No,Yes,Yes,Fiber optic,Yes,No,No,Yes,No,No,Two year,Yes,Credit card (automatic),84.65,5377.8,No,1,1,1,0,0,1,0,0,4,oldest Customers,0.09547229,513.4308871418237,Low Risk,Standard engagement
Male,No,Yes,Yes,Yes,No,Fiber optic,No,No,No,No,No,No,Month-to-month,Yes,Electronic check,69.8,377.85,No,1,0,0,0,0,0,0,0,1,Below 1 year,0.79858154,301.7440351098776,High Risk - New Customer,Onboarding intervention
Male,No,No,No,Yes,Yes,DSL,Yes,No,No,No,No,No,Month-to-month,Yes,Electronic check,54.45,1127.35,Yes,1,1,1,0,0,0,0,0,3,Below 3 years,0.5329226,600.7903219044208,Medium Risk,Offer technical support
Male,No,No,No,No,No phone service,DSL,No,No,Yes,No,No,No,Month-to-month,Yes,Electronic check,29.65,118.5,Yes,0,0,0,0,1,0,0,0,1,Below 1 year,0.8070121,95.63093161582947,High Risk - New Customer,Onboarding intervention
Male,No,No,No,Yes,Yes,Fiber optic,Yes,Yes,No,No,Yes,No,One year,No,Bank transfer (automatic),94.8,4535.85,No,1,1,1,1,0,0,1,0,5,Below 5 years,0.19394986,879.7274875156583,Low Risk,Offer technical support
Female,No,No,No,Yes,Yes,Fiber optic,No,No,No,No,Yes,No,One year,No,Electronic check,84.05,2781.85,Yes,1,1,0,0,0,0,1,0,3,Below 3 years,0.3957534,1100.9266331747174,Low Risk,Promote security service
Male,No,Yes,No,Yes,No,No,No internet service,No internet service,No internet service,No internet service,No internet service,No internet service,One year,No,Bank transfer (automatic),19.8,202.25,No,1,0,0,0,0,0,0,0,1,Below 3 years,0.121421985,24.55759653262794,Low Risk,Standard engagement
Female,No,No,No,Yes,No,No,No internet service,No internet service,No internet service,No internet service,No internet service,No internet service,Month-to-month,No,Mailed check,19.65,19.65,Yes,1,0,0,0,0,0,0,0,1,Below 1 year,0.52286255,10.274249178171157,Medium Risk,Promote long-term contract
Female,No,No,No,No,No phone service,DSL,No,No,No,No,No,No,Month-to-month,No,Electronic check,24.15,812.5,No,0,0,0,0,0,0,0,0,0,Below 3 years,0.54165965,440.09846821427345,Medium Risk,Promote security service
Female,Yes,Yes,No,Yes,Yes,Fiber optic,No,Yes,No,No,Yes,Yes,Month-to-month,Yes,Electronic check,100.2,6851.65,Yes,1,1,0,1,0,0,1,1,5,oldest Customers,0.70545113,4833.50424080491,High Risk - High Value,Priority retention offer
Female,Yes,Yes,No,Yes,Yes,Fiber optic,Yes,No,No,No,Yes,Yes,Month-to-month,Yes,Electronic check,99.6,347.65,Yes,1,1,1,0,0,0,1,1,5,Below 1 year,0.850332,295.6179273486137,High Risk - High Value,Priority retention offer
Male,No,Yes,Yes,Yes,Yes,No,No internet service,No internet service,No internet service,No internet service,No internet service,No internet service,Month-to-month,Yes,Bank transfer (automatic),25.9,135.0,Yes,1,1,0,0,0,0,0,0,2,Below 1 year,0.3465126,46.779199093580246,Low Risk,Promote long-term contract
Female,No,No,No,Yes,No,DSL,No,No,No,No,No,No,Month-to-month,No,Electronic check,45.15,416.45,Yes,1,0,0,0,0,0,0,0,1,Below 1 year,0.66841775,278.3625727325678,Medium Risk,Promote security service
Male,No,Yes,Yes,Yes,No,Fiber optic,No,No,No,No,No,Yes,Month-to-month,No,Electronic check,80.0,80.0,Yes,1,0,0,0,0,0,0,1,2,Below 1 year,0.9004314,72.03451156616211,High Risk - High Value,Priority retention offer
Female,No,No,No,Yes,No,No,No internet service,No internet service,No internet service,No internet service,No internet service,No internet service,Month-to-month,No,Credit card (automatic),19.45,232.1,No,1,0,0,0,0,0,0,0,1,Below 3 years,0.29687205,68.9040027052164,Low Risk,Promote long-term contract
Male,No,No,No,Yes,Yes,Fiber optic,No,Yes,No,No,No,No,Month-to-month,Yes,Electronic check,82.0,184.65,Yes,1,1,0,1,0,0,0,0,3,Below 1 year,0.88343877,163.12696814239027,High Risk - High Value,Priority retention offer
Female,No,No,No,Yes,Yes,Fiber optic,No,No,No,No,No,No,Month-to-month,No,Electronic check,72.65,1194.3,Yes,1,1,0,0,0,0,0,0,2,Below 3 years,0.74460155,889.2776284396648,High Risk - General,Promote security service
Male,Yes,Yes,No,Yes,No,Fiber optic,Yes,Yes,No,No,No,Yes,Month-to-month,Yes,Electronic check,90.0,2024.1,No,1,0,1,1,0,0,0,1,4,Below 3 years,0.69667196,1410.1337197780608,Medium Risk,Offer technical support
Male,No,No,No,Yes,Yes,Fiber optic,Yes,Yes,No,No,Yes,No,One year,Yes,Electronic check,94.8,4837.6,Yes,1,1,1,1,0,0,1,0,5,Below 5 years,0.24597481,1189.9277356863022,Low Risk,Offer technical support
Male,No,Yes,No,Yes,No,No,No internet service,No internet service,No internet service,No internet service,No internet service,No internet service,One year,No,Bank transfer (automatic),20.85,720.05,No,1,0,0,0,0,0,0,0,1,Below 5 years,0.1091017,78.55867750272154,Low Risk,Standard engagement
Male,No,No,Yes,Yes,No,No,No internet service,No internet service,No internet service,No internet service,No internet service,No internet service,Month-to-month,Yes,Mailed check,19.45,19.45,Yes,1,0,0,0,0,0,0,0,1,Below 1 year,0.5593343,10.87905170917511,Medium Risk,Promote long-term contract
Female,No,Yes,Yes,Yes,No,Fiber optic,No,Yes,No,No,No,No,Month-to-month,Yes,Bank transfer (automatic),74.05,1565.7,Yes,1,0,0,1,0,0,0,0,2,Below 3 years,0.5331932,834.8205478727817,Medium Risk,Promote security service
Male,No,Yes,No,Yes,Yes,Fiber optic,No,Yes,No,No,Yes,Yes,Month-to-month,Yes,Electronic check,101.3,4113.1,Yes,1,1,0,1,0,0,1,1,5,Below 5 years,0.7812324,3213.287052839995,High Risk - High Value,Priority retention offer
Male,No,No,No,Yes,No,No,No internet service,No internet service,No internet service,No internet service,No internet service,No internet service,Month-to-month,No,Bank transfer (automatic),19.75,19.75,No,1,0,0,0,0,0,0,0,1,Below 1 year,0.52348673,10.338862985372543,Medium Risk,Promote long-term contract
Male,No,No,No,Yes,Yes,Fiber optic,No,Yes,No,No,No,No,Month-to-month,Yes,Bank transfer (automatic),80.7,788.8,Yes,1,1,0,1,0,0,0,0,3,Below 1 year,0.7166041,565.2573247909546,High Risk - High Value,Priority retention offer
Female,No,Yes,Yes,Yes,No,Fiber optic,No,No,Yes,No,Yes,Yes,One year,Yes,Electronic check,93.8,3124.5,Yes,1,0,0,0,1,0,1,1,4,Below 3 years,0.4441551,1387.7626006007195,Medium Risk,Promote security service
Female,No,No,No,Yes,No,No,No internet service,No internet service,No internet service,No internet service,No internet service,No internet service,Month-to-month,Yes,Mailed check,20.05,39.25,No,1,0,0,0,0,0,0,0,1,Below 1 year,0.41955185,16.46741008758545,Medium Risk,Promote long-term contract
Male,Yes,Yes,No,Yes,Yes,Fiber optic,Yes,No,No,No,No,Yes,One year,Yes,Electronic check,89.05,2177.45,Yes,1,1,1,0,0,0,0,1,4,Below 3 years,0.36600104,796.9489639893173,Low Risk,Offer technical support
Female,No,Yes,Yes,Yes,Yes,Fiber optic,No,Yes,Yes,No,Yes,Yes,One year,Yes,Electronic check,106.15,6256.2,No,1,1,0,1,1,0,1,1,6,Below 5 years,0.5422041,3392.1371778845787,Medium Risk,Promote security service
Female,Yes,Yes,No,Yes,Yes,Fiber optic,No,No,Yes,No,No,No,Month-to-month,No,Electronic check,79.2,172.85,Yes,1,1,0,0,1,0,0,0,3,Below 1 year,0.89027905,153.88473459482194,High Risk - High Value,Priority retention offer
Female,No,Yes,Yes,No,No phone service,DSL,Yes,Yes,Yes,No,Yes,Yes,Month-to-month,Yes,Credit card (automatic),58.6,1502.65,Yes,0,0,1,1,1,0,1,1,5,Below 3 years,0.40870038,614.1336211219431,Medium Risk,Offer technical support
Female,No,No,Yes,Yes,Yes,DSL,Yes,Yes,No,Yes,Yes,No,Month-to-month,Yes,Mailed check,75.9,1375.6,No,1,1,1,1,0,1,1,0,6,Below 3 years,0.23732466,326.46379549503325,Low Risk,Promote long-term contract
Female,No,No,No,Yes,No,Fiber optic,No,No,No,No,Yes,Yes,Month-to-month,Yes,Electronic check,89.5,573.3,Yes,1,0,0,0,0,0,1,1,3,Below 1 year,0.8847967,507.25393608212465,High Risk - High Value,Priority retention offer
Female,Yes,No,No,Yes,Yes,Fiber optic,No,No,No,No,No,Yes,Month-to-month,Yes,Electronic check,84.45,762.5,Yes,1,1,0,0,0,0,0,1,3,Below 1 year,0.86731714,661.3293193280697,High Risk - High Value,Priority retention offer
Female,No,Yes,Yes,Yes,Yes,Fiber optic,Yes,No,Yes,No,Yes,No,Month-to-month,No,Electronic check,94.4,1607.2,Yes,1,1,1,0,1,0,1,0,5,Below 3 years,0.73064095,1174.2861313343049,High Risk - High Value,Priority retention offer
Male,No,No,No,Yes,No,DSL,No,No,No,No,No,No,Month-to-month,No,Mailed check,46.0,492.1,No,1,0,0,0,0,0,0,0,1,Below 1 year,0.4415901,217.30648846924305,Medium Risk,Promote security service
Female,No,Yes,Yes,Yes,No,DSL,Yes,Yes,Yes,No,No,Yes,Two year,No,Credit card (automatic),68.75,4888.2,No,1,0,1,1,1,0,0,1,5,oldest Customers,0.06050759,295.7732103042304,Low Risk,Offer technical support
Female,No,No,Yes,Yes,No,DSL,No,Yes,No,Yes,No,No,One year,Yes,Credit card (automatic),54.75,1266.35,No,1,0,0,1,0,1,0,0,3,Below 3 years,0.19126703,242.21100147888063,Low Risk,Promote security service
Female,No,Yes,Yes,Yes,Yes,DSL,No,No,No,No,No,No,Month-to-month,No,Mailed check,50.85,239.55,Yes,1,1,0,0,0,0,0,0,2,Below 1 year,0.62263376,149.15191605985166,Medium Risk,Promote security service
Male,No,Yes,Yes,Yes,Yes,Fiber optic,No,Yes,No,Yes,Yes,Yes,Month-to-month,No,Electronic check,103.7,5071.05,Yes,1,1,0,1,0,1,1,1,6,Below 5 years,0.592561,3004.9064922451976,Medium Risk,Promote security service
Female,No,Yes,Yes,Yes,Yes,Fiber optic,No,No,No,No,No,Yes,Month-to-month,Yes,Electronic check,85.95,381.3,Yes,1,1,0,0,0,0,0,1,3,Below 1 year,0.88073164,335.82297518849373,High Risk - High Value,Priority retention offer
Female,No,No,No,Yes,Yes,Fiber optic,No,No,No,No,No,Yes,Month-to-month,Yes,Electronic check,83.35,2757.85,Yes,1,1,0,0,0,0,0,1,3,Below 3 years,0.762047,2101.611299034953,High Risk - High Value,Priority retention offer
Female,No,Yes,Yes,Yes,Yes,Fiber optic,Yes,Yes,Yes,Yes,Yes,Yes,Two year,Yes,Credit card (automatic),116.4,8543.25,No,1,1,1,1,1,1,1,1,8,oldest Customers,0.08072848,689.6835759077221,Low Risk,Standard engagement
Female,No,No,No,Yes,No,Fiber optic,No,Yes,No,No,No,Yes,Month-to-month,Yes,Electronic check,86.25,1340.1,No,1,0,0,1,0,0,0,1,3,Below 3 years,0.78051823,1045.9724850833416,High Risk - High Value,Priority retention offer
Female,No,Yes,No,Yes,Yes,Fiber optic,No,No,No,No,Yes,No,Month-to-month,Yes,Electronic check,86.5,582.5,Yes,1,1,0,0,0,0,1,0,3,Below 1 year,0.88164043,513.5555529594421,High Risk - High Value,Priority retention offer
Female,No,Yes,Yes,Yes,Yes,Fiber optic,No,No,No,No,No,Yes,One year,Yes,Mailed check,82.05,4029.95,Yes,1,1,0,0,0,0,0,1,3,Below 5 years,0.35186133,1417.9835583165288,Low Risk,Promote security service
Male,No,No,No,Yes,No,Fiber optic,No,No,No,No,No,No,Month-to-month,Yes,Electronic check,69.1,435.0,No,1,0,0,0,0,0,0,0,1,Below 1 year,0.7980426,347.14852899312973,High Risk - New Customer,Onboarding intervention
Female,No,No,No,Yes,Yes,Fiber optic,Yes,Yes,Yes,No,Yes,Yes,Month-to-month,Yes,Mailed check,109.8,3587.25,Yes,1,1,1,1,1,0,1,1,7,Below 3 years,0.60585964,2173.3699837625027,Medium Risk,Offer technical support
Male,No,No,No,No,No phone service,DSL,Yes,Yes,Yes,Yes,Yes,Yes,Two year,Yes,Bank transfer (automatic),65.55,4807.45,No,0,0,1,1,1,1,1,1,6,oldest Customers,0.05663649,272.27709350325165,Low Risk,Standard engagement
Male,No,No,No,Yes,No,Fiber optic,No,No,No,No,No,No,Month-to-month,Yes,Mailed check,71.35,71.35,Yes,1,0,0,0,0,0,0,0,1,Below 1 year,0.8493726,60.60273681879043,High Risk - New Customer,Onboarding intervention
Male,No,Yes,Yes,Yes,Yes,Fiber optic,Yes,Yes,Yes,Yes,Yes,Yes,Two year,No,Credit card (automatic),114.75,7842.3,No,1,1,1,1,1,1,1,1,8,oldest Customers,0.2001886,1569.9391124993563,Low Risk,Standard engagement
Female,No,Yes,No,Yes,Yes,DSL,No,No,Yes,No,Yes,Yes,One year,No,Bank transfer (automatic),75.7,3876.2,No,1,1,0,0,1,0,1,1,5,Below 5 years,0.23600976,914.8210382670163,Low Risk,Promote security service
Female,No,No,No,Yes,No,No,No internet service,No internet service,No internet service,No internet service,No internet service,No internet service,Month-to-month,No,Mailed check,19.5,19.5,Yes,1,0,0,0,0,0,0,0,1,Below 1 year,0.52475184,10.232660919427872,Medium Risk,Promote long-term contract
Female,No,Yes,Yes,Yes,No,Fiber optic,No,Yes,No,No,Yes,Yes,One year,Yes,Electronic check,95.0,5535.8,No,1,0,0,1,0,0,1,1,4,Below 5 years,0.40405327,2236.758096587658,Medium Risk,Promote security service
Male,No,Yes,No,No,No phone service,DSL,Yes,Yes,Yes,No,No,No,One year,Yes,Electronic check,42.35,1716.45,Yes,0,0,1,1,1,0,0,0,3,Below 5 years,0.21071401,361.6800665572286,Low Risk,Offer technical support
Male,Yes,No,No,Yes,Yes,Fiber optic,No,No,No,No,Yes,Yes,Month-to-month,Yes,Electronic check,93.85,196.75,Yes,1,1,0,0,0,0,1,1,4,Below 1 year,0.9142873,179.88603192567825,High Risk - High Value,Priority retention offer
Male,Yes,No,No,Yes,No,Fiber optic,No,No,Yes,No,Yes,Yes,Month-to-month,Yes,Credit card (automatic),95.9,1777.9,Yes,1,0,0,0,1,0,1,1,4,Below 3 years,0.73919916,1314.222189283371,High Risk - High Value,Priority retention offer
Female,No,No,Yes,Yes,No,No,No internet service,No internet service,No internet service,No internet service,No internet service,No internet service,Month-to-month,Yes,Bank transfer (automatic),20.05,85.5,No,1,0,0,0,0,0,0,0,1,Below 1 year,0.32806602,28.04964481294155,Low Risk,Promote long-term contract
Female,No,Yes,Yes,Yes,No,DSL,No,No,No,No,No,No,Month-to-month,Yes,Electronic check,45.7,45.7,Yes,1,0,0,0,0,0,0,0,1,Below 1 year,0.85957456,39.28255722522736,High Risk - New Customer,Onboarding intervention
Female,No,No,No,Yes,Yes,Fiber optic,Yes,Yes,Yes,Yes,Yes,Yes,Two year,No,Credit card (automatic),115.05,4895.1,No,1,1,1,1,1,1,1,1,8,Below 5 years,0.1757899,860.5091036260129,Low Risk,Standard engagement
Female,Yes,Yes,No,Yes,Yes,Fiber optic,No,No,Yes,No,Yes,No,Month-to-month,No,Electronic check,90.8,1951.0,Yes,1,1,0,0,1,0,1,0,4,Below 3 years,0.773082,1508.2830169200897,High Risk - High Value,Priority retention offer
Female,No,No,No,Yes,Yes,Fiber optic,Yes,Yes,No,No,No,No,Month-to-month,No,Mailed check,84.25,3847.6,No,1,1,1,1,0,0,0,0,4,Below 5 years,0.3434068,1321.2919900417328,Low Risk,Offer technical support
Male,No,Yes,Yes,Yes,No,DSL,No,No,Yes,Yes,No,No,Month-to-month,No,Mailed check,54.35,1647.0,No,1,0,0,0,1,1,0,0,3,Below 3 years,0.21927764,361.15026520192623,Low Risk,Promote security service
Male,No,No,No,Yes,Yes,Fiber optic,No,Yes,Yes,No,Yes,Yes,Month-to-month,Yes,Electronic check,105.7,2979.5,Yes,1,1,0,1,1,0,1,1,6,Below 3 years,0.8168673,2433.8560962975025,High Risk - High Value,Priority retention offer
Female,No,No,No,No,No phone service,DSL,No,No,Yes,No,Yes,Yes,Month-to-month,Yes,Electronic check,47.95,305.1,Yes,0,0,0,0,1,0,1,1,3,Below 1 year,0.7902075,241.09230984449388,High Risk - New Customer,Onboarding intervention
Male,Yes,Yes,No,Yes,No,Fiber optic,No,No,No,No,No,Yes,Month-to-month,No,Electronic check,78.55,1422.65,Yes,1,0,0,0,0,0,0,1,2,Below 3 years,0.75148404,1069.098764449358,High Risk - High Value,Priority retention offer
Female,Yes,No,No,Yes,No,Fiber optic,No,No,Yes,No,Yes,Yes,Month-to-month,Yes,Electronic check,92.1,729.95,Yes,1,0,0,0,1,0,1,1,4,Below 1 year,0.87250584,636.885640564561,High Risk - High Value,Priority retention offer
Male,No,Yes,Yes,Yes,No,DSL,No,No,No,No,No,No,Month-to-month,No,Bank transfer (automatic),44.8,559.2,No,1,0,0,0,0,0,0,0,1,Below 3 years,0.44441545,248.51711969375611,Medium Risk,Promote security service
Female,No,Yes,Yes,Yes,No,No,No internet service,No internet service,No internet service,No internet service,No internet service,No internet service,Two year,Yes,Mailed check,19.95,756.4,No,1,0,0,0,0,0,0,0,1,Below 5 years,0.05183281,39.206337517499925,Low Risk,Standard engagement
Female,No,Yes,Yes,Yes,Yes,Fiber optic,Yes,Yes,No,No,Yes,Yes,Month-to-month,Yes,Bank transfer (automatic),104.1,5645.8,No,1,1,1,1,0,0,1,1,6,Below 5 years,0.52341884,2955.118108022213,Medium Risk,Offer technical support
Female,No,No,No,Yes,Yes,Fiber optic,No,Yes,No,No,No,No,Month-to-month,Yes,Bank transfer (automatic),78.55,522.95,No,1,1,0,1,0,0,0,0,3,Below 1 year,0.77773666,406.7173883438111,High Risk - High Value,Priority retention offer
Female,Yes,Yes,No,Yes,No,Fiber optic,No,No,No,No,Yes,No,Month-to-month,Yes,Electronic check,80.4,224.05,Yes,1,0,0,0,0,0,1,0,2,Below 1 year,0.88633484,198.58332011401654,High Risk - High Value,Priority retention offer
Male,No,No,No,Yes,No,DSL,Yes,No,Yes,Yes,No,No,Two year,Yes,Electronic check,59.2,3175.85,No,1,0,1,0,1,1,0,0,4,Below 5 years,0.1260846,400.4257639482617,Low Risk,Standard engagement
Male,No,No,No,Yes,Yes,Fiber optic,No,No,No,Yes,Yes,Yes,One year,Yes,Electronic check,100.0,4211.55,Yes,1,1,0,0,0,1,1,1,5,Below 5 years,0.54824114,2308.944966673851,Medium Risk,Promote security service
Male,No,Yes,No,Yes,Yes,DSL,Yes,Yes,Yes,Yes,No,Yes,Two year,No,Bank transfer (automatic),78.85,5763.15,No,1,1,1,1,1,1,0,1,7,oldest Customers,0.0588246,339.0149865120649,Low Risk,Standard engagement
Male,No,Yes,Yes,Yes,No,DSL,Yes,Yes,No,Yes,Yes,No,Two year,No,Bank transfer (automatic),68.4,4855.35,No,1,0,1,1,0,1,1,0,5,oldest Customers,0.056625403,274.9361527081579,Low Risk,Standard engagement
Female,Yes,Yes,No,Yes,Yes,Fiber optic,No,Yes,No,No,Yes,No,Month-to-month,Yes,Credit card (automatic),91.95,3301.05,No,1,1,0,1,0,0,1,0,4,Below 5 years,0.5818845,1920.8298398315908,Medium Risk,Promote security service
Male,No,No,No,Yes,No,No,No internet service,No internet service,No internet service,No internet service,No internet service,No internet service,One year,No,Credit card (automatic),19.8,457.3,No,1,0,0,0,0,0,0,0,1,Below 3 years,0.096454725,44.10874559134245,Low Risk,Standard engagement
Male,Yes,No,No,Yes,No,Fiber optic,No,No,No,No,Yes,Yes,Month-to-month,Yes,Mailed check,89.55,3856.75,Yes,1,0,0,0,0,0,1,1,3,Below 5 years,0.6007771,2317.047040298581,Medium Risk,Promote security service
Female,No,No,No,Yes,No,DSL,No,No,No,No,No,No,Month-to-month,Yes,Electronic check,44.1,44.1,Yes,1,0,0,0,0,0,0,0,1,Below 1 year,0.84933555,37.45569781064987,High Risk - New Customer,Onboarding intervention
